2026-08-07 15:08:41,159 - DEBUG - findfont: Matching sans\-serif:style=normal:variant=normal:weight=normal:stretch=normal:size=10.0.
2026-08-07 15:08:41,165 - DEBUG - findfont: score(FontEntry(fname='C:\\Users\\W0491597\\Documents\\Arun\\TreeAIBox (2)\\TreeAIBox\\.conda\\Lib\\site-packages\\matplotlib\\mpl-data\\fonts\\ttf\\DejaVuSerif.ttf', index=0, name='DejaVu Serif', style='normal', variant='normal', weight=400, stretch='normal', size='scalable')) = 10.05
2026-08-07 15:08:41,165 - DEBUG - findfont: score(FontEntry(fname='C:\\Users\\W0491597\\Documents\\Arun\\TreeAIBox (2)\\TreeAIBox\\.conda\\Lib\\site-packages\\matplotlib\\mpl-data\\fonts\\ttf\\STIXSizThreeSymReg.ttf', index=0, name='STIXSizeThreeSym', style='normal', variant='normal', weight=400, stretch='normal', size='scalable')) = 10.05
2026-08-07 15:08:41,174 - DEBUG - findfont: score(FontEntry(fname='C:\\Users\\W0491597\\Documents\\Arun\\TreeAIBox (2)\\TreeAIBox\\.conda\\Lib\\site-packages\\matplotlib\\mpl-data\\fonts\\ttf\\STIXGeneralItalic.ttf', index=0, name='STIXGeneral', style='italic', variant='normal', weight=400, stretch='normal', size='scalable')) = 11.05
2026-08-07 15:08:41,174 - DEBUG - findfont: score(FontEntry(fname='C:\\Users\\W0491597\\Documents\\Arun\\TreeAIBox (2)\\TreeAIBox\\.conda\\Lib\\site-packages\\matplotlib\\mpl-data\\fonts\\ttf\\DejaVuSansMono-Bold.ttf', index=0, name='DejaVu Sans Mono', style='normal', variant='normal', weight=700, stretch='normal', size='scalable')) = 10.335
2026-08-07 15:08:41,174 - DEBUG - findfont: score(FontEntry(fname='C:\\Users\\W0491597\\Documents\\Arun\\TreeAIBox (2)\\TreeAIBox\\.conda\\Lib\\site-packages\\matplotlib\\mpl-data\\fonts\\ttf\\DejaVuSerif-BoldItalic.ttf', index=0, name='DejaVu Serif', style='italic', variant='normal', weight=700, stretch='normal', size='scalable')) = 11.335
2026-08-07 15:08:41,174 - DEBUG - findfont: score(FontEntry(fname='C:\\Users\\W0491597\\Documents\\Arun\\TreeAIBox (2)\\TreeAIBox\\.conda\\Lib\\site-packages\\matplotlib\\mpl-data\\fonts\\ttf\\DejaVuSerif-Bold.ttf', index=0, name='DejaVu Serif', style='normal', variant='normal', weight=700, stretch='normal', size='scalable')) = 10.335
2026-08-07 15:08:41,174 - DEBUG - findfont: score(FontEntry(fname='C:\\Users\\W0491597\\Documents\\Arun\\TreeAIBox (2)\\TreeAIBox\\.conda\\Lib\\site-packages\\matplotlib\\mpl-data\\fonts\\ttf\\cmti10.ttf', index=0, name='cmti10', style='normal', variant='normal', weight=400, stretch='normal', size='scalable')) = 10.05
2026-08-07 15:08:41,174 - DEBUG - findfont: score(FontEntry(fname='C:\\Users\\W0491597\\Documents\\Arun\\TreeAIBox (2)\\TreeAIBox\\.conda\\Lib\\site-packages\\matplotlib\\mpl-data\\fonts\\ttf\\LastResortHE-Regular.ttf', index=0, name='Last Resort High-Efficiency', style='normal', variant='normal', weight=400, stretch='normal', size='scalable')) = 10.05
2026-08-07 15:08:41,174 - DEBUG - findfont: score(FontEntry(fname='C:\\Users\\W0491597\\Documents\\Arun\\TreeAIBox (2)\\TreeAIBox\\.conda\\Lib\\site-packages\\matplotlib\\mpl-data\\fonts\\ttf\\STIXSizFiveSymReg.ttf', index=0, name='STIXSizeFiveSym', style='normal', variant='normal', weight=400, stretch='normal', size='scalable')) = 10.05
2026-08-07 15:08:41,174 - DEBUG - findfont: score(FontEntry(fname='C:\\Users\\W0491597\\Documents\\Arun\\TreeAIBox (2)\\TreeAIBox\\.conda\\Lib\\site-packages\\matplotlib\\mpl-data\\fonts\\ttf\\cmss10.ttf', index=0, name='cmss10', style='normal', variant='normal', weight=400, stretch='normal', size='scalable')) = 10.05
2026-08-07 15:08:41,174 - DEBUG - findfont: score(FontEntry(fname='C:\\Users\\W0491597\\Documents\\Arun\\TreeAIBox (2)\\TreeAIBox\\.conda\\Lib\\site-packages\\matplotlib\\mpl-data\\fonts\\ttf\\cmmi10.ttf', index=0, name='cmmi10', style='normal', variant='normal', weight=400, stretch='normal', size='scalable')) = 10.05
2026-08-07 15:08:41,174 - DEBUG - findfont: score(FontEntry(fname='C:\\Users\\W0491597\\Documents\\Arun\\TreeAIBox (2)\\TreeAIBox\\.conda\\Lib\\site-packages\\matplotlib\\mpl-data\\fonts\\ttf\\STIXNonUniBolIta.ttf', index=0, name='STIXNonUnicode', style='italic', variant='normal', weight=700, stretch='normal', size='scalable')) = 11.335
2026-08-07 15:08:41,174 - DEBUG - findfont: score(FontEntry(fname='C:\\Users\\W0491597\\Documents\\Arun\\TreeAIBox (2)\\TreeAIBox\\.conda\\Lib\\site-packages\\matplotlib\\mpl-data\\fonts\\ttf\\STIXNonUniIta.ttf', index=0, name='STIXNonUnicode', style='italic', variant='normal', weight=400, stretch='normal', size='scalable')) = 11.05
2026-08-07 15:08:41,174 - DEBUG - findfont: score(FontEntry(fname='C:\\Users\\W0491597\\Documents\\Arun\\TreeAIBox (2)\\TreeAIBox\\.conda\\Lib\\site-packages\\matplotlib\\mpl-data\\fonts\\ttf\\DejaVuSansMono.ttf', index=0, name='DejaVu Sans Mono', style='normal', variant='normal', weight=400, stretch='normal', size='scalable')) = 10.05
2026-08-07 15:08:41,174 - DEBUG - findfont: score(FontEntry(fname='C:\\Users\\W0491597\\Documents\\Arun\\TreeAIBox (2)\\TreeAIBox\\.conda\\Lib\\site-packages\\matplotlib\\mpl-data\\fonts\\ttf\\DejaVuSansMono-Oblique.ttf', index=0, name='DejaVu Sans Mono', style='oblique', variant='normal', weight=400, stretch='normal', size='scalable')) = 11.05
2026-08-07 15:08:41,174 - DEBUG - findfont: score(FontEntry(fname='C:\\Users\\W0491597\\Documents\\Arun\\TreeAIBox (2)\\TreeAIBox\\.conda\\Lib\\site-packages\\matplotlib\\mpl-data\\fonts\\ttf\\STIXSizThreeSymBol.ttf', index=0, name='STIXSizeThreeSym', style='normal', variant='normal', weight=700, stretch='normal', size='scalable')) = 10.335
2026-08-07 15:08:41,174 - DEBUG - findfont: score(FontEntry(fname='C:\\Users\\W0491597\\Documents\\Arun\\TreeAIBox (2)\\TreeAIBox\\.conda\\Lib\\site-packages\\matplotlib\\mpl-data\\fonts\\ttf\\STIXGeneralBolIta.ttf', index=0, name='STIXGeneral', style='italic', variant='normal', weight=700, stretch='normal', size='scalable')) = 11.335
2026-08-07 15:08:41,174 - DEBUG - findfont: score(FontEntry(fname='C:\\Users\\W0491597\\Documents\\Arun\\TreeAIBox (2)\\TreeAIBox\\.conda\\Lib\\site-packages\\matplotlib\\mpl-data\\fonts\\ttf\\cmsy10.ttf', index=0, name='cmsy10', style='normal', variant='normal', weight=400, stretch='normal', size='scalable')) = 10.05
2026-08-07 15:08:41,176 - DEBUG - findfont: score(FontEntry(fname='C:\\Users\\W0491597\\Documents\\Arun\\TreeAIBox (2)\\TreeAIBox\\.conda\\Lib\\site-packages\\matplotlib\\mpl-data\\fonts\\ttf\\cmtt10.ttf', index=0, name='cmtt10', style='normal', variant='normal', weight=400, stretch='normal', size='scalable')) = 10.05
2026-08-07 15:08:41,176 - DEBUG - findfont: score(FontEntry(fname='C:\\Users\\W0491597\\Documents\\Arun\\TreeAIBox (2)\\TreeAIBox\\.conda\\Lib\\site-packages\\matplotlib\\mpl-data\\fonts\\ttf\\DejaVuSans-BoldOblique.ttf', index=0, name='DejaVu Sans', style='oblique', variant='normal', weight=700, stretch='normal', size='scalable')) = 1.335
2026-08-07 15:08:41,176 - DEBUG - findfont: score(FontEntry(fname='C:\\Users\\W0491597\\Documents\\Arun\\TreeAIBox (2)\\TreeAIBox\\.conda\\Lib\\site-packages\\matplotlib\\mpl-data\\fonts\\ttf\\STIXSizTwoSymBol.ttf', index=0, name='STIXSizeTwoSym', style='normal', variant='normal', weight=700, stretch='normal', size='scalable')) = 10.335
2026-08-07 15:08:41,176 - DEBUG - findfont: score(FontEntry(fname='C:\\Users\\W0491597\\Documents\\Arun\\TreeAIBox (2)\\TreeAIBox\\.conda\\Lib\\site-packages\\matplotlib\\mpl-data\\fonts\\ttf\\DejaVuSans-Oblique.ttf', index=0, name='DejaVu Sans', style='oblique', variant='normal', weight=400, stretch='normal', size='scalable')) = 1.05
2026-08-07 15:08:41,176 - DEBUG - findfont: score(FontEntry(fname='C:\\Users\\W0491597\\Documents\\Arun\\TreeAIBox (2)\\TreeAIBox\\.conda\\Lib\\site-packages\\matplotlib\\mpl-data\\fonts\\ttf\\DejaVuSansDisplay.ttf', index=0, name='DejaVu Sans Display', style='normal', variant='normal', weight=400, stretch='normal', size='scalable')) = 10.05
2026-08-07 15:08:41,176 - DEBUG - findfont: score(FontEntry(fname='C:\\Users\\W0491597\\Documents\\Arun\\TreeAIBox (2)\\TreeAIBox\\.conda\\Lib\\site-packages\\matplotlib\\mpl-data\\fonts\\ttf\\DejaVuSerifDisplay.ttf', index=0, name='DejaVu Serif Display', style='normal', variant='normal', weight=400, stretch='normal', size='scalable')) = 10.05
2026-08-07 15:08:41,176 - DEBUG - findfont: score(FontEntry(fname='C:\\Users\\W0491597\\Documents\\Arun\\TreeAIBox (2)\\TreeAIBox\\.conda\\Lib\\site-packages\\matplotlib\\mpl-data\\fonts\\ttf\\DejaVuSansMono-BoldOblique.ttf', index=0, name='DejaVu Sans Mono', style='oblique', variant='normal', weight=700, stretch='normal', size='scalable')) = 11.335
2026-08-07 15:08:41,176 - DEBUG - findfont: score(FontEntry(fname='C:\\Users\\W0491597\\Documents\\Arun\\TreeAIBox (2)\\TreeAIBox\\.conda\\Lib\\site-packages\\matplotlib\\mpl-data\\fonts\\ttf\\DejaVuSerif-Italic.ttf', index=0, name='DejaVu Serif', style='italic', variant='normal', weight=400, stretch='normal', size='scalable')) = 11.05
2026-08-07 15:08:41,176 - DEBUG - findfont: score(FontEntry(fname='C:\\Users\\W0491597\\Documents\\Arun\\TreeAIBox (2)\\TreeAIBox\\.conda\\Lib\\site-packages\\matplotlib\\mpl-data\\fonts\\ttf\\cmb10.ttf', index=0, name='cmb10', style='normal', variant='normal', weight=400, stretch='normal', size='scalable')) = 10.05
2026-08-07 15:08:41,176 - DEBUG - findfont: score(FontEntry(fname='C:\\Users\\W0491597\\Documents\\Arun\\TreeAIBox (2)\\TreeAIBox\\.conda\\Lib\\site-packages\\matplotlib\\mpl-data\\fonts\\ttf\\cmr10.ttf', index=0, name='cmr10', style='normal', variant='normal', weight=400, stretch='normal', size='scalable')) = 10.05
2026-08-07 15:08:41,176 - DEBUG - findfont: score(FontEntry(fname='C:\\Users\\W0491597\\Documents\\Arun\\TreeAIBox (2)\\TreeAIBox\\.conda\\Lib\\site-packages\\matplotlib\\mpl-data\\fonts\\ttf\\STIXGeneralBol.ttf', index=0, name='STIXGeneral', style='normal', variant='normal', weight=700, stretch='normal', size='scalable')) = 10.335
2026-08-07 15:08:41,176 - DEBUG - findfont: score(FontEntry(fname='C:\\Users\\W0491597\\Documents\\Arun\\TreeAIBox (2)\\TreeAIBox\\.conda\\Lib\\site-packages\\matplotlib\\mpl-data\\fonts\\ttf\\STIXSizOneSymBol.ttf', index=0, name='STIXSizeOneSym', style='normal', variant='normal', weight=700, stretch='normal', size='scalable')) = 10.335
2026-08-07 15:08:41,176 - DEBUG - findfont: score(FontEntry(fname='C:\\Users\\W0491597\\Documents\\Arun\\TreeAIBox (2)\\TreeAIBox\\.conda\\Lib\\site-packages\\matplotlib\\mpl-data\\fonts\\ttf\\STIXSizOneSymReg.ttf', index=0, name='STIXSizeOneSym', style='normal', variant='normal', weight=400, stretch='normal', size='scalable')) = 10.05
2026-08-07 15:08:41,176 - DEBUG - findfont: score(FontEntry(fname='C:\\Users\\W0491597\\Documents\\Arun\\TreeAIBox (2)\\TreeAIBox\\.conda\\Lib\\site-packages\\matplotlib\\mpl-data\\fonts\\ttf\\STIXGeneral.ttf', index=0, name='STIXGeneral', style='normal', variant='normal', weight=400, stretch='normal', size='scalable')) = 10.05
2026-08-07 15:08:41,176 - DEBUG - findfont: score(FontEntry(fname='C:\\Users\\W0491597\\Documents\\Arun\\TreeAIBox (2)\\TreeAIBox\\.conda\\Lib\\site-packages\\matplotlib\\mpl-data\\fonts\\ttf\\STIXNonUniBol.ttf', index=0, name='STIXNonUnicode', style='normal', variant='normal', weight=700, stretch='normal', size='scalable')) = 10.335
2026-08-07 15:08:41,176 - DEBUG - findfont: score(FontEntry(fname='C:\\Users\\W0491597\\Documents\\Arun\\TreeAIBox (2)\\TreeAIBox\\.conda\\Lib\\site-packages\\matplotlib\\mpl-data\\fonts\\ttf\\STIXNonUni.ttf', index=0, name='STIXNonUnicode', style='normal', variant='normal', weight=400, stretch='normal', size='scalable')) = 10.05
2026-08-07 15:08:41,176 - DEBUG - findfont: score(FontEntry(fname='C:\\Users\\W0491597\\Documents\\Arun\\TreeAIBox (2)\\TreeAIBox\\.conda\\Lib\\site-packages\\matplotlib\\mpl-data\\fonts\\ttf\\DejaVuSans-Bold.ttf', index=0, name='DejaVu Sans', style='normal', variant='normal', weight=700, stretch='normal', size='scalable')) = 0.33499999999999996
2026-08-07 15:08:41,176 - DEBUG - findfont: score(FontEntry(fname='C:\\Users\\W0491597\\Documents\\Arun\\TreeAIBox (2)\\TreeAIBox\\.conda\\Lib\\site-packages\\matplotlib\\mpl-data\\fonts\\ttf\\DejaVuSans.ttf', index=0, name='DejaVu Sans', style='normal', variant='normal', weight=400, stretch='normal', size='scalable')) = 0.05
2026-08-07 15:08:41,176 - DEBUG - findfont: score(FontEntry(fname='C:\\Users\\W0491597\\Documents\\Arun\\TreeAIBox (2)\\TreeAIBox\\.conda\\Lib\\site-packages\\matplotlib\\mpl-data\\fonts\\ttf\\STIXSizFourSymReg.ttf', index=0, name='STIXSizeFourSym', style='normal', variant='normal', weight=400, stretch='normal', size='scalable')) = 10.05
2026-08-07 15:08:41,176 - DEBUG - findfont: score(FontEntry(fname='C:\\Users\\W0491597\\Documents\\Arun\\TreeAIBox (2)\\TreeAIBox\\.conda\\Lib\\site-packages\\matplotlib\\mpl-data\\fonts\\ttf\\STIXSizFourSymBol.ttf', index=0, name='STIXSizeFourSym', style='normal', variant='normal', weight=700, stretch='normal', size='scalable')) = 10.335
2026-08-07 15:08:41,176 - DEBUG - findfont: score(FontEntry(fname='C:\\Users\\W0491597\\Documents\\Arun\\TreeAIBox (2)\\TreeAIBox\\.conda\\Lib\\site-packages\\matplotlib\\mpl-data\\fonts\\ttf\\STIXSizTwoSymReg.ttf', index=0, name='STIXSizeTwoSym', style='normal', variant='normal', weight=400, stretch='normal', size='scalable')) = 10.05
2026-08-07 15:08:41,178 - DEBUG - findfont: score(FontEntry(fname='C:\\Users\\W0491597\\Documents\\Arun\\TreeAIBox (2)\\TreeAIBox\\.conda\\Lib\\site-packages\\matplotlib\\mpl-data\\fonts\\ttf\\cmex10.ttf', index=0, name='cmex10', style='normal', variant='normal', weight=400, stretch='normal', size='scalable')) = 10.05
2026-08-07 15:08:41,178 - DEBUG - findfont: score(FontEntry(fname='C:\\Windows\\Fonts\\ENGR.TTF', index=0, name='Engravers MT', style='normal', variant='normal', weight=500, stretch='normal', size='scalable')) = 10.145
2026-08-07 15:08:41,178 - DEBUG - findfont: score(FontEntry(fname='C:\\Windows\\Fonts\\STENCIL.TTF', index=0, name='Stencil', style='normal', variant='normal', weight=400, stretch='normal', size='scalable')) = 10.05
2026-08-07 15:08:41,178 - DEBUG - findfont: score(FontEntry(fname='C:\\Windows\\Fonts\\LTYPEBO.TTF', index=0, name='Lucida Sans Typewriter', style='oblique', variant='normal', weight=600, stretch='normal', size='scalable')) = 11.24
2026-08-07 15:08:41,178 - DEBUG - findfont: score(FontEntry(fname='C:\\Windows\\Fonts\\Mapis___.ttf', index=0, name='MapInfo Shields', style='normal', variant='normal', weight=400, stretch='normal', size='scalable')) = 10.05
2026-08-07 15:08:41,178 - DEBUG - findfont: score(FontEntry(fname='C:\\Windows\\Fonts\\SimsunExtG.ttf', index=0, name='SimSun-ExtG', style='normal', variant='normal', weight=400, stretch='normal', size='scalable')) = 10.05
2026-08-07 15:08:41,178 - DEBUG - findfont: score(FontEntry(fname='C:\\Windows\\Fonts\\BOD_CI.TTF', index=0, name='Bodoni MT', style='italic', variant='normal', weight=400, stretch='condensed', size='scalable')) = 11.25
2026-08-07 15:08:41,178 - DEBUG - findfont: score(FontEntry(fname='C:\\Windows\\Fonts\\BOD_CI.TTF', index=0, name='Bodoni MT Condensed', style='italic', variant='normal', weight=400, stretch='condensed', size='scalable')) = 11.25
2026-08-07 15:08:41,178 - DEBUG - findfont: score(FontEntry(fname='C:\\Program Files\\MapInfo\\Professional\\Python310\\Lib\\site-packages\\matplotlib\\mpl-data\\fonts\\ttf\\DejaVuSans-Bold.ttf', index=0, name='DejaVu Sans', style='normal', variant='normal', weight=700, stretch='normal', size='scalable')) = 0.33499999999999996
2026-08-07 15:08:41,178 - DEBUG - findfont: score(FontEntry(fname='C:\\Windows\\Fonts\\seguisli.ttf', index=0, name='Segoe UI', style='italic', variant='normal', weight=350, stretch='normal', size='scalable')) = 11.0975
2026-08-07 15:08:41,178 - DEBUG - findfont: score(FontEntry(fname='C:\\Windows\\Fonts\\seguisli.ttf', index=0, name='Segoe UI Semilight', style='italic', variant='normal', weight=400, stretch='normal', size='scalable')) = 11.05
2026-08-07 15:08:41,178 - DEBUG - findfont: score(FontEntry(fname='C:\\Windows\\Fonts\\palab.ttf', index=0, name='Palatino Linotype', style='normal', variant='normal', weight=700, stretch='normal', size='scalable')) = 10.335
2026-08-07 15:08:41,178 - DEBUG - findfont: score(FontEntry(fname='C:\\Windows\\Fonts\\esri_23.ttf', index=0, name='ESRI MilSym 03', style='normal', variant='normal', weight=400, stretch='normal', size='scalable')) = 10.05
2026-08-07 15:08:41,178 - DEBUG - findfont: score(FontEntry(fname='C:\\Windows\\Fonts\\mmrtext.ttf', index=0, name='Myanmar Text', style='normal', variant='normal', weight=400, stretch='normal', size='scalable')) = 10.05
2026-08-07 15:08:41,178 - DEBUG - findfont: score(FontEntry(fname='C:\\Windows\\Fonts\\verdanai.ttf', index=0, name='Verdana', style='italic', variant='normal', weight=400, stretch='normal', size='scalable')) = 4.6863636363636365
2026-08-07 15:08:41,178 - DEBUG - findfont: score(FontEntry(fname='C:\\Windows\\Fonts\\PERBI___.TTF', index=0, name='Perpetua', style='italic', variant='normal', weight=700, stretch='normal', size='scalable')) = 11.335
2026-08-07 15:08:41,178 - DEBUG - findfont: score(FontEntry(fname='C:\\Windows\\Fonts\\esri_11.ttf', index=0, name='ESRI Default Marker', style='normal', variant='normal', weight=400, stretch='normal', size='scalable')) = 10.05
2026-08-07 15:08:41,178 - DEBUG - findfont: score(FontEntry(fname='C:\\Windows\\Fonts\\FORTE.TTF', index=0, name='Forte', style='normal', variant='normal', weight=400, stretch='normal', size='scalable')) = 10.05
2026-08-07 15:08:41,178 - DEBUG - findfont: score(FontEntry(fname='C:\\Windows\\Fonts\\PERB____.TTF', index=0, name='Perpetua', style='normal', variant='normal', weight=700, stretch='normal', size='scalable')) = 10.335
2026-08-07 15:08:41,178 - DEBUG - findfont: score(FontEntry(fname='C:\\Windows\\Fonts\\TTMIWA.ttf', index=0, name='MapInfo Water', style='normal', variant='normal', weight=400, stretch='normal', size='scalable')) = 10.05
2026-08-07 15:08:41,180 - DEBUG - findfont: score(FontEntry(fname='C:\\Windows\\Fonts\\BRLNSB.TTF', index=0, name='Berlin Sans FB', style='normal', variant='normal', weight=700, stretch='normal', size='scalable')) = 10.335
2026-08-07 15:08:41,180 - DEBUG - findfont: score(FontEntry(fname='C:\\Windows\\Fonts\\BRUSHSCI.TTF', index=0, name='Brush Script MT', style='italic', variant='normal', weight=400, stretch='normal', size='scalable')) = 11.05
2026-08-07 15:08:41,180 - DEBUG - findfont: score(FontEntry(fname='C:\\Windows\\Fonts\\Inkfree.ttf', index=0, name='Ink Free', style='normal', variant='normal', weight=400, stretch='normal', size='scalable')) = 10.05
2026-08-07 15:08:41,180 - DEBUG - findfont: score(FontEntry(fname='C:\\Windows\\Fonts\\YuGothR.ttc', index=0, name='Yu Gothic', style='normal', variant='normal', weight=400, stretch='normal', size='scalable')) = 10.05
2026-08-07 15:08:41,180 - DEBUG - findfont: score(FontEntry(fname='C:\\Windows\\Fonts\\YuGothR.ttc', index=1, name='Yu Gothic UI', style='normal', variant='normal', weight=350, stretch='normal', size='scalable')) = 10.0975
2026-08-07 15:08:41,180 - DEBUG - findfont: score(FontEntry(fname='C:\\Windows\\Fonts\\YuGothR.ttc', index=1, name='Yu Gothic UI Semilight', style='normal', variant='normal', weight=400, stretch='normal', size='scalable')) = 10.05
2026-08-07 15:08:41,180 - DEBUG - findfont: score(FontEntry(fname='C:\\Windows\\Fonts\\mmrtextb.ttf', index=0, name='Myanmar Text', style='normal', variant='normal', weight=700, stretch='normal', size='scalable')) = 10.335
2026-08-07 15:08:41,180 - DEBUG - findfont: score(FontEntry(fname='C:\\Windows\\Fonts\\comic.ttf', index=0, name='Comic Sans MS', style='normal', variant='normal', weight=400, stretch='normal', size='scalable')) = 10.05
2026-08-07 15:08:41,180 - DEBUG - findfont: score(FontEntry(fname='C:\\Windows\\Fonts\\framdit.ttf', index=0, name='Franklin Gothic Medium', style='italic', variant='normal', weight=400, stretch='normal', size='scalable')) = 11.05
2026-08-07 15:08:41,181 - DEBUG - findfont: score(FontEntry(fname='C:\\Windows\\Fonts\\esri_149.ttf', index=0, name='ESRI Surveyor', style='normal', variant='normal', weight=400, stretch='normal', size='scalable')) = 10.05
2026-08-07 15:08:41,181 - DEBUG - findfont: score(FontEntry(fname='C:\\Windows\\Fonts\\esri_49.ttf', index=0, name='ESRI US MUTCD 3', style='normal', variant='normal', weight=400, stretch='normal', size='scalable')) = 10.05
2026-08-07 15:08:41,181 - DEBUG - findfont: score(FontEntry(fname='C:\\Windows\\Fonts\\esri_222.ttf', index=0, name='ESRI IGL Font22', style='normal', variant='normal', weight=400, stretch='normal', size='scalable')) = 10.05
2026-08-07 15:08:41,181 - DEBUG - findfont: score(FontEntry(fname='C:\\Windows\\Fonts\\BOD_BI.TTF', index=0, name='Bodoni MT', style='italic', variant='normal', weight=700, stretch='normal', size='scalable')) = 11.335
2026-08-07 15:08:41,181 - DEBUG - findfont: score(FontEntry(fname='C:\\Windows\\Fonts\\courbi.ttf', index=0, name='Courier New', style='italic', variant='normal', weight=700, stretch='normal', size='scalable')) = 11.335
2026-08-07 15:08:41,181 - DEBUG - findfont: score(FontEntry(fname='C:\\Windows\\Fonts\\BASKVILL.TTF', index=0, name='Baskerville Old Face', style='normal', variant='normal', weight=400, stretch='normal', size='scalable')) = 10.05
2026-08-07 15:08:41,181 - DEBUG - findfont: score(FontEntry(fname='C:\\Windows\\Fonts\\TTMIOS__.TTF', index=0, name='MapInfo Symbols', style='normal', variant='normal', weight=400, stretch='normal', size='scalable')) = 10.05
2026-08-07 15:08:41,181 - DEBUG - findfont: score(FontEntry(fname='C:\\Windows\\Fonts\\constan.ttf', index=0, name='Constantia', style='normal', variant='normal', weight=400, stretch='normal', size='scalable')) = 10.05
2026-08-07 15:08:41,181 - DEBUG - findfont: score(FontEntry(fname='C:\\Windows\\Fonts\\ERS_v2_Operations_S4_sym.ttf', index=0, name='ERS v2 Operations Stage 04', style='normal', variant='normal', weight=400, stretch='normal', size='scalable')) = 10.05
2026-08-07 15:08:41,181 - DEBUG - findfont: score(FontEntry(fname='C:\\Program Files\\MapInfo\\Professional\\Python310\\Lib\\site-packages\\matplotlib\\mpl-data\\fonts\\ttf\\STIXSizFourSymReg.ttf', index=0, name='STIXSizeFourSym', style='normal', variant='normal', weight=400, stretch='normal', size='scalable')) = 10.05
2026-08-07 15:08:41,181 - DEBUG - findfont: score(FontEntry(fname='C:\\Windows\\Fonts\\SegoeIcons.ttf', index=0, name='Segoe Fluent Icons', style='normal', variant='normal', weight=400, stretch='normal', size='scalable')) = 10.05
2026-08-07 15:08:41,181 - DEBUG - findfont: score(FontEntry(fname='C:\\Windows\\Fonts\\timesbd.ttf', index=0, name='Times New Roman', style='normal', variant='normal', weight=700, stretch='normal', size='scalable')) = 10.335
2026-08-07 15:08:41,183 - DEBUG - findfont: score(FontEntry(fname='C:\\Windows\\Fonts\\GIGI.TTF', index=0, name='Gigi', style='normal', variant='normal', weight=400, stretch='normal', size='scalable')) = 10.05
2026-08-07 15:08:41,183 - DEBUG - findfont: score(FontEntry(fname='C:\\Windows\\Fonts\\micross.ttf', index=0, name='Microsoft Sans Serif', style='normal', variant='normal', weight=400, stretch='normal', size='scalable')) = 10.05
2026-08-07 15:08:41,183 - DEBUG - findfont: score(FontEntry(fname='C:\\Windows\\Fonts\\BOD_BLAI.TTF', index=0, name='Bodoni MT', style='italic', variant='normal', weight=900, stretch='normal', size='scalable')) = 11.525
2026-08-07 15:08:41,183 - DEBUG - findfont: score(FontEntry(fname='C:\\Windows\\Fonts\\BOD_BLAI.TTF', index=0, name='Bodoni MT Black', style='italic', variant='normal', weight=400, stretch='normal', size='scalable')) = 11.05
2026-08-07 15:08:41,183 - DEBUG - findfont: score(FontEntry(fname='C:\\Windows\\Fonts\\couri.ttf', index=0, name='Courier New', style='italic', variant='normal', weight=400, stretch='normal', size='scalable')) = 11.05
2026-08-07 15:08:41,183 - DEBUG - findfont: score(FontEntry(fname='C:\\Windows\\Fonts\\TCCEB.TTF', index=0, name='Tw Cen MT Condensed Extra Bold', style='normal', variant='normal', weight=400, stretch='condensed', size='scalable')) = 10.25
2026-08-07 15:08:41,183 - DEBUG - findfont: score(FontEntry(fname='C:\\Windows\\Fonts\\FRADM.TTF', index=0, name='Franklin Gothic Demi', style='normal', variant='normal', weight=400, stretch='normal', size='scalable')) = 10.05
2026-08-07 15:08:41,183 - DEBUG - findfont: score(FontEntry(fname='C:\\Windows\\Fonts\\HATTEN.TTF', index=0, name='Haettenschweiler', style='normal', variant='normal', weight=400, stretch='normal', size='scalable')) = 10.05
2026-08-07 15:08:41,183 - DEBUG - findfont: score(FontEntry(fname='C:\\Windows\\Fonts\\esri_221.ttf', index=0, name='ESRI IGL Font21', style='normal', variant='normal', weight=400, stretch='normal', size='scalable')) = 10.05
2026-08-07 15:08:41,183 - DEBUG - findfont: score(FontEntry(fname='C:\\Windows\\Fonts\\ERASMD.TTF', index=0, name='Eras Medium ITC', style='normal', variant='normal', weight=400, stretch='normal', size='scalable')) = 10.05
2026-08-07 15:08:41,183 - DEBUG - findfont: score(FontEntry(fname='C:\\Windows\\Fonts\\seguiemj.ttf', index=0, name='Segoe UI Emoji', style='normal', variant='normal', weight=400, stretch='normal', size='scalable')) = 10.05
2026-08-07 15:08:41,183 - DEBUG - findfont: score(FontEntry(fname='C:\\Program Files\\MapInfo\\Professional\\Python310\\Lib\\site-packages\\matplotlib\\mpl-data\\fonts\\ttf\\STIXSizThreeSymReg.ttf', index=0, name='STIXSizeThreeSym', style='normal', variant='normal', weight=400, stretch='normal', size='scalable')) = 10.05
2026-08-07 15:08:41,183 - DEBUG - findfont: score(FontEntry(fname='C:\\Windows\\Fonts\\esri_377.ttf', index=0, name='ESRI Caves 3', style='normal', variant='normal', weight=400, stretch='normal', size='scalable')) = 10.05
2026-08-07 15:08:41,183 - DEBUG - findfont: score(FontEntry(fname='C:\\Windows\\Fonts\\esri_8.ttf', index=0, name='ESRI Crime Analysis', style='normal', variant='normal', weight=400, stretch='normal', size='scalable')) = 10.05
2026-08-07 15:08:41,185 - DEBUG - findfont: score(FontEntry(fname='C:\\Windows\\Fonts\\GOUDYSTO.TTF', index=0, name='Goudy Stout', style='normal', variant='normal', weight=400, stretch='normal', size='scalable')) = 10.05
2026-08-07 15:08:41,185 - DEBUG - findfont: score(FontEntry(fname='C:\\Windows\\Fonts\\ETOTHER_.TTF', index=0, name='ET Other', style='normal', variant='normal', weight=400, stretch='normal', size='scalable')) = 10.05
2026-08-07 15:08:41,185 - DEBUG - findfont: score(FontEntry(fname='C:\\Windows\\Fonts\\Candaraz.ttf', index=0, name='Candara', style='italic', variant='normal', weight=700, stretch='normal', size='scalable')) = 11.335
2026-08-07 15:08:41,185 - DEBUG - findfont: score(FontEntry(fname='C:\\Windows\\Fonts\\esri_34.ttf', index=0, name='ESRI Business', style='normal', variant='normal', weight=400, stretch='normal', size='scalable')) = 10.05
2026-08-07 15:08:41,185 - DEBUG - findfont: score(FontEntry(fname='C:\\Windows\\Fonts\\esri_132.ttf', index=0, name='ESRI SDS 2.00 1', style='normal', variant='normal', weight=400, stretch='normal', size='scalable')) = 10.05
2026-08-07 15:08:41,185 - DEBUG - findfont: score(FontEntry(fname='C:\\Windows\\Fonts\\ERASDEMI.TTF', index=0, name='Eras Demi ITC', style='normal', variant='normal', weight=400, stretch='normal', size='scalable')) = 10.05
2026-08-07 15:08:41,185 - DEBUG - findfont: score(FontEntry(fname='C:\\Windows\\Fonts\\esri_832.ttf', index=0, name='ESRI ERS Infrastructures S1', style='normal', variant='normal', weight=400, stretch='normal', size='scalable')) = 10.05
2026-08-07 15:08:41,185 - DEBUG - findfont: score(FontEntry(fname='C:\\Windows\\Fonts\\CALIFB.TTF', index=0, name='Californian FB', style='normal', variant='normal', weight=700, stretch='normal', size='scalable')) = 10.335
2026-08-07 15:08:41,185 - DEBUG - findfont: score(FontEntry(fname='C:\\Program Files\\MapInfo\\Professional\\Python310\\Lib\\site-packages\\matplotlib\\mpl-data\\fonts\\ttf\\STIXSizOneSymBol.ttf', index=0, name='STIXSizeOneSym', style='normal', variant='normal', weight=700, stretch='normal', size='scalable')) = 10.335
2026-08-07 15:08:41,185 - DEBUG - findfont: score(FontEntry(fname='C:\\Windows\\Fonts\\ERS_v2_Infrastructures_S2_sym.ttf', index=0, name='ERS v2 Infrastructures Stage 02', style='normal', variant='normal', weight=400, stretch='normal', size='scalable')) = 10.05
2026-08-07 15:08:41,185 - DEBUG - findfont: score(FontEntry(fname='C:\\Windows\\Fonts\\malgunbd.ttf', index=0, name='Malgun Gothic', style='normal', variant='normal', weight=700, stretch='normal', size='scalable')) = 10.335
2026-08-07 15:08:41,185 - DEBUG - findfont: score(FontEntry(fname='C:\\Windows\\Fonts\\esri_47.ttf', index=0, name='ESRI US MUTCD 1', style='normal', variant='normal', weight=400, stretch='normal', size='scalable')) = 10.05
2026-08-07 15:08:41,185 - DEBUG - findfont: score(FontEntry(fname='C:\\Windows\\Fonts\\ERS_v2_Damage_sym.ttf', index=0, name='ERS v2 Damage', style='normal', variant='normal', weight=400, stretch='normal', size='scalable')) = 10.05
2026-08-07 15:08:41,185 - DEBUG - findfont: score(FontEntry(fname='C:\\Windows\\Fonts\\CENSCBK.TTF', index=0, name='Century Schoolbook', style='normal', variant='normal', weight=400, stretch='normal', size='scalable')) = 10.05
2026-08-07 15:08:41,185 - DEBUG - findfont: score(FontEntry(fname='C:\\Windows\\Fonts\\ARIALNI.TTF', index=0, name='Arial', style='italic', variant='normal', weight=400, stretch='condensed', size='scalable')) = 7.613636363636363
2026-08-07 15:08:41,185 - DEBUG - findfont: score(FontEntry(fname='C:\\Windows\\Fonts\\ARIALNI.TTF', index=0, name='Arial Narrow', style='italic', variant='normal', weight=400, stretch='condensed', size='scalable')) = 11.25
2026-08-07 15:08:41,185 - DEBUG - findfont: score(FontEntry(fname='C:\\Windows\\Fonts\\CASTELAR.TTF', index=0, name='Castellar', style='normal', variant='normal', weight=400, stretch='normal', size='scalable')) = 10.05
2026-08-07 15:08:41,185 - DEBUG - findfont: score(FontEntry(fname='C:\\Windows\\Fonts\\esri_151.ttf', index=0, name='ESRI AMFM Gas', style='normal', variant='normal', weight=400, stretch='normal', size='scalable')) = 10.05
2026-08-07 15:08:41,185 - DEBUG - findfont: score(FontEntry(fname='C:\\Windows\\Fonts\\bahnschrift.ttf', index=0, name='Bahnschrift', style='normal', variant='normal', weight=400, stretch='normal', size='scalable')) = 10.05
2026-08-07 15:08:41,185 - DEBUG - findfont: score(FontEntry(fname='C:\\Windows\\Fonts\\esri_48.ttf', index=0, name='ESRI US MUTCD 2', style='normal', variant='normal', weight=400, stretch='normal', size='scalable')) = 10.05
2026-08-07 15:08:41,185 - DEBUG - findfont: score(FontEntry(fname='C:\\Windows\\Fonts\\TCM_____.TTF', index=0, name='Tw Cen MT', style='normal', variant='normal', weight=400, stretch='normal', size='scalable')) = 10.05
2026-08-07 15:08:41,187 - DEBUG - findfont: score(FontEntry(fname='C:\\Windows\\Fonts\\comici.ttf', index=0, name='Comic Sans MS', style='italic', variant='normal', weight=400, stretch='normal', size='scalable')) = 11.05
2026-08-07 15:08:41,187 - DEBUG - findfont: score(FontEntry(fname='C:\\Program Files\\MapInfo\\Professional\\Python310\\Lib\\site-packages\\matplotlib\\mpl-data\\fonts\\ttf\\cmb10.ttf', index=0, name='cmb10', style='normal', variant='normal', weight=400, stretch='normal', size='scalable')) = 10.05
2026-08-07 15:08:41,187 - DEBUG - findfont: score(FontEntry(fname='C:\\Windows\\Fonts\\esri_375.ttf', index=0, name='ESRI Caves 1', style='normal', variant='normal', weight=400, stretch='normal', size='scalable')) = 10.05
2026-08-07 15:08:41,187 - DEBUG - findfont: score(FontEntry(fname='C:\\Windows\\Fonts\\FRABKIT.TTF', index=0, name='Franklin Gothic Book', style='italic', variant='normal', weight=400, stretch='normal', size='scalable')) = 11.05
2026-08-07 15:08:41,187 - DEBUG - findfont: score(FontEntry(fname='C:\\Windows\\Fonts\\PrecisionSans_W_Lt.ttf', index=0, name='Precision Sans W', style='normal', variant='normal', weight=300, stretch='normal', size='scalable')) = 10.145
2026-08-07 15:08:41,187 - DEBUG - findfont: score(FontEntry(fname='C:\\Windows\\Fonts\\PrecisionSans_W_Lt.ttf', index=0, name='Precision Sans W Light', style='normal', variant='normal', weight=400, stretch='normal', size='scalable')) = 10.05
2026-08-07 15:08:41,187 - DEBUG - findfont: score(FontEntry(fname='C:\\Windows\\Fonts\\georgiaz.ttf', index=0, name='Georgia', style='italic', variant='normal', weight=700, stretch='normal', size='scalable')) = 11.335
2026-08-07 15:08:41,187 - DEBUG - findfont: score(FontEntry(fname='C:\\Windows\\Fonts\\VLADIMIR.TTF', index=0, name='Vladimir Script', style='normal', variant='normal', weight=400, stretch='normal', size='scalable')) = 10.05
2026-08-07 15:08:41,187 - DEBUG - findfont: score(FontEntry(fname='C:\\Windows\\Fonts\\Candaral.ttf', index=0, name='Candara', style='normal', variant='normal', weight=400, stretch='normal', size='scalable')) = 10.05
2026-08-07 15:08:41,187 - DEBUG - findfont: score(FontEntry(fname='C:\\Windows\\Fonts\\Candaral.ttf', index=0, name='Candara Light', style='normal', variant='normal', weight=400, stretch='normal', size='scalable')) = 10.05
2026-08-07 15:08:41,187 - DEBUG - findfont: score(FontEntry(fname='C:\\Windows\\Fonts\\SNAP____.TTF', index=0, name='Snap ITC', style='normal', variant='normal', weight=400, stretch='normal', size='scalable')) = 10.05
2026-08-07 15:08:41,187 - DEBUG - findfont: score(FontEntry(fname='C:\\Windows\\Fonts\\l_10646.ttf', index=0, name='Lucida Sans Unicode', style='normal', variant='normal', weight=400, stretch='normal', size='scalable')) = 10.05
2026-08-07 15:08:41,187 - DEBUG - findfont: score(FontEntry(fname='C:\\Program Files\\MapInfo\\Professional\\Python310\\Lib\\site-packages\\matplotlib\\mpl-data\\fonts\\ttf\\cmr10.ttf', index=0, name='cmr10', style='normal', variant='normal', weight=400, stretch='normal', size='scalable')) = 10.05
2026-08-07 15:08:41,187 - DEBUG - findfont: score(FontEntry(fname='C:\\Windows\\Fonts\\FTLTLT.TTF', index=0, name='Footlight MT Light', style='normal', variant='normal', weight=300, stretch='normal', size='scalable')) = 10.145
2026-08-07 15:08:41,187 - DEBUG - findfont: score(FontEntry(fname='C:\\Windows\\Fonts\\himalaya.ttf', index=0, name='Microsoft Himalaya', style='normal', variant='normal', weight=400, stretch='normal', size='scalable')) = 10.05
2026-08-07 15:08:41,187 - DEBUG - findfont: score(FontEntry(fname='C:\\Windows\\Fonts\\malgun.ttf', index=0, name='Malgun Gothic', style='normal', variant='normal', weight=400, stretch='normal', size='scalable')) = 10.05
2026-08-07 15:08:41,187 - DEBUG - findfont: score(FontEntry(fname='C:\\Windows\\Fonts\\segoeuisl.ttf', index=0, name='Segoe UI', style='normal', variant='normal', weight=350, stretch='normal', size='scalable')) = 10.0975
2026-08-07 15:08:41,187 - DEBUG - findfont: score(FontEntry(fname='C:\\Windows\\Fonts\\segoeuisl.ttf', index=0, name='Segoe UI Semilight', style='normal', variant='normal', weight=400, stretch='normal', size='scalable')) = 10.05
2026-08-07 15:08:41,187 - DEBUG - findfont: score(FontEntry(fname='C:\\Windows\\Fonts\\esri_30s.ttf', index=0, name='ESRI ArcPad', style='normal', variant='normal', weight=400, stretch='normal', size='scalable')) = 10.05
2026-08-07 15:08:41,187 - DEBUG - findfont: score(FontEntry(fname='C:\\Windows\\Fonts\\georgiai.ttf', index=0, name='Georgia', style='italic', variant='normal', weight=400, stretch='normal', size='scalable')) = 11.05
2026-08-07 15:08:41,187 - DEBUG - findfont: score(FontEntry(fname='C:\\Windows\\Fonts\\segoeuil.ttf', index=0, name='Segoe UI', style='normal', variant='normal', weight=300, stretch='normal', size='scalable')) = 10.145
2026-08-07 15:08:41,189 - DEBUG - findfont: score(FontEntry(fname='C:\\Windows\\Fonts\\segoeuil.ttf', index=0, name='Segoe UI Light', style='normal', variant='normal', weight=400, stretch='normal', size='scalable')) = 10.05
2026-08-07 15:08:41,189 - DEBUG - findfont: score(FontEntry(fname='C:\\Windows\\Fonts\\HARNGTON.TTF', index=0, name='Harrington', style='normal', variant='normal', weight=400, stretch='normal', size='scalable')) = 10.05
2026-08-07 15:08:41,189 - DEBUG - findfont: score(FontEntry(fname='C:\\Windows\\Fonts\\ERS_v2_Infrastructures_S3_sym.ttf', index=0, name='ERS v2 Infrastructures Stage 03', style='normal', variant='normal', weight=400, stretch='normal', size='scalable')) = 10.05
2026-08-07 15:08:41,189 - DEBUG - findfont: score(FontEntry(fname='C:\\Program Files\\MapInfo\\Professional\\Python310\\Lib\\site-packages\\matplotlib\\mpl-data\\fonts\\ttf\\DejaVuSansMono-BoldOblique.ttf', index=0, name='DejaVu Sans Mono', style='oblique', variant='normal', weight=700, stretch='normal', size='scalable')) = 11.335
2026-08-07 15:08:41,189 - DEBUG - findfont: score(FontEntry(fname='C:\\Windows\\Fonts\\ARIALNBI.TTF', index=0, name='Arial', style='italic', variant='normal', weight=700, stretch='condensed', size='scalable')) = 7.8986363636363635
2026-08-07 15:08:41,189 - DEBUG - findfont: score(FontEntry(fname='C:\\Windows\\Fonts\\ARIALNBI.TTF', index=0, name='Arial Narrow', style='italic', variant='normal', weight=700, stretch='condensed', size='scalable')) = 11.535
2026-08-07 15:08:41,189 - DEBUG - findfont: score(FontEntry(fname='C:\\Windows\\Fonts\\georgia.ttf', index=0, name='Georgia', style='normal', variant='normal', weight=400, stretch='normal', size='scalable')) = 10.05
2026-08-07 15:08:41,189 - DEBUG - findfont: score(FontEntry(fname='C:\\Windows\\Fonts\\OUTLOOK.TTF', index=0, name='MS Outlook', style='normal', variant='normal', weight=400, stretch='normal', size='scalable')) = 10.05
2026-08-07 15:08:41,189 - DEBUG - findfont: score(FontEntry(fname='C:\\Windows\\Fonts\\THNN____.TTF', index=0, name='Thai', style='normal', variant='normal', weight=400, stretch='normal', size='scalable')) = 10.05
2026-08-07 15:08:41,189 - DEBUG - findfont: score(FontEntry(fname='C:\\Windows\\Fonts\\TCCM____.TTF', index=0, name='Tw Cen MT Condensed', style='normal', variant='normal', weight=400, stretch='condensed', size='scalable')) = 10.25
2026-08-07 15:08:41,189 - DEBUG - findfont: score(FontEntry(fname='C:\\Windows\\Fonts\\MTEXTRA.TTF', index=0, name='MT Extra', style='normal', variant='normal', weight=400, stretch='normal', size='scalable')) = 10.05
2026-08-07 15:08:41,189 - DEBUG - findfont: score(FontEntry(fname='C:\\Windows\\Fonts\\CURLZ___.TTF', index=0, name='Curlz MT', style='normal', variant='normal', weight=400, stretch='normal', size='scalable')) = 10.05
2026-08-07 15:08:41,189 - DEBUG - findfont: score(FontEntry(fname='C:\\Windows\\Fonts\\GILB____.TTF', index=0, name='Gill Sans MT', style='normal', variant='normal', weight=700, stretch='normal', size='scalable')) = 10.335
2026-08-07 15:08:41,189 - DEBUG - findfont: score(FontEntry(fname='C:\\Windows\\Fonts\\FRABK.TTF', index=0, name='Franklin Gothic Book', style='normal', variant='normal', weight=400, stretch='normal', size='scalable')) = 10.05
2026-08-07 15:08:41,189 - DEBUG - findfont: score(FontEntry(fname='C:\\Windows\\Fonts\\corbelb.ttf', index=0, name='Corbel', style='normal', variant='normal', weight=700, stretch='normal', size='scalable')) = 10.335
2026-08-07 15:08:41,189 - DEBUG - findfont: score(FontEntry(fname='C:\\Windows\\Fonts\\BOD_CR.TTF', index=0, name='Bodoni MT', style='normal', variant='normal', weight=400, stretch='condensed', size='scalable')) = 10.25
2026-08-07 15:08:41,191 - DEBUG - findfont: score(FontEntry(fname='C:\\Windows\\Fonts\\BOD_CR.TTF', index=0, name='Bodoni MT Condensed', style='normal', variant='normal', weight=400, stretch='condensed', size='scalable')) = 10.25
2026-08-07 15:08:41,191 - DEBUG - findfont: score(FontEntry(fname='C:\\Windows\\Fonts\\DUBAI-BOLD.TTF', index=0, name='Dubai', style='normal', variant='normal', weight=700, stretch='normal', size='scalable')) = 10.335
2026-08-07 15:08:41,191 - DEBUG - findfont: score(FontEntry(fname='C:\\Windows\\Fonts\\CHILLER.TTF', index=0, name='Chiller', style='normal', variant='normal', weight=400, stretch='normal', size='scalable')) = 10.05
2026-08-07 15:08:41,191 - DEBUG - findfont: score(FontEntry(fname='C:\\Windows\\Fonts\\ELEPHNTI.TTF', index=0, name='Elephant', style='italic', variant='normal', weight=400, stretch='normal', size='scalable')) = 11.05
2026-08-07 15:08:41,191 - DEBUG - findfont: score(FontEntry(fname='C:\\Windows\\Fonts\\JOKERMAN.TTF', index=0, name='Jokerman', style='normal', variant='normal', weight=400, stretch='normal', size='scalable')) = 10.05
2026-08-07 15:08:41,191 - DEBUG - findfont: score(FontEntry(fname='C:\\Windows\\Fonts\\Etgee___.ttf', index=0, name='ET GeoExplore', style='normal', variant='normal', weight=400, stretch='normal', size='scalable')) = 10.05
2026-08-07 15:08:41,191 - DEBUG - findfont: score(FontEntry(fname='C:\\Windows\\Fonts\\esri_730.ttf', index=0, name='ESRI Conservation', style='normal', variant='normal', weight=400, stretch='normal', size='scalable')) = 10.05
2026-08-07 15:08:41,191 - DEBUG - findfont: score(FontEntry(fname='C:\\Windows\\Fonts\\Candarab.ttf', index=0, name='Candara', style='normal', variant='normal', weight=700, stretch='normal', size='scalable')) = 10.335
2026-08-07 15:08:41,191 - DEBUG - findfont: score(FontEntry(fname='C:\\Windows\\Fonts\\BSSYM7.TTF', index=0, name='Bookshelf Symbol 7', style='normal', variant='normal', weight=400, stretch='normal', size='scalable')) = 10.05
2026-08-07 15:08:41,191 - DEBUG - findfont: score(FontEntry(fname='C:\\Windows\\Fonts\\esri_131.ttf', index=0, name='ESRI SDS 1.95 2', style='normal', variant='normal', weight=400, stretch='normal', size='scalable')) = 10.05
2026-08-07 15:08:41,191 - DEBUG - findfont: score(FontEntry(fname='C:\\Windows\\Fonts\\Label-EZ.ttf', index=0, name='Label-EZ Symbols', style='normal', variant='normal', weight=400, stretch='normal', size='scalable')) = 10.05
2026-08-07 15:08:41,191 - DEBUG - findfont: score(FontEntry(fname='C:\\Windows\\Fonts\\ARAN____.TTF', index=0, name='Arabic1', style='normal', variant='normal', weight=400, stretch='normal', size='scalable')) = 10.05
2026-08-07 15:08:41,193 - DEBUG - findfont: score(FontEntry(fname='C:\\Windows\\Fonts\\arial.ttf', index=0, name='Arial', style='normal', variant='normal', weight=400, stretch='normal', size='scalable')) = 6.413636363636363
2026-08-07 15:08:41,193 - DEBUG - findfont: score(FontEntry(fname='C:\\Windows\\Fonts\\malgunsl.ttf', index=0, name='Malgun Gothic', style='normal', variant='normal', weight=300, stretch='normal', size='scalable')) = 10.145
2026-08-07 15:08:41,193 - DEBUG - findfont: score(FontEntry(fname='C:\\Windows\\Fonts\\malgunsl.ttf', index=0, name='Malgun Gothic Semilight', style='normal', variant='normal', weight=400, stretch='normal', size='scalable')) = 10.05
2026-08-07 15:08:41,193 - DEBUG - findfont: score(FontEntry(fname='C:\\Windows\\Fonts\\PAPYRUS.TTF', index=0, name='Papyrus', style='normal', variant='normal', weight=400, stretch='normal', size='scalable')) = 10.05
2026-08-07 15:08:41,193 - DEBUG - findfont: score(FontEntry(fname='C:\\Program Files\\MapInfo\\Professional\\Python310\\Lib\\site-packages\\matplotlib\\mpl-data\\fonts\\ttf\\STIXNonUniBolIta.ttf', index=0, name='STIXNonUnicode', style='italic', variant='normal', weight=700, stretch='normal', size='scalable')) = 11.335
2026-08-07 15:08:41,193 - DEBUG - findfont: score(FontEntry(fname='C:\\Windows\\Fonts\\FELIXTI.TTF', index=0, name='Felix Titling', style='normal', variant='normal', weight=400, stretch='normal', size='scalable')) = 10.05
2026-08-07 15:08:41,193 - DEBUG - findfont: score(FontEntry(fname='C:\\Windows\\Fonts\\Etstruct.ttf', index=0, name='ET Structural', style='normal', variant='normal', weight=400, stretch='normal', size='scalable')) = 10.05
2026-08-07 15:08:41,193 - DEBUG - findfont: score(FontEntry(fname='C:\\Windows\\Fonts\\ARLRDBD.TTF', index=0, name='Arial Rounded MT Bold', style='normal', variant='normal', weight=400, stretch='normal', size='scalable')) = 10.05
2026-08-07 15:08:41,193 - DEBUG - findfont: score(FontEntry(fname='C:\\Windows\\Fonts\\ANTQUAI.TTF', index=0, name='Book Antiqua', style='italic', variant='normal', weight=400, stretch='normal', size='scalable')) = 11.05
2026-08-07 15:08:41,193 - DEBUG - findfont: score(FontEntry(fname='C:\\Windows\\Fonts\\consolai.ttf', index=0, name='Consolas', style='italic', variant='normal', weight=400, stretch='normal', size='scalable')) = 11.05
2026-08-07 15:08:41,193 - DEBUG - findfont: score(FontEntry(fname='C:\\Windows\\Fonts\\ariblk.ttf', index=0, name='Arial', style='normal', variant='normal', weight=900, stretch='normal', size='scalable')) = 6.888636363636364
2026-08-07 15:08:41,193 - DEBUG - findfont: score(FontEntry(fname='C:\\Windows\\Fonts\\ariblk.ttf', index=0, name='Arial Black', style='normal', variant='normal', weight=400, stretch='normal', size='scalable')) = 10.05
2026-08-07 15:08:41,193 - DEBUG - findfont: score(FontEntry(fname='C:\\Windows\\Fonts\\esri_40.ttf', index=0, name='ESRI North', style='normal', variant='normal', weight=400, stretch='normal', size='scalable')) = 10.05
2026-08-07 15:08:41,193 - DEBUG - findfont: score(FontEntry(fname='C:\\Windows\\Fonts\\ETMOBILE.TTF', index=0, name='ET Mobile', style='normal', variant='normal', weight=400, stretch='normal', size='scalable')) = 10.05
2026-08-07 15:08:41,193 - DEBUG - findfont: score(FontEntry(fname='C:\\Windows\\Fonts\\ETMOBILE.TTF', index=0, name='Map Symbols', style='normal', variant='normal', weight=400, stretch='normal', size='scalable')) = 10.05
2026-08-07 15:08:41,193 - DEBUG - findfont: score(FontEntry(fname='C:\\Windows\\Fonts\\JAKR____.TTF', index=0, name='JapaneseKana', style='normal', variant='normal', weight=400, stretch='normal', size='scalable')) = 10.05
2026-08-07 15:08:41,193 - DEBUG - findfont: score(FontEntry(fname='C:\\Windows\\Fonts\\esri_652.ttf', index=0, name='ESRI US Forestry 2', style='normal', variant='normal', weight=400, stretch='normal', size='scalable')) = 10.05
2026-08-07 15:08:41,193 - DEBUG - findfont: score(FontEntry(fname='C:\\Windows\\Fonts\\esri_223.ttf', index=0, name='ESRI IGL Font23', style='normal', variant='normal', weight=400, stretch='normal', size='scalable')) = 10.05
2026-08-07 15:08:41,193 - DEBUG - findfont: score(FontEntry(fname='C:\\Windows\\Fonts\\ROCKB.TTF', index=0, name='Rockwell', style='normal', variant='normal', weight=700, stretch='normal', size='scalable')) = 10.335
2026-08-07 15:08:41,195 - DEBUG - findfont: score(FontEntry(fname='C:\\Windows\\Fonts\\arialbd.ttf', index=0, name='Arial', style='normal', variant='normal', weight=700, stretch='normal', size='scalable')) = 6.698636363636363
2026-08-07 15:08:41,195 - DEBUG - findfont: score(FontEntry(fname='C:\\Windows\\Fonts\\tahoma.ttf', index=0, name='Tahoma', style='normal', variant='normal', weight=400, stretch='normal', size='scalable')) = 10.05
2026-08-07 15:08:41,195 - DEBUG - findfont: score(FontEntry(fname='C:\\Windows\\Fonts\\Trimble GPS Pathfinder.ttf', index=0, name='Trimble GPS Pathfinder', style='normal', variant='normal', weight=400, stretch='normal', size='scalable')) = 10.05
2026-08-07 15:08:41,195 - DEBUG - findfont: score(FontEntry(fname='C:\\Windows\\Fonts\\BELLI.TTF', index=0, name='Bell MT', style='italic', variant='normal', weight=400, stretch='normal', size='scalable')) = 11.05
2026-08-07 15:08:41,195 - DEBUG - findfont: score(FontEntry(fname='C:\\Windows\\Fonts\\GOTHICI.TTF', index=0, name='Century Gothic', style='italic', variant='normal', weight=400, stretch='normal', size='scalable')) = 11.05
2026-08-07 15:08:41,195 - DEBUG - findfont: score(FontEntry(fname='C:\\Windows\\Fonts\\LBRITEI.TTF', index=0, name='Lucida Bright', style='italic', variant='normal', weight=400, stretch='normal', size='scalable')) = 11.05
2026-08-07 15:08:41,195 - DEBUG - findfont: score(FontEntry(fname='C:\\Windows\\Fonts\\GOTHICBI.TTF', index=0, name='Century Gothic', style='italic', variant='normal', weight=700, stretch='normal', size='scalable')) = 11.335
2026-08-07 15:08:41,195 - DEBUG - findfont: score(FontEntry(fname='C:\\Windows\\Fonts\\BOOKOSI.TTF', index=0, name='Bookman Old Style', style='italic', variant='normal', weight=300, stretch='normal', size='scalable')) = 11.145
2026-08-07 15:08:41,195 - DEBUG - findfont: score(FontEntry(fname='C:\\Windows\\Fonts\\ARIALN.TTF', index=0, name='Arial', style='normal', variant='normal', weight=400, stretch='condensed', size='scalable')) = 6.613636363636363
2026-08-07 15:08:41,195 - DEBUG - findfont: score(FontEntry(fname='C:\\Windows\\Fonts\\ARIALN.TTF', index=0, name='Arial Narrow', style='normal', variant='normal', weight=400, stretch='condensed', size='scalable')) = 10.25
2026-08-07 15:08:41,195 - DEBUG - findfont: score(FontEntry(fname='C:\\Windows\\Fonts\\TCBI____.TTF', index=0, name='Tw Cen MT', style='italic', variant='normal', weight=700, stretch='normal', size='scalable')) = 11.335
2026-08-07 15:08:41,195 - DEBUG - findfont: score(FontEntry(fname='C:\\Windows\\Fonts\\TCB_____.TTF', index=0, name='Tw Cen MT', style='normal', variant='normal', weight=700, stretch='normal', size='scalable')) = 10.335
2026-08-07 15:08:41,195 - DEBUG - findfont: score(FontEntry(fname='C:\\Windows\\Fonts\\corbelz.ttf', index=0, name='Corbel', style='italic', variant='normal', weight=700, stretch='normal', size='scalable')) = 11.335
2026-08-07 15:08:41,195 - DEBUG - findfont: score(FontEntry(fname='C:\\Windows\\Fonts\\KUNSTLER.TTF', index=0, name='Kunstler Script', style='normal', variant='normal', weight=400, stretch='normal', size='scalable')) = 10.05
2026-08-07 15:08:41,195 - DEBUG - findfont: score(FontEntry(fname='C:\\Windows\\Fonts\\VIVALDII.TTF', index=0, name='Vivaldi', style='italic', variant='normal', weight=400, stretch='normal', size='scalable')) = 11.05
2026-08-07 15:08:41,195 - DEBUG - findfont: score(FontEntry(fname='C:\\Windows\\Fonts\\CALISTI.TTF', index=0, name='Calisto MT', style='italic', variant='normal', weight=400, stretch='normal', size='scalable')) = 11.05
2026-08-07 15:08:41,195 - DEBUG - findfont: score(FontEntry(fname='C:\\Windows\\Fonts\\esri_500.ttf', index=0, name='ESRI Geology AGSO 1', style='normal', variant='normal', weight=400, stretch='normal', size='scalable')) = 10.05
2026-08-07 15:08:41,195 - DEBUG - findfont: score(FontEntry(fname='C:\\Windows\\Fonts\\GARA.TTF', index=0, name='Garamond', style='normal', variant='normal', weight=400, stretch='normal', size='scalable')) = 10.05
2026-08-07 15:08:41,197 - DEBUG - findfont: score(FontEntry(fname='C:\\Windows\\Fonts\\LHANDW.TTF', index=0, name='Lucida Handwriting', style='italic', variant='normal', weight=400, stretch='normal', size='scalable')) = 11.05
2026-08-07 15:08:41,197 - DEBUG - findfont: score(FontEntry(fname='C:\\Windows\\Fonts\\Candara.ttf', index=0, name='Candara', style='normal', variant='normal', weight=400, stretch='normal', size='scalable')) = 10.05
2026-08-07 15:08:41,197 - DEBUG - findfont: score(FontEntry(fname='C:\\Program Files\\MapInfo\\Professional\\Python310\\Lib\\site-packages\\matplotlib\\mpl-data\\fonts\\ttf\\STIXSizTwoSymReg.ttf', index=0, name='STIXSizeTwoSym', style='normal', variant='normal', weight=400, stretch='normal', size='scalable')) = 10.05
2026-08-07 15:08:41,197 - DEBUG - findfont: score(FontEntry(fname='C:\\Windows\\Fonts\\esri_29.ttf', index=0, name='ESRI Public1', style='normal', variant='normal', weight=400, stretch='normal', size='scalable')) = 10.05
2026-08-07 15:08:41,197 - DEBUG - findfont: score(FontEntry(fname='C:\\Windows\\Fonts\\stateshields.ttf', index=0, name='State Highway Shields', style='normal', variant='normal', weight=400, stretch='normal', size='scalable')) = 10.05
2026-08-07 15:08:41,197 - DEBUG - findfont: score(FontEntry(fname='C:\\Windows\\Fonts\\ROCKI.TTF', index=0, name='Rockwell', style='italic', variant='normal', weight=400, stretch='normal', size='scalable')) = 11.05
2026-08-07 15:08:41,197 - DEBUG - findfont: score(FontEntry(fname='C:\\Windows\\Fonts\\esri_133.ttf', index=0, name='ESRI SDS 2.00 2', style='normal', variant='normal', weight=400, stretch='normal', size='scalable')) = 10.05
2026-08-07 15:08:41,197 - DEBUG - findfont: score(FontEntry(fname='C:\\Windows\\Fonts\\timesbi.ttf', index=0, name='Times New Roman', style='italic', variant='normal', weight=700, stretch='normal', size='scalable')) = 11.335
2026-08-07 15:08:41,197 - DEBUG - findfont: score(FontEntry(fname='C:\\Windows\\Fonts\\esri_44.ttf', index=0, name='ESRI Shields', style='normal', variant='normal', weight=400, stretch='normal', size='scalable')) = 10.05
2026-08-07 15:08:41,197 - DEBUG - findfont: score(FontEntry(fname='C:\\Windows\\Fonts\\tahomabd.ttf', index=0, name='Tahoma', style='normal', variant='normal', weight=700, stretch='normal', size='scalable')) = 10.335
2026-08-07 15:08:41,197 - DEBUG - findfont: score(FontEntry(fname='C:\\Windows\\Fonts\\TTMITC__.TTF', index=0, name='MapInfo Transportation', style='normal', variant='normal', weight=400, stretch='normal', size='scalable')) = 10.05
2026-08-07 15:08:41,197 - DEBUG - findfont: score(FontEntry(fname='C:\\Program Files\\MapInfo\\Professional\\Python310\\Lib\\site-packages\\matplotlib\\mpl-data\\fonts\\ttf\\STIXSizThreeSymBol.ttf', index=0, name='STIXSizeThreeSym', style='normal', variant='normal', weight=700, stretch='normal', size='scalable')) = 10.335
2026-08-07 15:08:41,199 - DEBUG - findfont: score(FontEntry(fname='C:\\Windows\\Fonts\\esri_837.ttf', index=0, name='ESRI ERS Operations S1', style='normal', variant='normal', weight=400, stretch='normal', size='scalable')) = 10.05
2026-08-07 15:08:41,199 - DEBUG - findfont: score(FontEntry(fname='C:\\Windows\\Fonts\\LeelawUI.ttf', index=0, name='Leelawadee UI', style='normal', variant='normal', weight=400, stretch='normal', size='scalable')) = 10.05
2026-08-07 15:08:41,199 - DEBUG - findfont: score(FontEntry(fname='C:\\Windows\\Fonts\\NIAGENG.TTF', index=0, name='Niagara Engraved', style='normal', variant='normal', weight=400, stretch='normal', size='scalable')) = 10.05
2026-08-07 15:08:41,199 - DEBUG - findfont: score(FontEntry(fname='C:\\Windows\\Fonts\\MISTRAL.TTF', index=0, name='Mistral', style='normal', variant='normal', weight=400, stretch='normal', size='scalable')) = 10.05
2026-08-07 15:08:41,199 - DEBUG - findfont: score(FontEntry(fname='C:\\Windows\\Fonts\\GARAIT.TTF', index=0, name='Garamond', style='italic', variant='normal', weight=400, stretch='normal', size='scalable')) = 11.05
2026-08-07 15:08:41,199 - DEBUG - findfont: score(FontEntry(fname='C:\\Program Files\\MapInfo\\Professional\\Python310\\Lib\\site-packages\\matplotlib\\mpl-data\\fonts\\ttf\\cmsy10.ttf', index=0, name='cmsy10', style='normal', variant='normal', weight=400, stretch='normal', size='scalable')) = 10.05
2026-08-07 15:08:41,199 - DEBUG - findfont: score(FontEntry(fname='C:\\Windows\\Fonts\\verdana.ttf', index=0, name='Verdana', style='normal', variant='normal', weight=400, stretch='normal', size='scalable')) = 3.6863636363636365
2026-08-07 15:08:41,199 - DEBUG - findfont: score(FontEntry(fname='C:\\Program Files\\MapInfo\\Professional\\Python310\\Lib\\site-packages\\matplotlib\\mpl-data\\fonts\\ttf\\cmss10.ttf', index=0, name='cmss10', style='normal', variant='normal', weight=400, stretch='normal', size='scalable')) = 10.05
2026-08-07 15:08:41,199 - DEBUG - findfont: score(FontEntry(fname='C:\\Program Files\\MapInfo\\Professional\\Python310\\Lib\\site-packages\\matplotlib\\mpl-data\\fonts\\ttf\\STIXGeneralBolIta.ttf', index=0, name='STIXGeneral', style='italic', variant='normal', weight=700, stretch='normal', size='scalable')) = 11.335
2026-08-07 15:08:41,199 - DEBUG - findfont: score(FontEntry(fname='C:\\Windows\\Fonts\\GILBI___.TTF', index=0, name='Gill Sans MT', style='italic', variant='normal', weight=700, stretch='normal', size='scalable')) = 11.335
2026-08-07 15:08:41,199 - DEBUG - findfont: score(FontEntry(fname='C:\\Windows\\Fonts\\consola.ttf', index=0, name='Consolas', style='normal', variant='normal', weight=400, stretch='normal', size='scalable')) = 10.05
2026-08-07 15:08:41,199 - DEBUG - findfont: score(FontEntry(fname='C:\\Windows\\Fonts\\LATINWD.TTF', index=0, name='Wide Latin', style='normal', variant='normal', weight=400, stretch='expanded', size='scalable')) = 10.25
2026-08-07 15:08:41,199 - DEBUG - findfont: score(FontEntry(fname='C:\\Windows\\Fonts\\LSANS.TTF', index=0, name='Lucida Sans', style='normal', variant='normal', weight=400, stretch='normal', size='scalable')) = 10.05
2026-08-07 15:08:41,199 - DEBUG - findfont: score(FontEntry(fname='C:\\Windows\\Fonts\\esri_4.ttf', index=0, name='ESRI Oil, Gas, & Water', style='normal', variant='normal', weight=400, stretch='normal', size='scalable')) = 10.05
2026-08-07 15:08:41,199 - DEBUG - findfont: score(FontEntry(fname='C:\\Windows\\Fonts\\Nirmala.ttc', index=0, name='Nirmala UI', style='normal', variant='normal', weight=400, stretch='normal', size='scalable')) = 10.05
2026-08-07 15:08:41,199 - DEBUG - findfont: score(FontEntry(fname='C:\\Windows\\Fonts\\Nirmala.ttc', index=1, name='Nirmala UI', style='normal', variant='normal', weight=700, stretch='normal', size='scalable')) = 10.335
2026-08-07 15:08:41,199 - DEBUG - findfont: score(FontEntry(fname='C:\\Windows\\Fonts\\Nirmala.ttc', index=2, name='Nirmala UI', style='normal', variant='normal', weight=350, stretch='normal', size='scalable')) = 10.0975
2026-08-07 15:08:41,199 - DEBUG - findfont: score(FontEntry(fname='C:\\Windows\\Fonts\\Nirmala.ttc', index=2, name='Nirmala UI Semilight', style='normal', variant='normal', weight=400, stretch='normal', size='scalable')) = 10.05
2026-08-07 15:08:41,199 - DEBUG - findfont: score(FontEntry(fname='C:\\Windows\\Fonts\\Nirmala.ttc', index=3, name='Nirmala Text', style='normal', variant='normal', weight=400, stretch='normal', size='scalable')) = 10.05
2026-08-07 15:08:41,199 - DEBUG - findfont: score(FontEntry(fname='C:\\Windows\\Fonts\\Nirmala.ttc', index=4, name='Nirmala Text', style='normal', variant='normal', weight=700, stretch='normal', size='scalable')) = 10.335
2026-08-07 15:08:41,199 - DEBUG - findfont: score(FontEntry(fname='C:\\Windows\\Fonts\\Nirmala.ttc', index=5, name='Nirmala Text', style='normal', variant='normal', weight=350, stretch='normal', size='scalable')) = 10.0975
2026-08-07 15:08:41,199 - DEBUG - findfont: score(FontEntry(fname='C:\\Windows\\Fonts\\Nirmala.ttc', index=5, name='Nirmala Text Semilight', style='normal', variant='normal', weight=400, stretch='normal', size='scalable')) = 10.05
2026-08-07 15:08:41,199 - DEBUG - findfont: score(FontEntry(fname='C:\\Windows\\Fonts\\esri_801.ttf', index=0, name='ESRI Enviro Hazard Analysis', style='normal', variant='normal', weight=400, stretch='normal', size='scalable')) = 10.05
2026-08-07 15:08:41,199 - DEBUG - findfont: score(FontEntry(fname='C:\\Windows\\Fonts\\javatext.ttf', index=0, name='Javanese Text', style='normal', variant='normal', weight=400, stretch='normal', size='scalable')) = 10.05
2026-08-07 15:08:41,199 - DEBUG - findfont: score(FontEntry(fname='C:\\Program Files\\MapInfo\\Professional\\Python310\\Lib\\site-packages\\matplotlib\\mpl-data\\fonts\\ttf\\DejaVuSansMono-Oblique.ttf', index=0, name='DejaVu Sans Mono', style='oblique', variant='normal', weight=400, stretch='normal', size='scalable')) = 11.05
2026-08-07 15:08:41,199 - DEBUG - findfont: score(FontEntry(fname='C:\\Windows\\Fonts\\FREESCPT.TTF', index=0, name='Freestyle Script', style='normal', variant='normal', weight=400, stretch='normal', size='scalable')) = 10.05
2026-08-07 15:08:41,201 - DEBUG - findfont: score(FontEntry(fname='C:\\Windows\\Fonts\\corbell.ttf', index=0, name='Corbel', style='normal', variant='normal', weight=300, stretch='normal', size='scalable')) = 10.145
2026-08-07 15:08:41,201 - DEBUG - findfont: score(FontEntry(fname='C:\\Windows\\Fonts\\corbell.ttf', index=0, name='Corbel Light', style='normal', variant='normal', weight=400, stretch='normal', size='scalable')) = 10.05
2026-08-07 15:08:41,201 - DEBUG - findfont: score(FontEntry(fname='C:\\Windows\\Fonts\\esri_33.ttf', index=0, name='ESRI Climate & Precipitation', style='normal', variant='normal', weight=400, stretch='normal', size='scalable')) = 10.05
2026-08-07 15:08:41,201 - DEBUG - findfont: score(FontEntry(fname='C:\\Windows\\Fonts\\FRADMCN.TTF', index=0, name='Franklin Gothic Demi Cond', style='normal', variant='normal', weight=400, stretch='condensed', size='scalable')) = 10.25
2026-08-07 15:08:41,201 - DEBUG - findfont: score(FontEntry(fname='C:\\Windows\\Fonts\\GILLUBCD.TTF', index=0, name='Gill Sans Ultra Bold Condensed', style='normal', variant='normal', weight=400, stretch='condensed', size='scalable')) = 10.25
2026-08-07 15:08:41,201 - DEBUG - findfont: score(FontEntry(fname='C:\\Windows\\Fonts\\LBRITEDI.TTF', index=0, name='Lucida Bright', style='italic', variant='normal', weight=600, stretch='normal', size='scalable')) = 11.24
2026-08-07 15:08:41,201 - DEBUG - findfont: score(FontEntry(fname='C:\\Windows\\Fonts\\segoeui.ttf', index=0, name='Segoe UI', style='normal', variant='normal', weight=400, stretch='normal', size='scalable')) = 10.05
2026-08-07 15:08:41,201 - DEBUG - findfont: score(FontEntry(fname='C:\\Windows\\Fonts\\esri_27Mcr_2.ttf', index=0, name='ESRI Mil2525C Modifiers', style='normal', variant='normal', weight=400, stretch='normal', size='scalable')) = 10.05
2026-08-07 15:08:41,201 - DEBUG - findfont: score(FontEntry(fname='C:\\Program Files\\MapInfo\\Professional\\Python310\\Lib\\site-packages\\matplotlib\\mpl-data\\fonts\\ttf\\DejaVuSans-Oblique.ttf', index=0, name='DejaVu Sans', style='oblique', variant='normal', weight=400, stretch='normal', size='scalable')) = 1.05
2026-08-07 15:08:41,201 - DEBUG - findfont: score(FontEntry(fname='C:\\Windows\\Fonts\\GARABD.TTF', index=0, name='Garamond', style='normal', variant='normal', weight=700, stretch='normal', size='scalable')) = 10.335
2026-08-07 15:08:41,201 - DEBUG - findfont: score(FontEntry(fname='C:\\Windows\\Fonts\\COOPBL.TTF', index=0, name='Cooper Black', style='normal', variant='normal', weight=400, stretch='normal', size='scalable')) = 10.05
2026-08-07 15:08:41,201 - DEBUG - findfont: score(FontEntry(fname='C:\\Windows\\Fonts\\BOD_PSTC.TTF', index=0, name='Bodoni MT', style='normal', variant='normal', weight=300, stretch='normal', size='scalable')) = 10.145
2026-08-07 15:08:41,201 - DEBUG - findfont: score(FontEntry(fname='C:\\Windows\\Fonts\\BOD_PSTC.TTF', index=0, name='Bodoni MT Poster Compressed', style='normal', variant='normal', weight=400, stretch='normal', size='scalable')) = 10.05
2026-08-07 15:08:41,201 - DEBUG - findfont: score(FontEntry(fname='C:\\Windows\\Fonts\\seguihis.ttf', index=0, name='Segoe UI Historic', style='normal', variant='normal', weight=400, stretch='normal', size='scalable')) = 10.05
2026-08-07 15:08:41,201 - DEBUG - findfont: score(FontEntry(fname='C:\\Windows\\Fonts\\LTYPE.TTF', index=0, name='Lucida Sans Typewriter', style='normal', variant='normal', weight=400, stretch='normal', size='scalable')) = 10.05
2026-08-07 15:08:41,201 - DEBUG - findfont: score(FontEntry(fname='C:\\Windows\\Fonts\\CENTAUR.TTF', index=0, name='Centaur', style='normal', variant='normal', weight=400, stretch='normal', size='scalable')) = 10.05
2026-08-07 15:08:41,201 - DEBUG - findfont: score(FontEntry(fname='C:\\Program Files\\MapInfo\\Professional\\Python310\\Lib\\site-packages\\matplotlib\\mpl-data\\fonts\\ttf\\STIXSizFourSymBol.ttf', index=0, name='STIXSizeFourSym', style='normal', variant='normal', weight=700, stretch='normal', size='scalable')) = 10.335
2026-08-07 15:08:41,201 - DEBUG - findfont: score(FontEntry(fname='C:\\Program Files\\MapInfo\\Professional\\Python310\\Lib\\site-packages\\matplotlib\\mpl-data\\fonts\\ttf\\STIXSizFiveSymReg.ttf', index=0, name='STIXSizeFiveSym', style='normal', variant='normal', weight=400, stretch='normal', size='scalable')) = 10.05
2026-08-07 15:08:41,201 - DEBUG - findfont: score(FontEntry(fname='C:\\Windows\\Fonts\\msyi.ttf', index=0, name='Microsoft Yi Baiti', style='normal', variant='normal', weight=400, stretch='normal', size='scalable')) = 10.05
2026-08-07 15:08:41,201 - DEBUG - findfont: score(FontEntry(fname='C:\\Windows\\Fonts\\Milsym01.ttf', index=0, name='Mil Symbols 01', style='normal', variant='normal', weight=400, stretch='normal', size='scalable')) = 10.05
2026-08-07 15:08:41,201 - DEBUG - findfont: score(FontEntry(fname='C:\\Windows\\Fonts\\mvboli.ttf', index=0, name='MV Boli', style='normal', variant='normal', weight=400, stretch='normal', size='scalable')) = 10.05
2026-08-07 15:08:41,201 - DEBUG - findfont: score(FontEntry(fname='C:\\Windows\\Fonts\\Gabriola.ttf', index=0, name='Gabriola', style='normal', variant='normal', weight=400, stretch='normal', size='scalable')) = 10.05
2026-08-07 15:08:41,203 - DEBUG - findfont: score(FontEntry(fname='C:\\Windows\\Fonts\\calibrii.ttf', index=0, name='Calibri', style='italic', variant='normal', weight=400, stretch='normal', size='scalable')) = 11.05
2026-08-07 15:08:41,203 - DEBUG - findfont: score(FontEntry(fname='C:\\Windows\\Fonts\\esri_19.ttf', index=0, name='ESRI MilMod 02', style='normal', variant='normal', weight=400, stretch='normal', size='scalable')) = 10.05
2026-08-07 15:08:41,203 - DEBUG - findfont: score(FontEntry(fname='C:\\Windows\\Fonts\\esri_161.ttf', index=0, name='ESRI Pipeline US 1', style='normal', variant='normal', weight=400, stretch='normal', size='scalable')) = 10.05
2026-08-07 15:08:41,203 - DEBUG - findfont: score(FontEntry(fname='C:\\Windows\\Fonts\\constani.ttf', index=0, name='Constantia', style='italic', variant='normal', weight=400, stretch='normal', size='scalable')) = 11.05
2026-08-07 15:08:41,203 - DEBUG - findfont: score(FontEntry(fname='C:\\Windows\\Fonts\\FRSCRIPT.TTF', index=0, name='French Script MT', style='normal', variant='normal', weight=400, stretch='normal', size='scalable')) = 10.05
2026-08-07 15:08:41,203 - DEBUG - findfont: score(FontEntry(fname='C:\\Windows\\Fonts\\esri_220.ttf', index=0, name='ESRI IGL Font20', style='normal', variant='normal', weight=400, stretch='normal', size='scalable')) = 10.05
2026-08-07 15:08:41,203 - DEBUG - findfont: score(FontEntry(fname='C:\\Program Files\\MapInfo\\Professional\\Python310\\Lib\\site-packages\\matplotlib\\mpl-data\\fonts\\ttf\\STIXNonUniBol.ttf', index=0, name='STIXNonUnicode', style='normal', variant='normal', weight=700, stretch='normal', size='scalable')) = 10.335
2026-08-07 15:08:41,203 - DEBUG - findfont: score(FontEntry(fname='C:\\Windows\\Fonts\\esri_16.ttf', index=0, name='ESRI NIMA City Graphic PT', style='normal', variant='normal', weight=400, stretch='normal', size='scalable')) = 10.05
2026-08-07 15:08:41,203 - DEBUG - findfont: score(FontEntry(fname='C:\\Windows\\Fonts\\comicz.ttf', index=0, name='Comic Sans MS', style='italic', variant='normal', weight=700, stretch='normal', size='scalable')) = 11.335
2026-08-07 15:08:41,203 - DEBUG - findfont: score(FontEntry(fname='C:\\Windows\\Fonts\\ERASBD.TTF', index=0, name='Eras Bold ITC', style='normal', variant='normal', weight=400, stretch='normal', size='scalable')) = 10.05
2026-08-07 15:08:41,203 - DEBUG - findfont: score(FontEntry(fname='C:\\Windows\\Fonts\\PALSCRI.TTF', index=0, name='Palace Script MT', style='normal', variant='normal', weight=400, stretch='normal', size='scalable')) = 10.05
2026-08-07 15:08:41,203 - DEBUG - findfont: score(FontEntry(fname='C:\\Windows\\Fonts\\Milsym03.ttf', index=0, name='Mil Symbols 03', style='normal', variant='normal', weight=400, stretch='normal', size='scalable')) = 10.05
2026-08-07 15:08:41,203 - DEBUG - findfont: score(FontEntry(fname='C:\\Windows\\Fonts\\Milsym04.ttf', index=0, name='Mil Symbols 04', style='normal', variant='normal', weight=400, stretch='normal', size='scalable')) = 10.05
2026-08-07 15:08:41,203 - DEBUG - findfont: score(FontEntry(fname='C:\\Windows\\Fonts\\consolab.ttf', index=0, name='Consolas', style='normal', variant='normal', weight=700, stretch='normal', size='scalable')) = 10.335
2026-08-07 15:08:41,203 - DEBUG - findfont: score(FontEntry(fname='C:\\Windows\\Fonts\\ELEPHNT.TTF', index=0, name='Elephant', style='normal', variant='normal', weight=400, stretch='normal', size='scalable')) = 10.05
2026-08-07 15:08:41,203 - DEBUG - findfont: score(FontEntry(fname='C:\\Windows\\Fonts\\TTMIPOI.ttf', index=0, name='MapInfo Points of Interest', style='normal', variant='normal', weight=400, stretch='normal', size='scalable')) = 10.05
2026-08-07 15:08:41,203 - DEBUG - findfont: score(FontEntry(fname='C:\\Windows\\Fonts\\trebucbi.ttf', index=0, name='Trebuchet MS', style='italic', variant='normal', weight=700, stretch='normal', size='scalable')) = 11.335
2026-08-07 15:08:41,203 - DEBUG - findfont: score(FontEntry(fname='C:\\Windows\\Fonts\\PrecisionSans_W_Bd.ttf', index=0, name='Precision Sans W', style='normal', variant='normal', weight=700, stretch='normal', size='scalable')) = 10.335
2026-08-07 15:08:41,203 - DEBUG - findfont: score(FontEntry(fname='C:\\Windows\\Fonts\\ebrimabd.ttf', index=0, name='Ebrima', style='normal', variant='normal', weight=700, stretch='normal', size='scalable')) = 10.335
2026-08-07 15:08:41,203 - DEBUG - findfont: score(FontEntry(fname='C:\\Windows\\Fonts\\LBRITED.TTF', index=0, name='Lucida Bright', style='normal', variant='normal', weight=600, stretch='normal', size='scalable')) = 10.24
2026-08-07 15:08:41,203 - DEBUG - findfont: score(FontEntry(fname='C:\\Windows\\Fonts\\ERS_v2_Natural_Events_sym.ttf', index=0, name='ERS v2 Natural Events', style='normal', variant='normal', weight=400, stretch='normal', size='scalable')) = 10.05
2026-08-07 15:08:41,205 - DEBUG - findfont: score(FontEntry(fname='C:\\Windows\\Fonts\\seguibli.ttf', index=0, name='Segoe UI', style='italic', variant='normal', weight=900, stretch='normal', size='scalable')) = 11.525
2026-08-07 15:08:41,205 - DEBUG - findfont: score(FontEntry(fname='C:\\Windows\\Fonts\\seguibli.ttf', index=0, name='Segoe UI Black', style='italic', variant='normal', weight=400, stretch='normal', size='scalable')) = 11.05
2026-08-07 15:08:41,205 - DEBUG - findfont: score(FontEntry(fname='C:\\Windows\\Fonts\\esri_130.ttf', index=0, name='ESRI SDS 1.95 1', style='normal', variant='normal', weight=400, stretch='normal', size='scalable')) = 10.05
2026-08-07 15:08:41,205 - DEBUG - findfont: score(FontEntry(fname='C:\\Windows\\Fonts\\BOD_I.TTF', index=0, name='Bodoni MT', style='italic', variant='normal', weight=400, stretch='normal', size='scalable')) = 11.05
2026-08-07 15:08:41,205 - DEBUG - findfont: score(FontEntry(fname='C:\\Windows\\Fonts\\JUICE___.TTF', index=0, name='Juice ITC', style='normal', variant='normal', weight=400, stretch='normal', size='scalable')) = 10.05
2026-08-07 15:08:41,205 - DEBUG - findfont: score(FontEntry(fname='C:\\Windows\\Fonts\\courbd.ttf', index=0, name='Courier New', style='normal', variant='normal', weight=700, stretch='normal', size='scalable')) = 10.335
2026-08-07 15:08:41,205 - DEBUG - findfont: score(FontEntry(fname='C:\\Windows\\Fonts\\AGENCYB.TTF', index=0, name='Agency FB', style='normal', variant='normal', weight=700, stretch='normal', size='scalable')) = 10.335
2026-08-07 15:08:41,205 - DEBUG - findfont: score(FontEntry(fname='C:\\Windows\\Fonts\\TTMIGAS.ttf', index=0, name='MapInfo Gas', style='normal', variant='normal', weight=400, stretch='normal', size='scalable')) = 10.05
2026-08-07 15:08:41,205 - DEBUG - findfont: score(FontEntry(fname='C:\\Windows\\Fonts\\LTYPEB.TTF', index=0, name='Lucida Sans Typewriter', style='normal', variant='normal', weight=600, stretch='normal', size='scalable')) = 10.24
2026-08-07 15:08:41,205 - DEBUG - findfont: score(FontEntry(fname='C:\\Windows\\Fonts\\GLECB.TTF', index=0, name='Gloucester MT Extra Condensed', style='normal', variant='normal', weight=400, stretch='condensed', size='scalable')) = 10.25
2026-08-07 15:08:41,205 - DEBUG - findfont: score(FontEntry(fname='C:\\Windows\\Fonts\\Milmod02.ttf', index=0, name='Mil SymMod 02', style='normal', variant='normal', weight=400, stretch='normal', size='scalable')) = 10.05
2026-08-07 15:08:41,205 - DEBUG - findfont: score(FontEntry(fname='C:\\Program Files\\MapInfo\\Professional\\Python310\\Lib\\site-packages\\matplotlib\\mpl-data\\fonts\\ttf\\DejaVuSans-BoldOblique.ttf', index=0, name='DejaVu Sans', style='oblique', variant='normal', weight=700, stretch='normal', size='scalable')) = 1.335
2026-08-07 15:08:41,205 - DEBUG - findfont: score(FontEntry(fname='C:\\Windows\\Fonts\\INFROMAN.TTF', index=0, name='Informal Roman', style='normal', variant='normal', weight=400, stretch='normal', size='scalable')) = 10.05
2026-08-07 15:08:41,205 - DEBUG - findfont: score(FontEntry(fname='C:\\Windows\\Fonts\\MAPSYM.TTF', index=0, name='Map Symbols', style='normal', variant='normal', weight=400, stretch='normal', size='scalable')) = 10.05
2026-08-07 15:08:41,205 - DEBUG - findfont: score(FontEntry(fname='C:\\Windows\\Fonts\\timesi.ttf', index=0, name='Times New Roman', style='italic', variant='normal', weight=400, stretch='normal', size='scalable')) = 11.05
2026-08-07 15:08:41,205 - DEBUG - findfont: score(FontEntry(fname='C:\\Windows\\Fonts\\CALIFI.TTF', index=0, name='Californian FB', style='italic', variant='normal', weight=400, stretch='normal', size='scalable')) = 11.05
2026-08-07 15:08:41,205 - DEBUG - findfont: score(FontEntry(fname='C:\\Program Files\\MapInfo\\Professional\\Python310\\Lib\\site-packages\\matplotlib\\mpl-data\\fonts\\ttf\\DejaVuSansMono-Bold.ttf', index=0, name='DejaVu Sans Mono', style='normal', variant='normal', weight=700, stretch='normal', size='scalable')) = 10.335
2026-08-07 15:08:41,205 - DEBUG - findfont: score(FontEntry(fname='C:\\Windows\\Fonts\\lucon.ttf', index=0, name='Lucida Console', style='normal', variant='normal', weight=400, stretch='normal', size='scalable')) = 10.05
2026-08-07 15:08:41,205 - DEBUG - findfont: score(FontEntry(fname='C:\\Windows\\Fonts\\esri_1.ttf', index=0, name='ESRI Cartography', style='normal', variant='normal', weight=400, stretch='normal', size='scalable')) = 10.05
2026-08-07 15:08:41,205 - DEBUG - findfont: score(FontEntry(fname='C:\\Windows\\Fonts\\OCRAEXT.TTF', index=0, name='OCR A Extended', style='normal', variant='normal', weight=400, stretch='expanded', size='scalable')) = 10.25
2026-08-07 15:08:41,205 - DEBUG - findfont: score(FontEntry(fname='C:\\Windows\\Fonts\\MapInfo_dispersed_groups.ttf', index=0, name='MapInfo Dispersed Groups', style='normal', variant='normal', weight=400, stretch='normal', size='scalable')) = 10.05
2026-08-07 15:08:41,207 - DEBUG - findfont: score(FontEntry(fname='C:\\Windows\\Fonts\\MapInfo_dispersed_groups.ttf', index=0, name='MapInfo Symbols', style='normal', variant='normal', weight=400, stretch='normal', size='scalable')) = 10.05
2026-08-07 15:08:41,207 - DEBUG - findfont: score(FontEntry(fname='C:\\Windows\\Fonts\\esri_153.ttf', index=0, name='ESRI AMFM Water', style='normal', variant='normal', weight=400, stretch='normal', size='scalable')) = 10.05
2026-08-07 15:08:41,207 - DEBUG - findfont: score(FontEntry(fname='C:\\Windows\\Fonts\\esri_12.ttf', index=0, name='ESRI NIMA DNC PT', style='normal', variant='normal', weight=400, stretch='normal', size='scalable')) = 10.05
2026-08-07 15:08:41,207 - DEBUG - findfont: score(FontEntry(fname='C:\\Windows\\Fonts\\consolaz.ttf', index=0, name='Consolas', style='italic', variant='normal', weight=700, stretch='normal', size='scalable')) = 11.335
2026-08-07 15:08:41,207 - DEBUG - findfont: score(FontEntry(fname='C:\\Windows\\Fonts\\framd.ttf', index=0, name='Franklin Gothic Medium', style='normal', variant='normal', weight=400, stretch='normal', size='scalable')) = 10.05
2026-08-07 15:08:41,207 - DEBUG - findfont: score(FontEntry(fname='C:\\Windows\\Fonts\\RURN____.TTF', index=0, name='Russian1', style='normal', variant='normal', weight=400, stretch='normal', size='scalable')) = 10.05
2026-08-07 15:08:41,207 - DEBUG - findfont: score(FontEntry(fname='C:\\Windows\\Fonts\\SCHLBKBI.TTF', index=0, name='Century Schoolbook', style='italic', variant='normal', weight=700, stretch='normal', size='scalable')) = 11.335
2026-08-07 15:08:41,207 - DEBUG - findfont: score(FontEntry(fname='C:\\Windows\\Fonts\\GOUDOSI.TTF', index=0, name='Goudy Old Style', style='italic', variant='normal', weight=400, stretch='normal', size='scalable')) = 11.05
2026-08-07 15:08:41,207 - DEBUG - findfont: score(FontEntry(fname='C:\\Windows\\Fonts\\segoeuii.ttf', index=0, name='Segoe UI', style='italic', variant='normal', weight=400, stretch='normal', size='scalable')) = 11.05
2026-08-07 15:08:41,207 - DEBUG - findfont: score(FontEntry(fname='C:\\Windows\\Fonts\\esri_13.ttf', index=0, name='ESRI NIMA DNC LN', style='normal', variant='normal', weight=400, stretch='normal', size='scalable')) = 10.05
2026-08-07 15:08:41,207 - DEBUG - findfont: score(FontEntry(fname='C:\\Windows\\Fonts\\esri_159.ttf', index=0, name='ESRI Hydrants', style='normal', variant='normal', weight=400, stretch='normal', size='scalable')) = 10.05
2026-08-07 15:08:41,207 - DEBUG - findfont: score(FontEntry(fname='C:\\Windows\\Fonts\\impact.ttf', index=0, name='Impact', style='normal', variant='normal', weight=400, stretch='normal', size='scalable')) = 10.05
2026-08-07 15:08:41,207 - DEBUG - findfont: score(FontEntry(fname='C:\\Windows\\Fonts\\BOOKOS.TTF', index=0, name='Bookman Old Style', style='normal', variant='normal', weight=300, stretch='normal', size='scalable')) = 10.145
2026-08-07 15:08:41,207 - DEBUG - findfont: score(FontEntry(fname='C:\\Windows\\Fonts\\ERS_v2_Operations_S1_sym.ttf', index=0, name='ERS v2 Operations Stage 01', style='normal', variant='normal', weight=400, stretch='normal', size='scalable')) = 10.05
2026-08-07 15:08:41,207 - DEBUG - findfont: score(FontEntry(fname='C:\\Windows\\Fonts\\ebrima.ttf', index=0, name='Ebrima', style='normal', variant='normal', weight=400, stretch='normal', size='scalable')) = 10.05
2026-08-07 15:08:41,207 - DEBUG - findfont: score(FontEntry(fname='C:\\Windows\\Fonts\\ITCEDSCR.TTF', index=0, name='Edwardian Script ITC', style='normal', variant='normal', weight=400, stretch='normal', size='scalable')) = 10.05
2026-08-07 15:08:41,207 - DEBUG - findfont: score(FontEntry(fname='C:\\Program Files\\MapInfo\\Professional\\Python310\\Lib\\site-packages\\matplotlib\\mpl-data\\fonts\\ttf\\STIXGeneralBol.ttf', index=0, name='STIXGeneral', style='normal', variant='normal', weight=700, stretch='normal', size='scalable')) = 10.335
2026-08-07 15:08:41,207 - DEBUG - findfont: score(FontEntry(fname='C:\\Windows\\Fonts\\segoepr.ttf', index=0, name='Segoe Print', style='normal', variant='normal', weight=400, stretch='normal', size='scalable')) = 10.05
2026-08-07 15:08:41,207 - DEBUG - findfont: score(FontEntry(fname='C:\\Windows\\Fonts\\BRLNSDB.TTF', index=0, name='Berlin Sans FB Demi', style='normal', variant='normal', weight=700, stretch='normal', size='scalable')) = 10.335
2026-08-07 15:08:41,207 - DEBUG - findfont: score(FontEntry(fname='C:\\Windows\\Fonts\\esri_405.ttf', index=0, name='ESRI Elements', style='normal', variant='normal', weight=400, stretch='normal', size='scalable')) = 10.05
2026-08-07 15:08:41,207 - DEBUG - findfont: score(FontEntry(fname='C:\\Program Files\\MapInfo\\Professional\\Python310\\Lib\\site-packages\\matplotlib\\mpl-data\\fonts\\ttf\\DejaVuSansDisplay.ttf', index=0, name='DejaVu Sans Display', style='normal', variant='normal', weight=400, stretch='normal', size='scalable')) = 10.05
2026-08-07 15:08:41,207 - DEBUG - findfont: score(FontEntry(fname='C:\\Windows\\Fonts\\ERS_v2_Infrastructures_S1_sym.ttf', index=0, name='ERS v2 Infrastructures Stage 01', style='normal', variant='normal', weight=400, stretch='normal', size='scalable')) = 10.05
2026-08-07 15:08:41,209 - DEBUG - findfont: score(FontEntry(fname='C:\\Windows\\Fonts\\FRAMDCN.TTF', index=0, name='Franklin Gothic Medium Cond', style='normal', variant='normal', weight=400, stretch='condensed', size='scalable')) = 10.25
2026-08-07 15:08:41,209 - DEBUG - findfont: score(FontEntry(fname='C:\\Windows\\Fonts\\NIAGSOL.TTF', index=0, name='Niagara Solid', style='normal', variant='normal', weight=400, stretch='normal', size='scalable')) = 10.05
2026-08-07 15:08:41,209 - DEBUG - findfont: score(FontEntry(fname='C:\\Windows\\Fonts\\SHOWG.TTF', index=0, name='Showcard Gothic', style='normal', variant='normal', weight=400, stretch='normal', size='scalable')) = 10.05
2026-08-07 15:08:41,209 - DEBUG - findfont: score(FontEntry(fname='C:\\Windows\\Fonts\\LSANSDI.TTF', index=0, name='Lucida Sans', style='italic', variant='normal', weight=600, stretch='normal', size='scalable')) = 11.24
2026-08-07 15:08:41,209 - DEBUG - findfont: score(FontEntry(fname='C:\\Windows\\Fonts\\esri_24.ttf', index=0, name='ESRI MilSym 04', style='normal', variant='normal', weight=400, stretch='normal', size='scalable')) = 10.05
2026-08-07 15:08:41,209 - DEBUG - findfont: score(FontEntry(fname='C:\\Windows\\Fonts\\TCMI____.TTF', index=0, name='Tw Cen MT', style='italic', variant='normal', weight=400, stretch='normal', size='scalable')) = 11.05
2026-08-07 15:08:41,209 - DEBUG - findfont: score(FontEntry(fname='C:\\Windows\\Fonts\\PrecisionSans_W_MdIt.ttf', index=0, name='Precision Sans W', style='italic', variant='normal', weight=500, stretch='normal', size='scalable')) = 11.145
2026-08-07 15:08:41,209 - DEBUG - findfont: score(FontEntry(fname='C:\\Windows\\Fonts\\PrecisionSans_W_MdIt.ttf', index=0, name='Precision Sans W Medium', style='italic', variant='normal', weight=400, stretch='normal', size='scalable')) = 11.05
2026-08-07 15:08:41,209 - DEBUG - findfont: score(FontEntry(fname='C:\\Windows\\Fonts\\BELL.TTF', index=0, name='Bell MT', style='normal', variant='normal', weight=400, stretch='normal', size='scalable')) = 10.05
2026-08-07 15:08:41,209 - DEBUG - findfont: score(FontEntry(fname='C:\\Windows\\Fonts\\Milsym05.ttf', index=0, name='Mil Symbols 05', style='normal', variant='normal', weight=400, stretch='normal', size='scalable')) = 10.05
2026-08-07 15:08:41,209 - DEBUG - findfont: score(FontEntry(fname='C:\\Windows\\Fonts\\palabi.ttf', index=0, name='Palatino Linotype', style='italic', variant='normal', weight=700, stretch='normal', size='scalable')) = 11.335
2026-08-07 15:08:41,209 - DEBUG - findfont: score(FontEntry(fname='C:\\Windows\\Fonts\\BRITANIC.TTF', index=0, name='Britannic Bold', style='normal', variant='normal', weight=400, stretch='normal', size='scalable')) = 10.05
2026-08-07 15:08:41,209 - DEBUG - findfont: score(FontEntry(fname='C:\\Windows\\Fonts\\GLSNECB.TTF', index=0, name='Gill Sans MT Ext Condensed Bold', style='normal', variant='normal', weight=400, stretch='condensed', size='scalable')) = 10.25
2026-08-07 15:08:41,209 - DEBUG - findfont: score(FontEntry(fname='C:\\Windows\\Fonts\\RAGE.TTF', index=0, name='Rage Italic', style='italic', variant='normal', weight=400, stretch='normal', size='scalable')) = 11.05
2026-08-07 15:08:41,209 - DEBUG - findfont: score(FontEntry(fname='C:\\Windows\\Fonts\\LFAXI.TTF', index=0, name='Lucida Fax', style='italic', variant='normal', weight=400, stretch='normal', size='scalable')) = 11.05
2026-08-07 15:08:41,209 - DEBUG - findfont: score(FontEntry(fname='C:\\Windows\\Fonts\\segmdl2.ttf', index=0, name='Segoe MDL2 Assets', style='normal', variant='normal', weight=400, stretch='normal', size='scalable')) = 10.05
2026-08-07 15:08:41,209 - DEBUG - findfont: score(FontEntry(fname='C:\\Program Files\\MapInfo\\Professional\\Python310\\Lib\\site-packages\\matplotlib\\mpl-data\\fonts\\ttf\\DejaVuSans.ttf', index=0, name='DejaVu Sans', style='normal', variant='normal', weight=400, stretch='normal', size='scalable')) = 0.05
2026-08-07 15:08:41,209 - DEBUG - findfont: score(FontEntry(fname='C:\\Windows\\Fonts\\MAGNETOB.TTF', index=0, name='Magneto', style='normal', variant='normal', weight=700, stretch='normal', size='scalable')) = 10.335
2026-08-07 15:08:41,209 - DEBUG - findfont: score(FontEntry(fname='C:\\Windows\\Fonts\\GRPN____.TTF', index=0, name='GreekPlus', style='normal', variant='normal', weight=400, stretch='normal', size='scalable')) = 10.05
2026-08-07 15:08:41,209 - DEBUG - findfont: score(FontEntry(fname='C:\\Windows\\Fonts\\esri_25.ttf', index=0, name='ESRI MilSym 05', style='normal', variant='normal', weight=400, stretch='normal', size='scalable')) = 10.05
2026-08-07 15:08:41,211 - DEBUG - findfont: score(FontEntry(fname='C:\\Windows\\Fonts\\ANTQUABI.TTF', index=0, name='Book Antiqua', style='italic', variant='normal', weight=700, stretch='normal', size='scalable')) = 11.335
2026-08-07 15:08:41,211 - DEBUG - findfont: score(FontEntry(fname='C:\\Windows\\Fonts\\segoeprb.ttf', index=0, name='Segoe Print', style='normal', variant='normal', weight=700, stretch='normal', size='scalable')) = 10.335
2026-08-07 15:08:41,211 - DEBUG - findfont: score(FontEntry(fname='C:\\Windows\\Fonts\\trebuc.ttf', index=0, name='Trebuchet MS', style='normal', variant='normal', weight=400, stretch='normal', size='scalable')) = 10.05
2026-08-07 15:08:41,211 - DEBUG - findfont: score(FontEntry(fname='C:\\Windows\\Fonts\\PrecisionSans_W_BdIt.ttf', index=0, name='Precision Sans W', style='italic', variant='normal', weight=700, stretch='normal', size='scalable')) = 11.335
2026-08-07 15:08:41,211 - DEBUG - findfont: score(FontEntry(fname='C:\\Windows\\Fonts\\LeelUIsl.ttf', index=0, name='Leelawadee UI', style='normal', variant='normal', weight=350, stretch='normal', size='scalable')) = 10.0975
2026-08-07 15:08:41,211 - DEBUG - findfont: score(FontEntry(fname='C:\\Windows\\Fonts\\LeelUIsl.ttf', index=0, name='Leelawadee UI Semilight', style='normal', variant='normal', weight=400, stretch='normal', size='scalable')) = 10.05
2026-08-07 15:08:41,211 - DEBUG - findfont: score(FontEntry(fname='C:\\Windows\\Fonts\\BRLNSR.TTF', index=0, name='Berlin Sans FB', style='normal', variant='normal', weight=400, stretch='normal', size='scalable')) = 10.05
2026-08-07 15:08:41,211 - DEBUG - findfont: score(FontEntry(fname='C:\\Program Files\\MapInfo\\Professional\\Python310\\Lib\\site-packages\\matplotlib\\mpl-data\\fonts\\ttf\\DejaVuSerif-Bold.ttf', index=0, name='DejaVu Serif', style='normal', variant='normal', weight=700, stretch='normal', size='scalable')) = 10.335
2026-08-07 15:08:41,211 - DEBUG - findfont: score(FontEntry(fname='C:\\Windows\\Fonts\\esri_5.ttf', index=0, name='ESRI Weather', style='normal', variant='normal', weight=400, stretch='normal', size='scalable')) = 10.05
2026-08-07 15:08:41,211 - DEBUG - findfont: score(FontEntry(fname='C:\\Windows\\Fonts\\calibrili.ttf', index=0, name='Calibri', style='italic', variant='normal', weight=300, stretch='normal', size='scalable')) = 11.145
2026-08-07 15:08:41,211 - DEBUG - findfont: score(FontEntry(fname='C:\\Windows\\Fonts\\calibrili.ttf', index=0, name='Calibri Light', style='italic', variant='normal', weight=400, stretch='normal', size='scalable')) = 11.05
2026-08-07 15:08:41,211 - DEBUG - findfont: score(FontEntry(fname='C:\\Windows\\Fonts\\ROCC____.TTF', index=0, name='Rockwell Condensed', style='normal', variant='normal', weight=400, stretch='condensed', size='scalable')) = 10.25
2026-08-07 15:08:41,211 - DEBUG - findfont: score(FontEntry(fname='C:\\Windows\\Fonts\\OLDENGL.TTF', index=0, name='Old English Text MT', style='normal', variant='normal', weight=400, stretch='normal', size='scalable')) = 10.05
2026-08-07 15:08:41,211 - DEBUG - findfont: score(FontEntry(fname='C:\\Windows\\Fonts\\ERS_v2_Incidents_sym.ttf', index=0, name='ERS v2 Incidents', style='normal', variant='normal', weight=400, stretch='normal', size='scalable')) = 10.05
2026-08-07 15:08:41,211 - DEBUG - findfont: score(FontEntry(fname='C:\\Windows\\Fonts\\PERTILI.TTF', index=0, name='Perpetua Titling MT', style='normal', variant='normal', weight=300, stretch='normal', size='scalable')) = 10.145
2026-08-07 15:08:41,211 - DEBUG - findfont: score(FontEntry(fname='C:\\Windows\\Fonts\\ROCKBI.TTF', index=0, name='Rockwell', style='italic', variant='normal', weight=700, stretch='normal', size='scalable')) = 11.335
2026-08-07 15:08:41,212 - DEBUG - findfont: score(FontEntry(fname='C:\\Windows\\Fonts\\esri_800.ttf', index=0, name='ESRI Enviro Hazard Incident', style='normal', variant='normal', weight=400, stretch='normal', size='scalable')) = 10.05
2026-08-07 15:08:41,212 - DEBUG - findfont: score(FontEntry(fname='C:\\Windows\\Fonts\\HTOWERTI.TTF', index=0, name='High Tower Text', style='italic', variant='normal', weight=400, stretch='normal', size='scalable')) = 11.05
2026-08-07 15:08:41,212 - DEBUG - findfont: score(FontEntry(fname='C:\\Windows\\Fonts\\AGENCYR.TTF', index=0, name='Agency FB', style='normal', variant='normal', weight=400, stretch='normal', size='scalable')) = 10.05
2026-08-07 15:08:41,212 - DEBUG - findfont: score(FontEntry(fname='C:\\Windows\\Fonts\\segoesc.ttf', index=0, name='Segoe Script', style='normal', variant='normal', weight=400, stretch='normal', size='scalable')) = 10.05
2026-08-07 15:08:41,212 - DEBUG - findfont: score(FontEntry(fname='C:\\Windows\\Fonts\\ITCBLKAD.TTF', index=0, name='Blackadder ITC', style='normal', variant='normal', weight=400, stretch='normal', size='scalable')) = 10.05
2026-08-07 15:08:41,212 - DEBUG - findfont: score(FontEntry(fname='C:\\Windows\\Fonts\\HTOWERT.TTF', index=0, name='High Tower Text', style='normal', variant='normal', weight=400, stretch='normal', size='scalable')) = 10.05
2026-08-07 15:08:41,212 - DEBUG - findfont: score(FontEntry(fname='C:\\Windows\\Fonts\\calibri.ttf', index=0, name='Calibri', style='normal', variant='normal', weight=400, stretch='normal', size='scalable')) = 10.05
2026-08-07 15:08:41,212 - DEBUG - findfont: score(FontEntry(fname='C:\\Windows\\Fonts\\GILSANUB.TTF', index=0, name='Gill Sans Ultra Bold', style='normal', variant='normal', weight=400, stretch='normal', size='scalable')) = 10.05
2026-08-07 15:08:41,212 - DEBUG - findfont: score(FontEntry(fname='C:\\Windows\\Fonts\\TTMIERH.ttf', index=0, name='MapInfo ER Hazmat', style='normal', variant='normal', weight=400, stretch='normal', size='scalable')) = 10.05
2026-08-07 15:08:41,212 - DEBUG - findfont: score(FontEntry(fname='C:\\Windows\\Fonts\\msyhl.ttc', index=0, name='Microsoft YaHei', style='normal', variant='normal', weight=290, stretch='normal', size='scalable')) = 10.1545
2026-08-07 15:08:41,212 - DEBUG - findfont: score(FontEntry(fname='C:\\Windows\\Fonts\\msyhl.ttc', index=0, name='Microsoft YaHei Light', style='normal', variant='normal', weight=400, stretch='normal', size='scalable')) = 10.05
2026-08-07 15:08:41,212 - DEBUG - findfont: score(FontEntry(fname='C:\\Windows\\Fonts\\msyhl.ttc', index=1, name='Microsoft YaHei UI', style='normal', variant='normal', weight=290, stretch='normal', size='scalable')) = 10.1545
2026-08-07 15:08:41,212 - DEBUG - findfont: score(FontEntry(fname='C:\\Windows\\Fonts\\msyhl.ttc', index=1, name='Microsoft YaHei UI Light', style='normal', variant='normal', weight=400, stretch='normal', size='scalable')) = 10.05
2026-08-07 15:08:41,212 - DEBUG - findfont: score(FontEntry(fname='C:\\Windows\\Fonts\\constanz.ttf', index=0, name='Constantia', style='italic', variant='normal', weight=700, stretch='normal', size='scalable')) = 11.335
2026-08-07 15:08:41,212 - DEBUG - findfont: score(FontEntry(fname='C:\\Windows\\Fonts\\Milsym02.ttf', index=0, name='Mil Symbols 02', style='normal', variant='normal', weight=400, stretch='normal', size='scalable')) = 10.05
2026-08-07 15:08:41,212 - DEBUG - findfont: score(FontEntry(fname='C:\\Windows\\Fonts\\FRAHV.TTF', index=0, name='Franklin Gothic Heavy', style='normal', variant='normal', weight=400, stretch='normal', size='scalable')) = 10.05
2026-08-07 15:08:41,212 - DEBUG - findfont: score(FontEntry(fname='C:\\Program Files\\MapInfo\\Professional\\Python310\\Lib\\site-packages\\matplotlib\\mpl-data\\fonts\\ttf\\STIXSizOneSymReg.ttf', index=0, name='STIXSizeOneSym', style='normal', variant='normal', weight=400, stretch='normal', size='scalable')) = 10.05
2026-08-07 15:08:41,214 - DEBUG - findfont: score(FontEntry(fname='C:\\Windows\\Fonts\\COLONNA.TTF', index=0, name='Colonna MT', style='normal', variant='normal', weight=400, stretch='normal', size='scalable')) = 10.05
2026-08-07 15:08:41,214 - DEBUG - findfont: score(FontEntry(fname='C:\\Windows\\Fonts\\verdanab.ttf', index=0, name='Verdana', style='normal', variant='normal', weight=700, stretch='normal', size='scalable')) = 3.9713636363636367
2026-08-07 15:08:41,214 - DEBUG - findfont: score(FontEntry(fname='C:\\Windows\\Fonts\\times.ttf', index=0, name='Times New Roman', style='normal', variant='normal', weight=400, stretch='normal', size='scalable')) = 10.05
2026-08-07 15:08:41,214 - DEBUG - findfont: score(FontEntry(fname='C:\\Windows\\Fonts\\constanb.ttf', index=0, name='Constantia', style='normal', variant='normal', weight=700, stretch='normal', size='scalable')) = 10.335
2026-08-07 15:08:41,214 - DEBUG - findfont: score(FontEntry(fname='C:\\Windows\\Fonts\\ERS_v2_Infrastructures_S4_sym.ttf', index=0, name='ERS v2 Infrastructures Stage 04', style='normal', variant='normal', weight=400, stretch='normal', size='scalable')) = 10.05
2026-08-07 15:08:41,214 - DEBUG - findfont: score(FontEntry(fname='C:\\Windows\\Fonts\\PrecisionSans_W_Md.ttf', index=0, name='Precision Sans W', style='normal', variant='normal', weight=500, stretch='normal', size='scalable')) = 10.145
2026-08-07 15:08:41,214 - DEBUG - findfont: score(FontEntry(fname='C:\\Windows\\Fonts\\PrecisionSans_W_Md.ttf', index=0, name='Precision Sans W Medium', style='normal', variant='normal', weight=400, stretch='normal', size='scalable')) = 10.05
2026-08-07 15:08:41,214 - DEBUG - findfont: score(FontEntry(fname='C:\\Windows\\Fonts\\corbeli.ttf', index=0, name='Corbel', style='italic', variant='normal', weight=400, stretch='normal', size='scalable')) = 11.05
2026-08-07 15:08:41,214 - DEBUG - findfont: score(FontEntry(fname='C:\\Windows\\Fonts\\calibril.ttf', index=0, name='Calibri', style='normal', variant='normal', weight=300, stretch='normal', size='scalable')) = 10.145
2026-08-07 15:08:41,214 - DEBUG - findfont: score(FontEntry(fname='C:\\Windows\\Fonts\\calibril.ttf', index=0, name='Calibri Light', style='normal', variant='normal', weight=400, stretch='normal', size='scalable')) = 10.05
2026-08-07 15:08:41,214 - DEBUG - findfont: score(FontEntry(fname='C:\\Windows\\Fonts\\ARMON___.TTF', index=0, name='Armenian4', style='normal', variant='normal', weight=400, stretch='normal', size='scalable')) = 10.05
2026-08-07 15:08:41,214 - DEBUG - findfont: score(FontEntry(fname='C:\\Program Files\\MapInfo\\Professional\\Python310\\Lib\\site-packages\\matplotlib\\mpl-data\\fonts\\ttf\\cmtt10.ttf', index=0, name='cmtt10', style='normal', variant='normal', weight=400, stretch='normal', size='scalable')) = 10.05
2026-08-07 15:08:41,214 - DEBUG - findfont: score(FontEntry(fname='C:\\Windows\\Fonts\\MapInfo World POI.ttf', index=0, name='MapInfo World POI', style='normal', variant='normal', weight=400, stretch='normal', size='scalable')) = 10.05
2026-08-07 15:08:41,214 - DEBUG - findfont: score(FontEntry(fname='C:\\Windows\\Fonts\\phagspa.ttf', index=0, name='Microsoft PhagsPa', style='normal', variant='normal', weight=400, stretch='normal', size='scalable')) = 10.05
2026-08-07 15:08:41,214 - DEBUG - findfont: score(FontEntry(fname='C:\\Windows\\Fonts\\BKANT.TTF', index=0, name='Book Antiqua', style='normal', variant='normal', weight=400, stretch='normal', size='scalable')) = 10.05
2026-08-07 15:08:41,214 - DEBUG - findfont: score(FontEntry(fname='C:\\Windows\\Fonts\\TTMIMI__.TTF', index=0, name='MapInfo Miscellaneous', style='normal', variant='normal', weight=400, stretch='normal', size='scalable')) = 10.05
2026-08-07 15:08:41,214 - DEBUG - findfont: score(FontEntry(fname='C:\\Windows\\Fonts\\msyhbd.ttc', index=0, name='Microsoft YaHei', style='normal', variant='normal', weight=700, stretch='normal', size='scalable')) = 10.335
2026-08-07 15:08:41,214 - DEBUG - findfont: score(FontEntry(fname='C:\\Windows\\Fonts\\msyhbd.ttc', index=1, name='Microsoft YaHei UI', style='normal', variant='normal', weight=700, stretch='normal', size='scalable')) = 10.335
2026-08-07 15:08:41,214 - DEBUG - findfont: score(FontEntry(fname='C:\\Windows\\Fonts\\PERI____.TTF', index=0, name='Perpetua', style='italic', variant='normal', weight=400, stretch='normal', size='scalable')) = 11.05
2026-08-07 15:08:41,214 - DEBUG - findfont: score(FontEntry(fname='C:\\Windows\\Fonts\\gadugi.ttf', index=0, name='Gadugi', style='normal', variant='normal', weight=400, stretch='normal', size='scalable')) = 10.05
2026-08-07 15:08:41,214 - DEBUG - findfont: score(FontEntry(fname='C:\\Windows\\Fonts\\taile.ttf', index=0, name='Microsoft Tai Le', style='normal', variant='normal', weight=400, stretch='normal', size='scalable')) = 10.05
2026-08-07 15:08:41,216 - DEBUG - findfont: score(FontEntry(fname='C:\\Windows\\Fonts\\Etstc___.ttf', index=0, name='ET Structural Canada', style='normal', variant='normal', weight=400, stretch='normal', size='scalable')) = 10.05
2026-08-07 15:08:41,216 - DEBUG - findfont: score(FontEntry(fname='C:\\Windows\\Fonts\\ONYX.TTF', index=0, name='Onyx', style='normal', variant='normal', weight=400, stretch='normal', size='scalable')) = 10.05
2026-08-07 15:08:41,216 - DEBUG - findfont: score(FontEntry(fname='C:\\Windows\\Fonts\\YuGothL.ttc', index=0, name='Yu Gothic', style='normal', variant='normal', weight=300, stretch='normal', size='scalable')) = 10.145
2026-08-07 15:08:41,216 - DEBUG - findfont: score(FontEntry(fname='C:\\Windows\\Fonts\\YuGothL.ttc', index=0, name='Yu Gothic Light', style='normal', variant='normal', weight=400, stretch='normal', size='scalable')) = 10.05
2026-08-07 15:08:41,216 - DEBUG - findfont: score(FontEntry(fname='C:\\Windows\\Fonts\\YuGothL.ttc', index=1, name='Yu Gothic UI', style='normal', variant='normal', weight=300, stretch='normal', size='scalable')) = 10.145
2026-08-07 15:08:41,216 - DEBUG - findfont: score(FontEntry(fname='C:\\Windows\\Fonts\\YuGothL.ttc', index=1, name='Yu Gothic UI Light', style='normal', variant='normal', weight=400, stretch='normal', size='scalable')) = 10.05
2026-08-07 15:08:41,216 - DEBUG - findfont: score(FontEntry(fname='C:\\Windows\\Fonts\\ETWATER_.TTF', index=0, name='ET Water', style='normal', variant='normal', weight=400, stretch='normal', size='scalable')) = 10.05
2026-08-07 15:08:41,216 - DEBUG - findfont: score(FontEntry(fname='C:\\Program Files\\MapInfo\\Professional\\Python310\\Lib\\site-packages\\matplotlib\\mpl-data\\fonts\\ttf\\DejaVuSansMono.ttf', index=0, name='DejaVu Sans Mono', style='normal', variant='normal', weight=400, stretch='normal', size='scalable')) = 10.05
2026-08-07 15:08:41,216 - DEBUG - findfont: score(FontEntry(fname='C:\\Windows\\Fonts\\Mapst_0.ttf', index=0, name='MapSheets', style='normal', variant='normal', weight=400, stretch='normal', size='scalable')) = 10.05
2026-08-07 15:08:41,216 - DEBUG - findfont: score(FontEntry(fname='C:\\Windows\\Fonts\\ariali.ttf', index=0, name='Arial', style='italic', variant='normal', weight=400, stretch='normal', size='scalable')) = 7.413636363636363
2026-08-07 15:08:41,216 - DEBUG - findfont: score(FontEntry(fname='C:\\Windows\\Fonts\\ROCKEB.TTF', index=0, name='Rockwell Extra Bold', style='normal', variant='normal', weight=800, stretch='normal', size='scalable')) = 10.43
2026-08-07 15:08:41,216 - DEBUG - findfont: score(FontEntry(fname='C:\\Windows\\Fonts\\webdings.ttf', index=0, name='Webdings', style='normal', variant='normal', weight=400, stretch='normal', size='scalable')) = 10.05
2026-08-07 15:08:41,216 - DEBUG - findfont: score(FontEntry(fname='C:\\Windows\\Fonts\\YuGothM.ttc', index=0, name='Yu Gothic', style='normal', variant='normal', weight=500, stretch='normal', size='scalable')) = 10.145
2026-08-07 15:08:41,216 - DEBUG - findfont: score(FontEntry(fname='C:\\Windows\\Fonts\\YuGothM.ttc', index=0, name='Yu Gothic Medium', style='normal', variant='normal', weight=400, stretch='normal', size='scalable')) = 10.05
2026-08-07 15:08:41,216 - DEBUG - findfont: score(FontEntry(fname='C:\\Windows\\Fonts\\YuGothM.ttc', index=1, name='Yu Gothic UI', style='normal', variant='normal', weight=400, stretch='normal', size='scalable')) = 10.05
2026-08-07 15:08:41,216 - DEBUG - findfont: score(FontEntry(fname='C:\\Windows\\Fonts\\ERASLGHT.TTF', index=0, name='Eras Light ITC', style='normal', variant='normal', weight=400, stretch='normal', size='scalable')) = 10.05
2026-08-07 15:08:41,216 - DEBUG - findfont: score(FontEntry(fname='C:\\Windows\\Fonts\\corbel.ttf', index=0, name='Corbel', style='normal', variant='normal', weight=400, stretch='normal', size='scalable')) = 10.05
2026-08-07 15:08:41,216 - DEBUG - findfont: score(FontEntry(fname='C:\\Program Files\\MapInfo\\Professional\\Python310\\Lib\\site-packages\\matplotlib\\mpl-data\\fonts\\ttf\\DejaVuSerif-Italic.ttf', index=0, name='DejaVu Serif', style='italic', variant='normal', weight=400, stretch='normal', size='scalable')) = 11.05
2026-08-07 15:08:41,216 - DEBUG - findfont: score(FontEntry(fname='C:\\Windows\\Fonts\\TCCB____.TTF', index=0, name='Tw Cen MT Condensed', style='normal', variant='normal', weight=700, stretch='condensed', size='scalable')) = 10.535
2026-08-07 15:08:41,216 - DEBUG - findfont: score(FontEntry(fname='C:\\Windows\\Fonts\\palai.ttf', index=0, name='Palatino Linotype', style='italic', variant='normal', weight=400, stretch='normal', size='scalable')) = 11.05
2026-08-07 15:08:41,216 - DEBUG - findfont: score(FontEntry(fname='C:\\Windows\\Fonts\\TTMIAR__.TTF', index=0, name='MapInfo Arrows', style='normal', variant='normal', weight=400, stretch='normal', size='scalable')) = 10.05
2026-08-07 15:08:41,218 - DEBUG - findfont: score(FontEntry(fname='C:\\Windows\\Fonts\\LFAXDI.TTF', index=0, name='Lucida Fax', style='italic', variant='normal', weight=600, stretch='normal', size='scalable')) = 11.24
2026-08-07 15:08:41,218 - DEBUG - findfont: score(FontEntry(fname='C:\\Windows\\Fonts\\LSANSI.TTF', index=0, name='Lucida Sans', style='italic', variant='normal', weight=400, stretch='normal', size='scalable')) = 11.05
2026-08-07 15:08:41,218 - DEBUG - findfont: score(FontEntry(fname='C:\\Windows\\Fonts\\esri_144.ttf', index=0, name='ESRI Arrowhead', style='normal', variant='normal', weight=400, stretch='normal', size='scalable')) = 10.05
2026-08-07 15:08:41,218 - DEBUG - findfont: score(FontEntry(fname='C:\\Windows\\Fonts\\PLAYBILL.TTF', index=0, name='Playbill', style='normal', variant='normal', weight=400, stretch='normal', size='scalable')) = 10.05
2026-08-07 15:08:41,218 - DEBUG - findfont: score(FontEntry(fname='C:\\Windows\\Fonts\\CALISTBI.TTF', index=0, name='Calisto MT', style='italic', variant='normal', weight=700, stretch='normal', size='scalable')) = 11.335
2026-08-07 15:08:41,218 - DEBUG - findfont: score(FontEntry(fname='C:\\Windows\\Fonts\\seguisbi.ttf', index=0, name='Segoe UI', style='italic', variant='normal', weight=600, stretch='normal', size='scalable')) = 11.24
2026-08-07 15:08:41,218 - DEBUG - findfont: score(FontEntry(fname='C:\\Windows\\Fonts\\seguisbi.ttf', index=0, name='Segoe UI Semibold', style='italic', variant='normal', weight=400, stretch='normal', size='scalable')) = 11.05
2026-08-07 15:08:41,218 - DEBUG - findfont: score(FontEntry(fname='C:\\Windows\\Fonts\\GOUDOS.TTF', index=0, name='Goudy Old Style', style='normal', variant='normal', weight=400, stretch='normal', size='scalable')) = 10.05
2026-08-07 15:08:41,218 - DEBUG - findfont: score(FontEntry(fname='C:\\Windows\\Fonts\\ANTQUAB.TTF', index=0, name='Book Antiqua', style='normal', variant='normal', weight=700, stretch='normal', size='scalable')) = 10.335
2026-08-07 15:08:41,218 - DEBUG - findfont: score(FontEntry(fname='C:\\Windows\\Fonts\\PrecisionSans_W_Rg.ttf', index=0, name='Precision Sans W', style='normal', variant='normal', weight=400, stretch='normal', size='scalable')) = 10.05
2026-08-07 15:08:41,218 - DEBUG - findfont: score(FontEntry(fname='C:\\Windows\\Fonts\\esri_802.ttf', index=0, name='ESRI Enviro Hazard Sites', style='normal', variant='normal', weight=400, stretch='normal', size='scalable')) = 10.05
2026-08-07 15:08:41,218 - DEBUG - findfont: score(FontEntry(fname='C:\\Windows\\Fonts\\esri_22.ttf', index=0, name='ESRI MilSym 02', style='normal', variant='normal', weight=400, stretch='normal', size='scalable')) = 10.05
2026-08-07 15:08:41,218 - DEBUG - findfont: score(FontEntry(fname='C:\\Windows\\Fonts\\esri_7.ttf', index=0, name='ESRI Geology', style='normal', variant='normal', weight=400, stretch='normal', size='scalable')) = 10.05
2026-08-07 15:08:41,218 - DEBUG - findfont: score(FontEntry(fname='C:\\Windows\\Fonts\\trebucit.ttf', index=0, name='Trebuchet MS', style='italic', variant='normal', weight=400, stretch='normal', size='scalable')) = 11.05
2026-08-07 15:08:41,218 - DEBUG - findfont: score(FontEntry(fname='C:\\Windows\\Fonts\\TEMPSITC.TTF', index=0, name='Tempus Sans ITC', style='normal', variant='normal', weight=400, stretch='normal', size='scalable')) = 10.05
2026-08-07 15:08:41,218 - DEBUG - findfont: score(FontEntry(fname='C:\\Windows\\Fonts\\MTCORSVA.TTF', index=0, name='Monotype Corsiva', style='normal', variant='normal', weight=400, stretch='normal', size='scalable')) = 10.05
2026-08-07 15:08:41,218 - DEBUG - findfont: score(FontEntry(fname='C:\\Windows\\Fonts\\BRADHITC.TTF', index=0, name='Bradley Hand ITC', style='normal', variant='normal', weight=400, stretch='normal', size='scalable')) = 10.05
2026-08-07 15:08:41,218 - DEBUG - findfont: score(FontEntry(fname='C:\\Windows\\Fonts\\Etbasic___.ttf', index=0, name='ET Basic', style='normal', variant='normal', weight=400, stretch='normal', size='scalable')) = 10.05
2026-08-07 15:08:41,218 - DEBUG - findfont: score(FontEntry(fname='C:\\Windows\\Fonts\\Etbasic___.ttf', index=0, name='ET GeoExplore', style='normal', variant='normal', weight=400, stretch='normal', size='scalable')) = 10.05
2026-08-07 15:08:41,218 - DEBUG - findfont: score(FontEntry(fname='C:\\Windows\\Fonts\\esri_224.ttf', index=0, name='ESRI IGL Font24', style='normal', variant='normal', weight=400, stretch='normal', size='scalable')) = 10.05
2026-08-07 15:08:41,220 - DEBUG - findfont: score(FontEntry(fname='C:\\Windows\\Fonts\\comicbd.ttf', index=0, name='Comic Sans MS', style='normal', variant='normal', weight=700, stretch='normal', size='scalable')) = 10.335
2026-08-07 15:08:41,220 - DEBUG - findfont: score(FontEntry(fname='C:\\Windows\\Fonts\\BAUHS93.TTF', index=0, name='Bauhaus 93', style='normal', variant='normal', weight=400, stretch='normal', size='scalable')) = 10.05
2026-08-07 15:08:41,220 - DEBUG - findfont: score(FontEntry(fname='C:\\Windows\\Fonts\\seguisym.ttf', index=0, name='Segoe UI Symbol', style='normal', variant='normal', weight=400, stretch='normal', size='scalable')) = 10.05
2026-08-07 15:08:41,220 - DEBUG - findfont: score(FontEntry(fname='C:\\Windows\\Fonts\\esri_20.ttf', index=0, name='ESRI MilRed 01', style='normal', variant='normal', weight=400, stretch='normal', size='scalable')) = 10.05
2026-08-07 15:08:41,220 - DEBUG - findfont: score(FontEntry(fname='C:\\Windows\\Fonts\\verdanaz.ttf', index=0, name='Verdana', style='italic', variant='normal', weight=700, stretch='normal', size='scalable')) = 4.971363636363637
2026-08-07 15:08:41,220 - DEBUG - findfont: score(FontEntry(fname='C:\\Windows\\Fonts\\GOUDOSB.TTF', index=0, name='Goudy Old Style', style='normal', variant='normal', weight=700, stretch='normal', size='scalable')) = 10.335
2026-08-07 15:08:41,220 - DEBUG - findfont: score(FontEntry(fname='C:\\Windows\\Fonts\\PERTIBD.TTF', index=0, name='Perpetua Titling MT', style='normal', variant='normal', weight=700, stretch='normal', size='scalable')) = 10.335
2026-08-07 15:08:41,220 - DEBUG - findfont: score(FontEntry(fname='C:\\Windows\\Fonts\\LCALLIG.TTF', index=0, name='Lucida Calligraphy', style='italic', variant='normal', weight=400, stretch='normal', size='scalable')) = 11.05
2026-08-07 15:08:41,220 - DEBUG - findfont: score(FontEntry(fname='C:\\Windows\\Fonts\\esri_105.ttf', index=0, name='ESRI Meteorological 01', style='normal', variant='normal', weight=400, stretch='normal', size='scalable')) = 10.05
2026-08-07 15:08:41,221 - DEBUG - findfont: score(FontEntry(fname='C:\\Windows\\Fonts\\simsun.ttc', index=0, name='SimSun', style='normal', variant='normal', weight=400, stretch='normal', size='scalable')) = 10.05
2026-08-07 15:08:41,221 - DEBUG - findfont: score(FontEntry(fname='C:\\Windows\\Fonts\\simsun.ttc', index=1, name='NSimSun', style='normal', variant='normal', weight=400, stretch='normal', size='scalable')) = 10.05
2026-08-07 15:08:41,221 - DEBUG - findfont: score(FontEntry(fname='C:\\Windows\\Fonts\\TTMIER.ttf', index=0, name='MapInfo ER Incident Centers', style='normal', variant='normal', weight=400, stretch='normal', size='scalable')) = 10.05
2026-08-07 15:08:41,221 - DEBUG - findfont: score(FontEntry(fname='C:\\Windows\\Fonts\\gadugib.ttf', index=0, name='Gadugi', style='normal', variant='normal', weight=700, stretch='normal', size='scalable')) = 10.335
2026-08-07 15:08:41,221 - DEBUG - findfont: score(FontEntry(fname='C:\\Windows\\Fonts\\WINGDNG2.TTF', index=0, name='Wingdings 2', style='normal', variant='normal', weight=400, stretch='normal', size='scalable')) = 10.05
2026-08-07 15:08:41,221 - DEBUG - findfont: score(FontEntry(fname='C:\\Windows\\Fonts\\esri_121.ttf', index=0, name='ESRI Ordnance Survey', style='normal', variant='normal', weight=400, stretch='normal', size='scalable')) = 10.05
2026-08-07 15:08:41,221 - DEBUG - findfont: score(FontEntry(fname='C:\\Windows\\Fonts\\ARIALNB.TTF', index=0, name='Arial', style='normal', variant='normal', weight=700, stretch='condensed', size='scalable')) = 6.8986363636363635
2026-08-07 15:08:41,221 - DEBUG - findfont: score(FontEntry(fname='C:\\Windows\\Fonts\\ARIALNB.TTF', index=0, name='Arial Narrow', style='normal', variant='normal', weight=700, stretch='condensed', size='scalable')) = 10.535
2026-08-07 15:08:41,221 - DEBUG - findfont: score(FontEntry(fname='C:\\Windows\\Fonts\\canadashields.TTF', index=0, name='Canadian Shields', style='normal', variant='normal', weight=400, stretch='normal', size='scalable')) = 10.05
2026-08-07 15:08:41,221 - DEBUG - findfont: score(FontEntry(fname='C:\\Windows\\Fonts\\CALIFR.TTF', index=0, name='Californian FB', style='normal', variant='normal', weight=400, stretch='normal', size='scalable')) = 10.05
2026-08-07 15:08:41,221 - DEBUG - findfont: score(FontEntry(fname='C:\\Windows\\Fonts\\RAVIE.TTF', index=0, name='Ravie', style='normal', variant='normal', weight=400, stretch='normal', size='scalable')) = 10.05
2026-08-07 15:08:41,221 - DEBUG - findfont: score(FontEntry(fname='C:\\Windows\\Fonts\\esri_26.ttf', index=0, name='ESRI MilMod 01', style='normal', variant='normal', weight=400, stretch='normal', size='scalable')) = 10.05
2026-08-07 15:08:41,221 - DEBUG - findfont: score(FontEntry(fname='C:\\Windows\\Fonts\\esri_804.ttf', index=0, name='ESRI Fire Incident NFPA', style='normal', variant='normal', weight=400, stretch='normal', size='scalable')) = 10.05
2026-08-07 15:08:41,221 - DEBUG - findfont: score(FontEntry(fname='C:\\Windows\\Fonts\\TTMIOG__.TTF', index=0, name='MapInfo Oil&Gas', style='normal', variant='normal', weight=400, stretch='normal', size='scalable')) = 10.05
2026-08-07 15:08:41,221 - DEBUG - findfont: score(FontEntry(fname='C:\\Windows\\Fonts\\Etstu___.ttf', index=0, name='ET Structural USA', style='normal', variant='normal', weight=400, stretch='normal', size='scalable')) = 10.05
2026-08-07 15:08:41,221 - DEBUG - findfont: score(FontEntry(fname='C:\\Windows\\Fonts\\ERS_v2_Operations_S2_sym.ttf', index=0, name='ERS v2 Operations Stage 02', style='normal', variant='normal', weight=400, stretch='normal', size='scalable')) = 10.05
2026-08-07 15:08:41,221 - DEBUG - findfont: score(FontEntry(fname='C:\\Windows\\Fonts\\SitkaVF.ttf', index=0, name='Sitka', style='normal', variant='normal', weight=400, stretch='normal', size='scalable')) = 10.05
2026-08-07 15:08:41,221 - DEBUG - findfont: score(FontEntry(fname='C:\\Windows\\Fonts\\SitkaVF.ttf', index=0, name='Sitka Text', style='normal', variant='normal', weight=400, stretch='normal', size='scalable')) = 10.05
2026-08-07 15:08:41,221 - DEBUG - findfont: score(FontEntry(fname='C:\\Program Files\\MapInfo\\Professional\\Python310\\Lib\\site-packages\\matplotlib\\mpl-data\\fonts\\ttf\\STIXGeneral.ttf', index=0, name='STIXGeneral', style='normal', variant='normal', weight=400, stretch='normal', size='scalable')) = 10.05
2026-08-07 15:08:41,221 - DEBUG - findfont: score(FontEntry(fname='C:\\Windows\\Fonts\\Candarali.ttf', index=0, name='Candara', style='italic', variant='normal', weight=400, stretch='normal', size='scalable')) = 11.05
2026-08-07 15:08:41,223 - DEBUG - findfont: score(FontEntry(fname='C:\\Windows\\Fonts\\Candarali.ttf', index=0, name='Candara Light', style='italic', variant='normal', weight=400, stretch='normal', size='scalable')) = 11.05
2026-08-07 15:08:41,223 - DEBUG - findfont: score(FontEntry(fname='C:\\Windows\\Fonts\\trebucbd.ttf', index=0, name='Trebuchet MS', style='normal', variant='normal', weight=700, stretch='normal', size='scalable')) = 10.335
2026-08-07 15:08:41,223 - DEBUG - findfont: score(FontEntry(fname='C:\\Program Files\\MapInfo\\Professional\\Python310\\Lib\\site-packages\\matplotlib\\mpl-data\\fonts\\ttf\\cmmi10.ttf', index=0, name='cmmi10', style='normal', variant='normal', weight=400, stretch='normal', size='scalable')) = 10.05
2026-08-07 15:08:41,223 - DEBUG - findfont: score(FontEntry(fname='C:\\Windows\\Fonts\\msjhl.ttc', index=0, name='Microsoft JhengHei', style='normal', variant='normal', weight=290, stretch='normal', size='scalable')) = 10.1545
2026-08-07 15:08:41,223 - DEBUG - findfont: score(FontEntry(fname='C:\\Windows\\Fonts\\msjhl.ttc', index=0, name='Microsoft JhengHei Light', style='normal', variant='normal', weight=400, stretch='normal', size='scalable')) = 10.05
2026-08-07 15:08:41,223 - DEBUG - findfont: score(FontEntry(fname='C:\\Windows\\Fonts\\msjhl.ttc', index=1, name='Microsoft JhengHei UI', style='normal', variant='normal', weight=290, stretch='normal', size='scalable')) = 10.1545
2026-08-07 15:08:41,223 - DEBUG - findfont: score(FontEntry(fname='C:\\Windows\\Fonts\\msjhl.ttc', index=1, name='Microsoft JhengHei UI Light', style='normal', variant='normal', weight=400, stretch='normal', size='scalable')) = 10.05
2026-08-07 15:08:41,223 - DEBUG - findfont: score(FontEntry(fname='C:\\Windows\\Fonts\\GIL_____.TTF', index=0, name='Gill Sans MT', style='normal', variant='normal', weight=400, stretch='normal', size='scalable')) = 10.05
2026-08-07 15:08:41,223 - DEBUG - findfont: score(FontEntry(fname='C:\\Windows\\Fonts\\PrecisionSans_W_LtIt.ttf', index=0, name='Precision Sans W', style='italic', variant='normal', weight=300, stretch='normal', size='scalable')) = 11.145
2026-08-07 15:08:41,223 - DEBUG - findfont: score(FontEntry(fname='C:\\Windows\\Fonts\\PrecisionSans_W_LtIt.ttf', index=0, name='Precision Sans W Light', style='italic', variant='normal', weight=400, stretch='normal', size='scalable')) = 11.05
2026-08-07 15:08:41,223 - DEBUG - findfont: score(FontEntry(fname='C:\\Windows\\Fonts\\esri_3.ttf', index=0, name='ESRI Geometric Symbols', style='normal', variant='normal', weight=400, stretch='normal', size='scalable')) = 10.05
2026-08-07 15:08:41,223 - DEBUG - findfont: score(FontEntry(fname='C:\\Windows\\Fonts\\ERS_v2_Operations_S3_sym.ttf', index=0, name='ERS v2 Operations Stage 03', style='normal', variant='normal', weight=400, stretch='normal', size='scalable')) = 10.05
2026-08-07 15:08:41,223 - DEBUG - findfont: score(FontEntry(fname='C:\\Windows\\Fonts\\cour.ttf', index=0, name='Courier New', style='normal', variant='normal', weight=400, stretch='normal', size='scalable')) = 10.05
2026-08-07 15:08:41,223 - DEBUG - findfont: score(FontEntry(fname='C:\\Windows\\Fonts\\esri_376.ttf', index=0, name='ESRI Caves 2', style='normal', variant='normal', weight=400, stretch='normal', size='scalable')) = 10.05
2026-08-07 15:08:41,223 - DEBUG - findfont: score(FontEntry(fname='C:\\Windows\\Fonts\\BOOKOSBI.TTF', index=0, name='Bookman Old Style', style='italic', variant='normal', weight=600, stretch='normal', size='scalable')) = 11.24
2026-08-07 15:08:41,223 - DEBUG - findfont: score(FontEntry(fname='C:\\Windows\\Fonts\\segoescb.ttf', index=0, name='Segoe Script', style='normal', variant='normal', weight=700, stretch='normal', size='scalable')) = 10.335
2026-08-07 15:08:41,223 - DEBUG - findfont: score(FontEntry(fname='C:\\Program Files\\MapInfo\\Professional\\Python310\\Lib\\site-packages\\matplotlib\\mpl-data\\fonts\\ttf\\STIXGeneralItalic.ttf', index=0, name='STIXGeneral', style='italic', variant='normal', weight=400, stretch='normal', size='scalable')) = 11.05
2026-08-07 15:08:41,223 - DEBUG - findfont: score(FontEntry(fname='C:\\Windows\\Fonts\\PARCHM.TTF', index=0, name='Parchment', style='normal', variant='normal', weight=400, stretch='normal', size='scalable')) = 10.05
2026-08-07 15:08:41,223 - DEBUG - findfont: score(FontEntry(fname='C:\\Windows\\Fonts\\SCRIPTBL.TTF', index=0, name='Script MT Bold', style='normal', variant='normal', weight=700, stretch='normal', size='scalable')) = 10.335
2026-08-07 15:08:41,223 - DEBUG - findfont: score(FontEntry(fname='C:\\Windows\\Fonts\\GILC____.TTF', index=0, name='Gill Sans MT Condensed', style='normal', variant='normal', weight=400, stretch='condensed', size='scalable')) = 10.25
2026-08-07 15:08:41,223 - DEBUG - findfont: score(FontEntry(fname='C:\\Windows\\Fonts\\esri_17.ttf', index=0, name='ESRI NIMA City Graphic LN', style='normal', variant='normal', weight=400, stretch='normal', size='scalable')) = 10.05
2026-08-07 15:08:41,225 - DEBUG - findfont: score(FontEntry(fname='C:\\Windows\\Fonts\\cambriai.ttf', index=0, name='Cambria', style='italic', variant='normal', weight=400, stretch='normal', size='scalable')) = 11.05
2026-08-07 15:08:41,225 - DEBUG - findfont: score(FontEntry(fname='C:\\Windows\\Fonts\\esri_216.ttf', index=0, name='ESRI IGL Font16', style='normal', variant='normal', weight=400, stretch='normal', size='scalable')) = 10.05
2026-08-07 15:08:41,225 - DEBUG - findfont: score(FontEntry(fname='C:\\Windows\\Fonts\\LTYPEO.TTF', index=0, name='Lucida Sans Typewriter', style='oblique', variant='normal', weight=400, stretch='normal', size='scalable')) = 11.05
2026-08-07 15:08:41,225 - DEBUG - findfont: score(FontEntry(fname='C:\\Program Files\\MapInfo\\Professional\\Python310\\Lib\\site-packages\\matplotlib\\mpl-data\\fonts\\ttf\\STIXSizTwoSymBol.ttf', index=0, name='STIXSizeTwoSym', style='normal', variant='normal', weight=700, stretch='normal', size='scalable')) = 10.335
2026-08-07 15:08:41,225 - DEBUG - findfont: score(FontEntry(fname='C:\\Windows\\Fonts\\BOD_CB.TTF', index=0, name='Bodoni MT', style='normal', variant='normal', weight=700, stretch='condensed', size='scalable')) = 10.535
2026-08-07 15:08:41,225 - DEBUG - findfont: score(FontEntry(fname='C:\\Windows\\Fonts\\BOD_CB.TTF', index=0, name='Bodoni MT Condensed', style='normal', variant='normal', weight=700, stretch='condensed', size='scalable')) = 10.535
2026-08-07 15:08:41,225 - DEBUG - findfont: score(FontEntry(fname='C:\\Windows\\Fonts\\SitkaVF-Italic.ttf', index=0, name='Sitka', style='italic', variant='normal', weight=400, stretch='normal', size='scalable')) = 11.05
2026-08-07 15:08:41,225 - DEBUG - findfont: score(FontEntry(fname='C:\\Windows\\Fonts\\SitkaVF-Italic.ttf', index=0, name='Sitka Text', style='italic', variant='normal', weight=400, stretch='normal', size='scalable')) = 11.05
2026-08-07 15:08:41,225 - DEBUG - findfont: score(FontEntry(fname='C:\\Windows\\Fonts\\esri_15.ttf', index=0, name='ESRI NIMA VMAP1&2 LN', style='normal', variant='normal', weight=400, stretch='normal', size='scalable')) = 10.05
2026-08-07 15:08:41,225 - DEBUG - findfont: score(FontEntry(fname='C:\\Windows\\Fonts\\ETGAS.ttf', index=0, name='ET GAS Symbols', style='normal', variant='normal', weight=400, stretch='normal', size='scalable')) = 10.05
2026-08-07 15:08:41,225 - DEBUG - findfont: score(FontEntry(fname='C:\\Windows\\Fonts\\TTMIWE__.TTF', index=0, name='MapInfo Weather', style='normal', variant='normal', weight=400, stretch='normal', size='scalable')) = 10.05
2026-08-07 15:08:41,225 - DEBUG - findfont: score(FontEntry(fname='C:\\Windows\\Fonts\\TTMIRE__.TTF', index=0, name='MapInfo Real Estate', style='normal', variant='normal', weight=400, stretch='normal', size='scalable')) = 10.05
2026-08-07 15:08:41,225 - DEBUG - findfont: score(FontEntry(fname='C:\\Windows\\Fonts\\VINERITC.TTF', index=0, name='Viner Hand ITC', style='normal', variant='normal', weight=400, stretch='normal', size='scalable')) = 10.05
2026-08-07 15:08:41,225 - DEBUG - findfont: score(FontEntry(fname='C:\\Windows\\Fonts\\CALIST.TTF', index=0, name='Calisto MT', style='normal', variant='normal', weight=400, stretch='normal', size='scalable')) = 10.05
2026-08-07 15:08:41,225 - DEBUG - findfont: score(FontEntry(fname='C:\\Windows\\Fonts\\esri_21.ttf', index=0, name='ESRI MilSym 01', style='normal', variant='normal', weight=400, stretch='normal', size='scalable')) = 10.05
2026-08-07 15:08:41,225 - DEBUG - findfont: score(FontEntry(fname='C:\\Windows\\Fonts\\LSANSD.TTF', index=0, name='Lucida Sans', style='normal', variant='normal', weight=600, stretch='normal', size='scalable')) = 10.24
2026-08-07 15:08:41,225 - DEBUG - findfont: score(FontEntry(fname='C:\\Windows\\Fonts\\COPRGTL.TTF', index=0, name='Copperplate Gothic Light', style='normal', variant='normal', weight=400, stretch='normal', size='scalable')) = 10.05
2026-08-07 15:08:41,225 - DEBUG - findfont: score(FontEntry(fname='C:\\Windows\\Fonts\\HARLOWSI.TTF', index=0, name='Harlow Solid Italic', style='italic', variant='normal', weight=400, stretch='normal', size='scalable')) = 11.05
2026-08-07 15:08:41,225 - DEBUG - findfont: score(FontEntry(fname='C:\\Windows\\Fonts\\msgothic.ttc', index=0, name='MS Gothic', style='normal', variant='normal', weight=400, stretch='normal', size='scalable')) = 10.05
2026-08-07 15:08:41,225 - DEBUG - findfont: score(FontEntry(fname='C:\\Windows\\Fonts\\msgothic.ttc', index=1, name='MS UI Gothic', style='normal', variant='normal', weight=400, stretch='normal', size='scalable')) = 10.05
2026-08-07 15:08:41,225 - DEBUG - findfont: score(FontEntry(fname='C:\\Windows\\Fonts\\msgothic.ttc', index=2, name='MS PGothic', style='normal', variant='normal', weight=400, stretch='normal', size='scalable')) = 10.05
2026-08-07 15:08:41,225 - DEBUG - findfont: score(FontEntry(fname='C:\\Windows\\Fonts\\esri_225.ttf', index=0, name='ESRI IGL Font25', style='normal', variant='normal', weight=400, stretch='normal', size='scalable')) = 10.05
2026-08-07 15:08:41,227 - DEBUG - findfont: score(FontEntry(fname='C:\\Windows\\Fonts\\esri_803.ttf', index=0, name='ESRI Hazardous Materials', style='normal', variant='normal', weight=400, stretch='normal', size='scalable')) = 10.05
2026-08-07 15:08:41,227 - DEBUG - findfont: score(FontEntry(fname='C:\\Windows\\Fonts\\phagspab.ttf', index=0, name='Microsoft PhagsPa', style='normal', variant='normal', weight=700, stretch='normal', size='scalable')) = 10.335
2026-08-07 15:08:41,227 - DEBUG - findfont: score(FontEntry(fname='C:\\Windows\\Fonts\\esri_150.ttf', index=0, name='ESRI AMFM Electric', style='normal', variant='normal', weight=400, stretch='normal', size='scalable')) = 10.05
2026-08-07 15:08:41,227 - DEBUG - findfont: score(FontEntry(fname='C:\\Windows\\Fonts\\georgiab.ttf', index=0, name='Georgia', style='normal', variant='normal', weight=700, stretch='normal', size='scalable')) = 10.335
2026-08-07 15:08:41,227 - DEBUG - findfont: score(FontEntry(fname='C:\\Windows\\Fonts\\FRADMIT.TTF', index=0, name='Franklin Gothic Demi', style='italic', variant='normal', weight=400, stretch='normal', size='scalable')) = 11.05
2026-08-07 15:08:41,227 - DEBUG - findfont: score(FontEntry(fname='C:\\Windows\\Fonts\\BOD_R.TTF', index=0, name='Bodoni MT', style='normal', variant='normal', weight=400, stretch='normal', size='scalable')) = 10.05
2026-08-07 15:08:41,227 - DEBUG - findfont: score(FontEntry(fname='C:\\Windows\\Fonts\\LBRITE.TTF', index=0, name='Lucida Bright', style='normal', variant='normal', weight=400, stretch='normal', size='scalable')) = 10.05
2026-08-07 15:08:41,227 - DEBUG - findfont: score(FontEntry(fname='C:\\Windows\\Fonts\\REFSAN.TTF', index=0, name='MS Reference Sans Serif', style='normal', variant='normal', weight=400, stretch='normal', size='scalable')) = 10.05
2026-08-07 15:08:41,227 - DEBUG - findfont: score(FontEntry(fname='C:\\Windows\\Fonts\\MATURASC.TTF', index=0, name='Matura MT Script Capitals', style='normal', variant='normal', weight=400, stretch='normal', size='scalable')) = 10.05
2026-08-07 15:08:41,227 - DEBUG - findfont: score(FontEntry(fname='C:\\Windows\\Fonts\\cambria.ttc', index=0, name='Cambria', style='normal', variant='normal', weight=400, stretch='normal', size='scalable')) = 10.05
2026-08-07 15:08:41,228 - DEBUG - findfont: score(FontEntry(fname='C:\\Windows\\Fonts\\cambria.ttc', index=1, name='Cambria Math', style='normal', variant='normal', weight=400, stretch='normal', size='scalable')) = 10.05
2026-08-07 15:08:41,228 - DEBUG - findfont: score(FontEntry(fname='C:\\Windows\\Fonts\\REFSPCL.TTF', index=0, name='MS Reference Specialty', style='normal', variant='normal', weight=400, stretch='normal', size='scalable')) = 10.05
2026-08-07 15:08:41,228 - DEBUG - findfont: score(FontEntry(fname='C:\\Windows\\Fonts\\cambriab.ttf', index=0, name='Cambria', style='normal', variant='normal', weight=700, stretch='normal', size='scalable')) = 10.335
2026-08-07 15:08:41,228 - DEBUG - findfont: score(FontEntry(fname='C:\\Windows\\Fonts\\WINGDNG3.TTF', index=0, name='Wingdings 3', style='normal', variant='normal', weight=400, stretch='normal', size='scalable')) = 10.05
2026-08-07 15:08:41,228 - DEBUG - findfont: score(FontEntry(fname='C:\\Windows\\Fonts\\SansSerifCollection.ttf', index=0, name='Sans Serif Collection', style='normal', variant='normal', weight=400, stretch='normal', size='scalable')) = 10.05
2026-08-07 15:08:41,228 - DEBUG - findfont: score(FontEntry(fname='C:\\Windows\\Fonts\\CENTURY.TTF', index=0, name='Century', style='normal', variant='normal', weight=400, stretch='normal', size='scalable')) = 10.05
2026-08-07 15:08:41,228 - DEBUG - findfont: score(FontEntry(fname='C:\\Windows\\Fonts\\TTMICG__.TTF', index=0, name='MapInfo Cartographic', style='normal', variant='normal', weight=400, stretch='normal', size='scalable')) = 10.05
2026-08-07 15:08:41,228 - DEBUG - findfont: score(FontEntry(fname='C:\\Windows\\Fonts\\PrecisionSans_W_RgIt.ttf', index=0, name='Precision Sans W', style='italic', variant='normal', weight=400, stretch='normal', size='scalable')) = 11.05
2026-08-07 15:08:41,228 - DEBUG - findfont: score(FontEntry(fname='C:\\Windows\\Fonts\\wingding.ttf', index=0, name='Wingdings', style='normal', variant='normal', weight=400, stretch='normal', size='scalable')) = 10.05
2026-08-07 15:08:41,228 - DEBUG - findfont: score(FontEntry(fname='C:\\Windows\\Fonts\\ITCKRIST.TTF', index=0, name='Kristen ITC', style='normal', variant='normal', weight=400, stretch='normal', size='scalable')) = 10.05
2026-08-07 15:08:41,228 - DEBUG - findfont: score(FontEntry(fname='C:\\Windows\\Fonts\\SegUIVar.ttf', index=0, name='Segoe UI Variable', style='normal', variant='normal', weight=400, stretch='normal', size='scalable')) = 10.05
2026-08-07 15:08:41,228 - DEBUG - findfont: score(FontEntry(fname='C:\\Windows\\Fonts\\corbelli.ttf', index=0, name='Corbel', style='italic', variant='normal', weight=300, stretch='normal', size='scalable')) = 11.145
2026-08-07 15:08:41,228 - DEBUG - findfont: score(FontEntry(fname='C:\\Windows\\Fonts\\corbelli.ttf', index=0, name='Corbel Light', style='italic', variant='normal', weight=400, stretch='normal', size='scalable')) = 11.05
2026-08-07 15:08:41,228 - DEBUG - findfont: score(FontEntry(fname='C:\\Windows\\Fonts\\COPRGTB.TTF', index=0, name='Copperplate Gothic Bold', style='normal', variant='normal', weight=400, stretch='normal', size='scalable')) = 10.05
2026-08-07 15:08:41,228 - DEBUG - findfont: score(FontEntry(fname='C:\\Windows\\Fonts\\symbol.ttf', index=0, name='Symbol', style='normal', variant='normal', weight=400, stretch='normal', size='scalable')) = 10.05
2026-08-07 15:08:41,228 - DEBUG - findfont: score(FontEntry(fname='C:\\Windows\\Fonts\\mingliub.ttc', index=0, name='MingLiU-ExtB', style='normal', variant='normal', weight=400, stretch='normal', size='scalable')) = 10.05
2026-08-07 15:08:41,228 - DEBUG - findfont: score(FontEntry(fname='C:\\Windows\\Fonts\\mingliub.ttc', index=1, name='PMingLiU-ExtB', style='normal', variant='normal', weight=400, stretch='normal', size='scalable')) = 10.05
2026-08-07 15:08:41,228 - DEBUG - findfont: score(FontEntry(fname='C:\\Windows\\Fonts\\mingliub.ttc', index=2, name='MingLiU_HKSCS-ExtB', style='normal', variant='normal', weight=400, stretch='normal', size='scalable')) = 10.05
2026-08-07 15:08:41,230 - DEBUG - findfont: score(FontEntry(fname='C:\\Windows\\Fonts\\mingliub.ttc', index=3, name='MingLiU_MSCS-ExtB', style='normal', variant='normal', weight=400, stretch='normal', size='scalable')) = 10.05
2026-08-07 15:08:41,230 - DEBUG - findfont: score(FontEntry(fname='C:\\Windows\\Fonts\\LFAXD.TTF', index=0, name='Lucida Fax', style='normal', variant='normal', weight=600, stretch='normal', size='scalable')) = 10.24
2026-08-07 15:08:41,230 - DEBUG - findfont: score(FontEntry(fname='C:\\Windows\\Fonts\\CascadiaMono.ttf', index=0, name='Cascadia Mono', style='normal', variant='normal', weight=400, stretch='normal', size='scalable')) = 10.05
2026-08-07 15:08:41,230 - DEBUG - findfont: score(FontEntry(fname='C:\\Windows\\Fonts\\msyh.ttc', index=0, name='Microsoft YaHei', style='normal', variant='normal', weight=400, stretch='normal', size='scalable')) = 10.05
2026-08-07 15:08:41,230 - DEBUG - findfont: score(FontEntry(fname='C:\\Windows\\Fonts\\msyh.ttc', index=1, name='Microsoft YaHei UI', style='normal', variant='normal', weight=400, stretch='normal', size='scalable')) = 10.05
2026-08-07 15:08:41,230 - DEBUG - findfont: score(FontEntry(fname='C:\\Windows\\Fonts\\cambriaz.ttf', index=0, name='Cambria', style='italic', variant='normal', weight=700, stretch='normal', size='scalable')) = 11.335
2026-08-07 15:08:41,230 - DEBUG - findfont: score(FontEntry(fname='C:\\Windows\\Fonts\\IMPRISHA.TTF', index=0, name='Imprint MT Shadow', style='normal', variant='normal', weight=400, stretch='normal', size='scalable')) = 10.05
2026-08-07 15:08:41,230 - DEBUG - findfont: score(FontEntry(fname='C:\\Windows\\Fonts\\HEDN____.TTF', index=0, name='HebrewDove', style='normal', variant='normal', weight=400, stretch='normal', size='scalable')) = 10.05
2026-08-07 15:08:41,230 - DEBUG - findfont: score(FontEntry(fname='C:\\Windows\\Fonts\\POORICH.TTF', index=0, name='Poor Richard', style='normal', variant='normal', weight=400, stretch='normal', size='scalable')) = 10.05
2026-08-07 15:08:41,230 - DEBUG - findfont: score(FontEntry(fname='C:\\Windows\\Fonts\\esri_14.ttf', index=0, name='ESRI NIMA VMAP1&2 PT', style='normal', variant='normal', weight=400, stretch='normal', size='scalable')) = 10.05
2026-08-07 15:08:41,230 - DEBUG - findfont: score(FontEntry(fname='C:\\Windows\\Fonts\\DUBAI-LIGHT.TTF', index=0, name='Dubai', style='normal', variant='normal', weight=300, stretch='normal', size='scalable')) = 10.145
2026-08-07 15:08:41,230 - DEBUG - findfont: score(FontEntry(fname='C:\\Windows\\Fonts\\DUBAI-LIGHT.TTF', index=0, name='Dubai Light', style='normal', variant='normal', weight=400, stretch='normal', size='scalable')) = 10.05
2026-08-07 15:08:41,230 - DEBUG - findfont: score(FontEntry(fname='C:\\Windows\\Fonts\\BOD_B.TTF', index=0, name='Bodoni MT', style='normal', variant='normal', weight=700, stretch='normal', size='scalable')) = 10.335
2026-08-07 15:08:41,230 - DEBUG - findfont: score(FontEntry(fname='C:\\Windows\\Fonts\\esri_2.ttf', index=0, name='ESRI Environmental & Icons', style='normal', variant='normal', weight=400, stretch='normal', size='scalable')) = 10.05
2026-08-07 15:08:41,230 - DEBUG - findfont: score(FontEntry(fname='C:\\Windows\\Fonts\\DUBAI-MEDIUM.TTF', index=0, name='Dubai', style='normal', variant='normal', weight=500, stretch='normal', size='scalable')) = 10.145
2026-08-07 15:08:41,230 - DEBUG - findfont: score(FontEntry(fname='C:\\Windows\\Fonts\\DUBAI-MEDIUM.TTF', index=0, name='Dubai Medium', style='normal', variant='normal', weight=400, stretch='normal', size='scalable')) = 10.05
2026-08-07 15:08:41,230 - DEBUG - findfont: score(FontEntry(fname='C:\\Windows\\Fonts\\BROADW.TTF', index=0, name='Broadway', style='normal', variant='normal', weight=400, stretch='normal', size='scalable')) = 10.05
2026-08-07 15:08:41,230 - DEBUG - findfont: score(FontEntry(fname='C:\\Program Files\\MapInfo\\Professional\\Python310\\Lib\\site-packages\\matplotlib\\mpl-data\\fonts\\ttf\\DejaVuSerif-BoldItalic.ttf', index=0, name='DejaVu Serif', style='italic', variant='normal', weight=700, stretch='normal', size='scalable')) = 11.335
2026-08-07 15:08:41,230 - DEBUG - findfont: score(FontEntry(fname='C:\\Windows\\Fonts\\CALISTB.TTF', index=0, name='Calisto MT', style='normal', variant='normal', weight=700, stretch='normal', size='scalable')) = 10.335
2026-08-07 15:08:41,230 - DEBUG - findfont: score(FontEntry(fname='C:\\Windows\\Fonts\\sylfaen.ttf', index=0, name='Sylfaen', style='normal', variant='normal', weight=400, stretch='normal', size='scalable')) = 10.05
2026-08-07 15:08:41,232 - DEBUG - findfont: score(FontEntry(fname='C:\\Windows\\Fonts\\YuGothB.ttc', index=0, name='Yu Gothic', style='normal', variant='normal', weight=700, stretch='normal', size='scalable')) = 10.335
2026-08-07 15:08:41,232 - DEBUG - findfont: score(FontEntry(fname='C:\\Windows\\Fonts\\YuGothB.ttc', index=1, name='Yu Gothic UI', style='normal', variant='normal', weight=700, stretch='normal', size='scalable')) = 10.335
2026-08-07 15:08:41,232 - DEBUG - findfont: score(FontEntry(fname='C:\\Windows\\Fonts\\YuGothB.ttc', index=2, name='Yu Gothic UI', style='normal', variant='normal', weight=600, stretch='normal', size='scalable')) = 10.24
2026-08-07 15:08:41,232 - DEBUG - findfont: score(FontEntry(fname='C:\\Windows\\Fonts\\YuGothB.ttc', index=2, name='Yu Gothic UI Semibold', style='normal', variant='normal', weight=400, stretch='normal', size='scalable')) = 10.05
2026-08-07 15:08:41,232 - DEBUG - findfont: score(FontEntry(fname='C:\\Windows\\Fonts\\BERNHC.TTF', index=0, name='Bernard MT Condensed', style='normal', variant='normal', weight=400, stretch='condensed', size='scalable')) = 10.25
2026-08-07 15:08:41,233 - DEBUG - findfont: score(FontEntry(fname='C:\\Windows\\Fonts\\GILI____.TTF', index=0, name='Gill Sans MT', style='italic', variant='normal', weight=400, stretch='normal', size='scalable')) = 11.05
2026-08-07 15:08:41,233 - DEBUG - findfont: score(FontEntry(fname='C:\\Windows\\Fonts\\taileb.ttf', index=0, name='Microsoft Tai Le', style='normal', variant='normal', weight=700, stretch='normal', size='scalable')) = 10.335
2026-08-07 15:08:41,233 - DEBUG - findfont: score(FontEntry(fname='C:\\Windows\\Fonts\\LeelaUIb.ttf', index=0, name='Leelawadee UI', style='normal', variant='normal', weight=700, stretch='normal', size='scalable')) = 10.335
2026-08-07 15:08:41,233 - DEBUG - findfont: score(FontEntry(fname='C:\\Program Files\\MapInfo\\Professional\\Python310\\Lib\\site-packages\\matplotlib\\mpl-data\\fonts\\ttf\\STIXNonUniIta.ttf', index=0, name='STIXNonUnicode', style='italic', variant='normal', weight=400, stretch='normal', size='scalable')) = 11.05
2026-08-07 15:08:41,233 - DEBUG - findfont: score(FontEntry(fname='C:\\Windows\\Fonts\\esri_9.ttf', index=0, name='ESRI Transportation & Civic', style='normal', variant='normal', weight=400, stretch='normal', size='scalable')) = 10.05
2026-08-07 15:08:41,233 - DEBUG - findfont: score(FontEntry(fname='C:\\Windows\\Fonts\\esri_651.ttf', index=0, name='ESRI US Forestry 1', style='normal', variant='normal', weight=400, stretch='normal', size='scalable')) = 10.05
2026-08-07 15:08:41,233 - DEBUG - findfont: score(FontEntry(fname='C:\\Windows\\Fonts\\MAIAN.TTF', index=0, name='Maiandra GD', style='normal', variant='normal', weight=400, stretch='normal', size='scalable')) = 10.05
2026-08-07 15:08:41,233 - DEBUG - findfont: score(FontEntry(fname='C:\\Windows\\Fonts\\esri_160.ttf', index=0, name='ESRI Telecom', style='normal', variant='normal', weight=400, stretch='normal', size='scalable')) = 10.05
2026-08-07 15:08:41,233 - DEBUG - findfont: score(FontEntry(fname='C:\\Windows\\Fonts\\segoeuiz.ttf', index=0, name='Segoe UI', style='italic', variant='normal', weight=700, stretch='normal', size='scalable')) = 11.335
2026-08-07 15:08:41,233 - DEBUG - findfont: score(FontEntry(fname='C:\\Windows\\Fonts\\seguili.ttf', index=0, name='Segoe UI', style='italic', variant='normal', weight=300, stretch='normal', size='scalable')) = 11.145
2026-08-07 15:08:41,233 - DEBUG - findfont: score(FontEntry(fname='C:\\Windows\\Fonts\\seguili.ttf', index=0, name='Segoe UI Light', style='italic', variant='normal', weight=400, stretch='normal', size='scalable')) = 11.05
2026-08-07 15:08:41,233 - DEBUG - findfont: score(FontEntry(fname='C:\\Windows\\Fonts\\CascadiaCode.ttf', index=0, name='Cascadia Code', style='normal', variant='normal', weight=400, stretch='normal', size='scalable')) = 10.05
2026-08-07 15:08:41,233 - DEBUG - findfont: score(FontEntry(fname='C:\\Windows\\Fonts\\msjhbd.ttc', index=0, name='Microsoft JhengHei', style='normal', variant='normal', weight=700, stretch='normal', size='scalable')) = 10.335
2026-08-07 15:08:41,233 - DEBUG - findfont: score(FontEntry(fname='C:\\Windows\\Fonts\\msjhbd.ttc', index=1, name='Microsoft JhengHei UI', style='normal', variant='normal', weight=700, stretch='normal', size='scalable')) = 10.335
2026-08-07 15:08:41,233 - DEBUG - findfont: score(FontEntry(fname='C:\\Program Files\\MapInfo\\Professional\\Python310\\Lib\\site-packages\\matplotlib\\mpl-data\\fonts\\ttf\\STIXNonUni.ttf', index=0, name='STIXNonUnicode', style='normal', variant='normal', weight=400, stretch='normal', size='scalable')) = 10.05
2026-08-07 15:08:41,233 - DEBUG - findfont: score(FontEntry(fname='C:\\Windows\\Fonts\\BOD_CBI.TTF', index=0, name='Bodoni MT', style='italic', variant='normal', weight=700, stretch='condensed', size='scalable')) = 11.535
2026-08-07 15:08:41,233 - DEBUG - findfont: score(FontEntry(fname='C:\\Windows\\Fonts\\BOD_CBI.TTF', index=0, name='Bodoni MT Condensed', style='italic', variant='normal', weight=700, stretch='condensed', size='scalable')) = 11.535
2026-08-07 15:08:41,233 - DEBUG - findfont: score(FontEntry(fname='C:\\Windows\\Fonts\\esri_406.ttf', index=0, name='ESRI Commodities', style='normal', variant='normal', weight=400, stretch='normal', size='scalable')) = 10.05
2026-08-07 15:08:41,233 - DEBUG - findfont: score(FontEntry(fname='C:\\Windows\\Fonts\\ntailub.ttf', index=0, name='Microsoft New Tai Lue', style='normal', variant='normal', weight=700, stretch='normal', size='scalable')) = 10.335
2026-08-07 15:08:41,233 - DEBUG - findfont: score(FontEntry(fname='C:\\Program Files\\MapInfo\\Professional\\Python310\\Lib\\site-packages\\matplotlib\\mpl-data\\fonts\\ttf\\DejaVuSerif.ttf', index=0, name='DejaVu Serif', style='normal', variant='normal', weight=400, stretch='normal', size='scalable')) = 10.05
2026-08-07 15:08:41,233 - DEBUG - findfont: score(FontEntry(fname='C:\\Windows\\Fonts\\seguibl.ttf', index=0, name='Segoe UI', style='normal', variant='normal', weight=900, stretch='normal', size='scalable')) = 10.525
2026-08-07 15:08:41,235 - DEBUG - findfont: score(FontEntry(fname='C:\\Windows\\Fonts\\seguibl.ttf', index=0, name='Segoe UI Black', style='normal', variant='normal', weight=400, stretch='normal', size='scalable')) = 10.05
2026-08-07 15:08:41,235 - DEBUG - findfont: score(FontEntry(fname='C:\\Windows\\Fonts\\SCHLBKI.TTF', index=0, name='Century Schoolbook', style='italic', variant='normal', weight=400, stretch='normal', size='scalable')) = 11.05
2026-08-07 15:08:41,235 - DEBUG - findfont: score(FontEntry(fname='C:\\Windows\\Fonts\\MOD20.TTF', index=0, name='Modern No. 20', style='normal', variant='normal', weight=400, stretch='normal', size='scalable')) = 10.05
2026-08-07 15:08:41,235 - DEBUG - findfont: score(FontEntry(fname='C:\\Windows\\Fonts\\esri_152.ttf', index=0, name='ESRI AMFM Sewer', style='normal', variant='normal', weight=400, stretch='normal', size='scalable')) = 10.05
2026-08-07 15:08:41,235 - DEBUG - findfont: score(FontEntry(fname='C:\\Windows\\Fonts\\GOTHICB.TTF', index=0, name='Century Gothic', style='normal', variant='normal', weight=700, stretch='normal', size='scalable')) = 10.335
2026-08-07 15:08:41,235 - DEBUG - findfont: score(FontEntry(fname='C:\\Windows\\Fonts\\ntailu.ttf', index=0, name='Microsoft New Tai Lue', style='normal', variant='normal', weight=400, stretch='normal', size='scalable')) = 10.05
2026-08-07 15:08:41,235 - DEBUG - findfont: score(FontEntry(fname='C:\\Windows\\Fonts\\DUBAI-REGULAR.TTF', index=0, name='Dubai', style='normal', variant='normal', weight=400, stretch='normal', size='scalable')) = 10.05
2026-08-07 15:08:41,235 - DEBUG - findfont: score(FontEntry(fname='C:\\Windows\\Fonts\\PRISTINA.TTF', index=0, name='Pristina', style='normal', variant='normal', weight=400, stretch='normal', size='scalable')) = 10.05
2026-08-07 15:08:41,235 - DEBUG - findfont: score(FontEntry(fname='C:\\Windows\\Fonts\\seguisb.ttf', index=0, name='Segoe UI', style='normal', variant='normal', weight=600, stretch='normal', size='scalable')) = 10.24
2026-08-07 15:08:41,235 - DEBUG - findfont: score(FontEntry(fname='C:\\Windows\\Fonts\\seguisb.ttf', index=0, name='Segoe UI Semibold', style='normal', variant='normal', weight=400, stretch='normal', size='scalable')) = 10.05
2026-08-07 15:08:41,235 - DEBUG - findfont: score(FontEntry(fname='C:\\Windows\\Fonts\\BOOKOSB.TTF', index=0, name='Bookman Old Style', style='normal', variant='normal', weight=600, stretch='normal', size='scalable')) = 10.24
2026-08-07 15:08:41,235 - DEBUG - findfont: score(FontEntry(fname='C:\\Windows\\Fonts\\ROCCB___.TTF', index=0, name='Rockwell Condensed', style='normal', variant='normal', weight=700, stretch='condensed', size='scalable')) = 10.535
2026-08-07 15:08:41,235 - DEBUG - findfont: score(FontEntry(fname='C:\\Windows\\Fonts\\SCHLBKB.TTF', index=0, name='Century Schoolbook', style='normal', variant='normal', weight=700, stretch='normal', size='scalable')) = 10.335
2026-08-07 15:08:41,235 - DEBUG - findfont: score(FontEntry(fname='C:\\Windows\\Fonts\\BELLB.TTF', index=0, name='Bell MT', style='normal', variant='normal', weight=700, stretch='normal', size='scalable')) = 10.335
2026-08-07 15:08:41,235 - DEBUG - findfont: score(FontEntry(fname='C:\\Windows\\Fonts\\ROCK.TTF', index=0, name='Rockwell', style='normal', variant='normal', weight=400, stretch='normal', size='scalable')) = 10.05
2026-08-07 15:08:41,235 - DEBUG - findfont: score(FontEntry(fname='C:\\Windows\\Fonts\\PER_____.TTF', index=0, name='Perpetua', style='normal', variant='normal', weight=400, stretch='normal', size='scalable')) = 10.05
2026-08-07 15:08:41,235 - DEBUG - findfont: score(FontEntry(fname='C:\\Windows\\Fonts\\GOTHIC.TTF', index=0, name='Century Gothic', style='normal', variant='normal', weight=400, stretch='normal', size='scalable')) = 10.05
2026-08-07 15:08:41,235 - DEBUG - findfont: score(FontEntry(fname='C:\\Windows\\Fonts\\arialbi.ttf', index=0, name='Arial', style='italic', variant='normal', weight=700, stretch='normal', size='scalable')) = 7.698636363636363
2026-08-07 15:08:41,235 - DEBUG - findfont: score(FontEntry(fname='C:\\Windows\\Fonts\\pala.ttf', index=0, name='Palatino Linotype', style='normal', variant='normal', weight=400, stretch='normal', size='scalable')) = 10.05
2026-08-07 15:08:41,235 - DEBUG - findfont: score(FontEntry(fname='C:\\Windows\\Fonts\\FRAHVIT.TTF', index=0, name='Franklin Gothic Heavy', style='italic', variant='normal', weight=400, stretch='normal', size='scalable')) = 11.05
2026-08-07 15:08:41,235 - DEBUG - findfont: score(FontEntry(fname='C:\\Windows\\Fonts\\calibriz.ttf', index=0, name='Calibri', style='italic', variant='normal', weight=700, stretch='normal', size='scalable')) = 11.335
2026-08-07 15:08:41,235 - DEBUG - findfont: score(FontEntry(fname='C:\\Windows\\Fonts\\simsunb.ttf', index=0, name='SimSun-ExtB', style='normal', variant='normal', weight=400, stretch='normal', size='scalable')) = 10.05
2026-08-07 15:08:41,237 - DEBUG - findfont: score(FontEntry(fname='C:\\Windows\\Fonts\\ALGER.TTF', index=0, name='Algerian', style='normal', variant='normal', weight=400, stretch='normal', size='scalable')) = 10.05
2026-08-07 15:08:41,237 - DEBUG - findfont: score(FontEntry(fname='C:\\Program Files\\MapInfo\\Professional\\Python310\\Lib\\site-packages\\matplotlib\\mpl-data\\fonts\\ttf\\cmex10.ttf', index=0, name='cmex10', style='normal', variant='normal', weight=400, stretch='normal', size='scalable')) = 10.05
2026-08-07 15:08:41,237 - DEBUG - findfont: score(FontEntry(fname='C:\\Program Files\\MapInfo\\Professional\\Python310\\Lib\\site-packages\\matplotlib\\mpl-data\\fonts\\ttf\\DejaVuSerifDisplay.ttf', index=0, name='DejaVu Serif Display', style='normal', variant='normal', weight=400, stretch='normal', size='scalable')) = 10.05
2026-08-07 15:08:41,237 - DEBUG - findfont: score(FontEntry(fname='C:\\Windows\\Fonts\\msjh.ttc', index=0, name='Microsoft JhengHei', style='normal', variant='normal', weight=400, stretch='normal', size='scalable')) = 10.05
2026-08-07 15:08:41,237 - DEBUG - findfont: score(FontEntry(fname='C:\\Windows\\Fonts\\msjh.ttc', index=1, name='Microsoft JhengHei UI', style='normal', variant='normal', weight=400, stretch='normal', size='scalable')) = 10.05
2026-08-07 15:08:41,237 - DEBUG - findfont: score(FontEntry(fname='C:\\Windows\\Fonts\\Milmod01.ttf', index=0, name='Mil SymMod 01', style='normal', variant='normal', weight=400, stretch='normal', size='scalable')) = 10.05
2026-08-07 15:08:41,237 - DEBUG - findfont: score(FontEntry(fname='C:\\Windows\\Fonts\\BOD_BLAR.TTF', index=0, name='Bodoni MT', style='normal', variant='normal', weight=900, stretch='normal', size='scalable')) = 10.525
2026-08-07 15:08:41,237 - DEBUG - findfont: score(FontEntry(fname='C:\\Windows\\Fonts\\BOD_BLAR.TTF', index=0, name='Bodoni MT Black', style='normal', variant='normal', weight=400, stretch='normal', size='scalable')) = 10.05
2026-08-07 15:08:41,237 - DEBUG - findfont: score(FontEntry(fname='C:\\Windows\\Fonts\\segoeuib.ttf', index=0, name='Segoe UI', style='normal', variant='normal', weight=700, stretch='normal', size='scalable')) = 10.335
2026-08-07 15:08:41,237 - DEBUG - findfont: score(FontEntry(fname='C:\\Windows\\Fonts\\mapisp__.ttf', index=0, name='MapInfo StreetPro', style='normal', variant='normal', weight=400, stretch='normal', size='scalable')) = 10.05
2026-08-07 15:08:41,237 - DEBUG - findfont: score(FontEntry(fname='C:\\Windows\\Fonts\\LFAX.TTF', index=0, name='Lucida Fax', style='normal', variant='normal', weight=400, stretch='normal', size='scalable')) = 10.05
2026-08-07 15:08:41,237 - DEBUG - findfont: score(FontEntry(fname='C:\\Windows\\Fonts\\Candarai.ttf', index=0, name='Candara', style='italic', variant='normal', weight=400, stretch='normal', size='scalable')) = 11.05
2026-08-07 15:08:41,237 - DEBUG - findfont: score(FontEntry(fname='C:\\Windows\\Fonts\\esri_400.ttf', index=0, name='ESRI Geology USGS 95-525', style='normal', variant='normal', weight=400, stretch='normal', size='scalable')) = 10.05
2026-08-07 15:08:41,237 - DEBUG - findfont: score(FontEntry(fname='C:\\Windows\\Fonts\\esri_39.ttf', index=0, name='ESRI Dimensioning', style='normal', variant='normal', weight=400, stretch='normal', size='scalable')) = 10.05
2026-08-07 15:08:41,237 - DEBUG - findfont: score(FontEntry(fname='C:\\Windows\\Fonts\\monbaiti.ttf', index=0, name='Mongolian Baiti', style='normal', variant='normal', weight=400, stretch='normal', size='scalable')) = 10.05
2026-08-07 15:08:41,237 - DEBUG - findfont: score(FontEntry(fname='C:\\Windows\\Fonts\\calibrib.ttf', index=0, name='Calibri', style='normal', variant='normal', weight=700, stretch='normal', size='scalable')) = 10.335
2026-08-07 15:08:41,237 - DEBUG - findfont: Matching sans\-serif:style=normal:variant=normal:weight=normal:stretch=normal:size=10.0 to DejaVu Sans ('C:\\Users\\W0491597\\Documents\\Arun\\TreeAIBox (2)\\TreeAIBox\\.conda\\Lib\\site-packages\\matplotlib\\mpl-data\\fonts\\ttf\\DejaVuSans.ttf') with score of 0.050000.
2026-08-07 15:08:41,276 - DEBUG - findfont: Matching sans\-serif:style=normal:variant=normal:weight=normal:stretch=normal:size=12.0.
2026-08-07 15:08:41,276 - DEBUG - findfont: score(FontEntry(fname='C:\\Users\\W0491597\\Documents\\Arun\\TreeAIBox (2)\\TreeAIBox\\.conda\\Lib\\site-packages\\matplotlib\\mpl-data\\fonts\\ttf\\DejaVuSerif.ttf', index=0, name='DejaVu Serif', style='normal', variant='normal', weight=400, stretch='normal', size='scalable')) = 10.05
2026-08-07 15:08:41,276 - DEBUG - findfont: score(FontEntry(fname='C:\\Users\\W0491597\\Documents\\Arun\\TreeAIBox (2)\\TreeAIBox\\.conda\\Lib\\site-packages\\matplotlib\\mpl-data\\fonts\\ttf\\STIXSizThreeSymReg.ttf', index=0, name='STIXSizeThreeSym', style='normal', variant='normal', weight=400, stretch='normal', size='scalable')) = 10.05
2026-08-07 15:08:41,276 - DEBUG - findfont: score(FontEntry(fname='C:\\Users\\W0491597\\Documents\\Arun\\TreeAIBox (2)\\TreeAIBox\\.conda\\Lib\\site-packages\\matplotlib\\mpl-data\\fonts\\ttf\\STIXGeneralItalic.ttf', index=0, name='STIXGeneral', style='italic', variant='normal', weight=400, stretch='normal', size='scalable')) = 11.05
2026-08-07 15:08:41,276 - DEBUG - findfont: score(FontEntry(fname='C:\\Users\\W0491597\\Documents\\Arun\\TreeAIBox (2)\\TreeAIBox\\.conda\\Lib\\site-packages\\matplotlib\\mpl-data\\fonts\\ttf\\DejaVuSansMono-Bold.ttf', index=0, name='DejaVu Sans Mono', style='normal', variant='normal', weight=700, stretch='normal', size='scalable')) = 10.335
2026-08-07 15:08:41,276 - DEBUG - findfont: score(FontEntry(fname='C:\\Users\\W0491597\\Documents\\Arun\\TreeAIBox (2)\\TreeAIBox\\.conda\\Lib\\site-packages\\matplotlib\\mpl-data\\fonts\\ttf\\DejaVuSerif-BoldItalic.ttf', index=0, name='DejaVu Serif', style='italic', variant='normal', weight=700, stretch='normal', size='scalable')) = 11.335
2026-08-07 15:08:41,276 - DEBUG - findfont: score(FontEntry(fname='C:\\Users\\W0491597\\Documents\\Arun\\TreeAIBox (2)\\TreeAIBox\\.conda\\Lib\\site-packages\\matplotlib\\mpl-data\\fonts\\ttf\\DejaVuSerif-Bold.ttf', index=0, name='DejaVu Serif', style='normal', variant='normal', weight=700, stretch='normal', size='scalable')) = 10.335
2026-08-07 15:08:41,276 - DEBUG - findfont: score(FontEntry(fname='C:\\Users\\W0491597\\Documents\\Arun\\TreeAIBox (2)\\TreeAIBox\\.conda\\Lib\\site-packages\\matplotlib\\mpl-data\\fonts\\ttf\\cmti10.ttf', index=0, name='cmti10', style='normal', variant='normal', weight=400, stretch='normal', size='scalable')) = 10.05
2026-08-07 15:08:41,276 - DEBUG - findfont: score(FontEntry(fname='C:\\Users\\W0491597\\Documents\\Arun\\TreeAIBox (2)\\TreeAIBox\\.conda\\Lib\\site-packages\\matplotlib\\mpl-data\\fonts\\ttf\\LastResortHE-Regular.ttf', index=0, name='Last Resort High-Efficiency', style='normal', variant='normal', weight=400, stretch='normal', size='scalable')) = 10.05
2026-08-07 15:08:41,276 - DEBUG - findfont: score(FontEntry(fname='C:\\Users\\W0491597\\Documents\\Arun\\TreeAIBox (2)\\TreeAIBox\\.conda\\Lib\\site-packages\\matplotlib\\mpl-data\\fonts\\ttf\\STIXSizFiveSymReg.ttf', index=0, name='STIXSizeFiveSym', style='normal', variant='normal', weight=400, stretch='normal', size='scalable')) = 10.05
2026-08-07 15:08:41,276 - DEBUG - findfont: score(FontEntry(fname='C:\\Users\\W0491597\\Documents\\Arun\\TreeAIBox (2)\\TreeAIBox\\.conda\\Lib\\site-packages\\matplotlib\\mpl-data\\fonts\\ttf\\cmss10.ttf', index=0, name='cmss10', style='normal', variant='normal', weight=400, stretch='normal', size='scalable')) = 10.05
2026-08-07 15:08:41,276 - DEBUG - findfont: score(FontEntry(fname='C:\\Users\\W0491597\\Documents\\Arun\\TreeAIBox (2)\\TreeAIBox\\.conda\\Lib\\site-packages\\matplotlib\\mpl-data\\fonts\\ttf\\cmmi10.ttf', index=0, name='cmmi10', style='normal', variant='normal', weight=400, stretch='normal', size='scalable')) = 10.05
2026-08-07 15:08:41,276 - DEBUG - findfont: score(FontEntry(fname='C:\\Users\\W0491597\\Documents\\Arun\\TreeAIBox (2)\\TreeAIBox\\.conda\\Lib\\site-packages\\matplotlib\\mpl-data\\fonts\\ttf\\STIXNonUniBolIta.ttf', index=0, name='STIXNonUnicode', style='italic', variant='normal', weight=700, stretch='normal', size='scalable')) = 11.335
2026-08-07 15:08:41,276 - DEBUG - findfont: score(FontEntry(fname='C:\\Users\\W0491597\\Documents\\Arun\\TreeAIBox (2)\\TreeAIBox\\.conda\\Lib\\site-packages\\matplotlib\\mpl-data\\fonts\\ttf\\STIXNonUniIta.ttf', index=0, name='STIXNonUnicode', style='italic', variant='normal', weight=400, stretch='normal', size='scalable')) = 11.05
2026-08-07 15:08:41,276 - DEBUG - findfont: score(FontEntry(fname='C:\\Users\\W0491597\\Documents\\Arun\\TreeAIBox (2)\\TreeAIBox\\.conda\\Lib\\site-packages\\matplotlib\\mpl-data\\fonts\\ttf\\DejaVuSansMono.ttf', index=0, name='DejaVu Sans Mono', style='normal', variant='normal', weight=400, stretch='normal', size='scalable')) = 10.05
2026-08-07 15:08:41,276 - DEBUG - findfont: score(FontEntry(fname='C:\\Users\\W0491597\\Documents\\Arun\\TreeAIBox (2)\\TreeAIBox\\.conda\\Lib\\site-packages\\matplotlib\\mpl-data\\fonts\\ttf\\DejaVuSansMono-Oblique.ttf', index=0, name='DejaVu Sans Mono', style='oblique', variant='normal', weight=400, stretch='normal', size='scalable')) = 11.05
2026-08-07 15:08:41,276 - DEBUG - findfont: score(FontEntry(fname='C:\\Users\\W0491597\\Documents\\Arun\\TreeAIBox (2)\\TreeAIBox\\.conda\\Lib\\site-packages\\matplotlib\\mpl-data\\fonts\\ttf\\STIXSizThreeSymBol.ttf', index=0, name='STIXSizeThreeSym', style='normal', variant='normal', weight=700, stretch='normal', size='scalable')) = 10.335
2026-08-07 15:08:41,276 - DEBUG - findfont: score(FontEntry(fname='C:\\Users\\W0491597\\Documents\\Arun\\TreeAIBox (2)\\TreeAIBox\\.conda\\Lib\\site-packages\\matplotlib\\mpl-data\\fonts\\ttf\\STIXGeneralBolIta.ttf', index=0, name='STIXGeneral', style='italic', variant='normal', weight=700, stretch='normal', size='scalable')) = 11.335
2026-08-07 15:08:41,276 - DEBUG - findfont: score(FontEntry(fname='C:\\Users\\W0491597\\Documents\\Arun\\TreeAIBox (2)\\TreeAIBox\\.conda\\Lib\\site-packages\\matplotlib\\mpl-data\\fonts\\ttf\\cmsy10.ttf', index=0, name='cmsy10', style='normal', variant='normal', weight=400, stretch='normal', size='scalable')) = 10.05
2026-08-07 15:08:41,276 - DEBUG - findfont: score(FontEntry(fname='C:\\Users\\W0491597\\Documents\\Arun\\TreeAIBox (2)\\TreeAIBox\\.conda\\Lib\\site-packages\\matplotlib\\mpl-data\\fonts\\ttf\\cmtt10.ttf', index=0, name='cmtt10', style='normal', variant='normal', weight=400, stretch='normal', size='scalable')) = 10.05
2026-08-07 15:08:41,276 - DEBUG - findfont: score(FontEntry(fname='C:\\Users\\W0491597\\Documents\\Arun\\TreeAIBox (2)\\TreeAIBox\\.conda\\Lib\\site-packages\\matplotlib\\mpl-data\\fonts\\ttf\\DejaVuSans-BoldOblique.ttf', index=0, name='DejaVu Sans', style='oblique', variant='normal', weight=700, stretch='normal', size='scalable')) = 1.335
2026-08-07 15:08:41,276 - DEBUG - findfont: score(FontEntry(fname='C:\\Users\\W0491597\\Documents\\Arun\\TreeAIBox (2)\\TreeAIBox\\.conda\\Lib\\site-packages\\matplotlib\\mpl-data\\fonts\\ttf\\STIXSizTwoSymBol.ttf', index=0, name='STIXSizeTwoSym', style='normal', variant='normal', weight=700, stretch='normal', size='scalable')) = 10.335
2026-08-07 15:08:41,276 - DEBUG - findfont: score(FontEntry(fname='C:\\Users\\W0491597\\Documents\\Arun\\TreeAIBox (2)\\TreeAIBox\\.conda\\Lib\\site-packages\\matplotlib\\mpl-data\\fonts\\ttf\\DejaVuSans-Oblique.ttf', index=0, name='DejaVu Sans', style='oblique', variant='normal', weight=400, stretch='normal', size='scalable')) = 1.05
2026-08-07 15:08:41,276 - DEBUG - findfont: score(FontEntry(fname='C:\\Users\\W0491597\\Documents\\Arun\\TreeAIBox (2)\\TreeAIBox\\.conda\\Lib\\site-packages\\matplotlib\\mpl-data\\fonts\\ttf\\DejaVuSansDisplay.ttf', index=0, name='DejaVu Sans Display', style='normal', variant='normal', weight=400, stretch='normal', size='scalable')) = 10.05
2026-08-07 15:08:41,276 - DEBUG - findfont: score(FontEntry(fname='C:\\Users\\W0491597\\Documents\\Arun\\TreeAIBox (2)\\TreeAIBox\\.conda\\Lib\\site-packages\\matplotlib\\mpl-data\\fonts\\ttf\\DejaVuSerifDisplay.ttf', index=0, name='DejaVu Serif Display', style='normal', variant='normal', weight=400, stretch='normal', size='scalable')) = 10.05
2026-08-07 15:08:41,276 - DEBUG - findfont: score(FontEntry(fname='C:\\Users\\W0491597\\Documents\\Arun\\TreeAIBox (2)\\TreeAIBox\\.conda\\Lib\\site-packages\\matplotlib\\mpl-data\\fonts\\ttf\\DejaVuSansMono-BoldOblique.ttf', index=0, name='DejaVu Sans Mono', style='oblique', variant='normal', weight=700, stretch='normal', size='scalable')) = 11.335
2026-08-07 15:08:41,276 - DEBUG - findfont: score(FontEntry(fname='C:\\Users\\W0491597\\Documents\\Arun\\TreeAIBox (2)\\TreeAIBox\\.conda\\Lib\\site-packages\\matplotlib\\mpl-data\\fonts\\ttf\\DejaVuSerif-Italic.ttf', index=0, name='DejaVu Serif', style='italic', variant='normal', weight=400, stretch='normal', size='scalable')) = 11.05
2026-08-07 15:08:41,276 - DEBUG - findfont: score(FontEntry(fname='C:\\Users\\W0491597\\Documents\\Arun\\TreeAIBox (2)\\TreeAIBox\\.conda\\Lib\\site-packages\\matplotlib\\mpl-data\\fonts\\ttf\\cmb10.ttf', index=0, name='cmb10', style='normal', variant='normal', weight=400, stretch='normal', size='scalable')) = 10.05
2026-08-07 15:08:41,276 - DEBUG - findfont: score(FontEntry(fname='C:\\Users\\W0491597\\Documents\\Arun\\TreeAIBox (2)\\TreeAIBox\\.conda\\Lib\\site-packages\\matplotlib\\mpl-data\\fonts\\ttf\\cmr10.ttf', index=0, name='cmr10', style='normal', variant='normal', weight=400, stretch='normal', size='scalable')) = 10.05
2026-08-07 15:08:41,276 - DEBUG - findfont: score(FontEntry(fname='C:\\Users\\W0491597\\Documents\\Arun\\TreeAIBox (2)\\TreeAIBox\\.conda\\Lib\\site-packages\\matplotlib\\mpl-data\\fonts\\ttf\\STIXGeneralBol.ttf', index=0, name='STIXGeneral', style='normal', variant='normal', weight=700, stretch='normal', size='scalable')) = 10.335
2026-08-07 15:08:41,276 - DEBUG - findfont: score(FontEntry(fname='C:\\Users\\W0491597\\Documents\\Arun\\TreeAIBox (2)\\TreeAIBox\\.conda\\Lib\\site-packages\\matplotlib\\mpl-data\\fonts\\ttf\\STIXSizOneSymBol.ttf', index=0, name='STIXSizeOneSym', style='normal', variant='normal', weight=700, stretch='normal', size='scalable')) = 10.335
2026-08-07 15:08:41,276 - DEBUG - findfont: score(FontEntry(fname='C:\\Users\\W0491597\\Documents\\Arun\\TreeAIBox (2)\\TreeAIBox\\.conda\\Lib\\site-packages\\matplotlib\\mpl-data\\fonts\\ttf\\STIXSizOneSymReg.ttf', index=0, name='STIXSizeOneSym', style='normal', variant='normal', weight=400, stretch='normal', size='scalable')) = 10.05
2026-08-07 15:08:41,276 - DEBUG - findfont: score(FontEntry(fname='C:\\Users\\W0491597\\Documents\\Arun\\TreeAIBox (2)\\TreeAIBox\\.conda\\Lib\\site-packages\\matplotlib\\mpl-data\\fonts\\ttf\\STIXGeneral.ttf', index=0, name='STIXGeneral', style='normal', variant='normal', weight=400, stretch='normal', size='scalable')) = 10.05
2026-08-07 15:08:41,276 - DEBUG - findfont: score(FontEntry(fname='C:\\Users\\W0491597\\Documents\\Arun\\TreeAIBox (2)\\TreeAIBox\\.conda\\Lib\\site-packages\\matplotlib\\mpl-data\\fonts\\ttf\\STIXNonUniBol.ttf', index=0, name='STIXNonUnicode', style='normal', variant='normal', weight=700, stretch='normal', size='scalable')) = 10.335
2026-08-07 15:08:41,276 - DEBUG - findfont: score(FontEntry(fname='C:\\Users\\W0491597\\Documents\\Arun\\TreeAIBox (2)\\TreeAIBox\\.conda\\Lib\\site-packages\\matplotlib\\mpl-data\\fonts\\ttf\\STIXNonUni.ttf', index=0, name='STIXNonUnicode', style='normal', variant='normal', weight=400, stretch='normal', size='scalable')) = 10.05
2026-08-07 15:08:41,276 - DEBUG - findfont: score(FontEntry(fname='C:\\Users\\W0491597\\Documents\\Arun\\TreeAIBox (2)\\TreeAIBox\\.conda\\Lib\\site-packages\\matplotlib\\mpl-data\\fonts\\ttf\\DejaVuSans-Bold.ttf', index=0, name='DejaVu Sans', style='normal', variant='normal', weight=700, stretch='normal', size='scalable')) = 0.33499999999999996
2026-08-07 15:08:41,276 - DEBUG - findfont: score(FontEntry(fname='C:\\Users\\W0491597\\Documents\\Arun\\TreeAIBox (2)\\TreeAIBox\\.conda\\Lib\\site-packages\\matplotlib\\mpl-data\\fonts\\ttf\\DejaVuSans.ttf', index=0, name='DejaVu Sans', style='normal', variant='normal', weight=400, stretch='normal', size='scalable')) = 0.05
2026-08-07 15:08:41,276 - DEBUG - findfont: score(FontEntry(fname='C:\\Users\\W0491597\\Documents\\Arun\\TreeAIBox (2)\\TreeAIBox\\.conda\\Lib\\site-packages\\matplotlib\\mpl-data\\fonts\\ttf\\STIXSizFourSymReg.ttf', index=0, name='STIXSizeFourSym', style='normal', variant='normal', weight=400, stretch='normal', size='scalable')) = 10.05
2026-08-07 15:08:41,276 - DEBUG - findfont: score(FontEntry(fname='C:\\Users\\W0491597\\Documents\\Arun\\TreeAIBox (2)\\TreeAIBox\\.conda\\Lib\\site-packages\\matplotlib\\mpl-data\\fonts\\ttf\\STIXSizFourSymBol.ttf', index=0, name='STIXSizeFourSym', style='normal', variant='normal', weight=700, stretch='normal', size='scalable')) = 10.335
2026-08-07 15:08:41,276 - DEBUG - findfont: score(FontEntry(fname='C:\\Users\\W0491597\\Documents\\Arun\\TreeAIBox (2)\\TreeAIBox\\.conda\\Lib\\site-packages\\matplotlib\\mpl-data\\fonts\\ttf\\STIXSizTwoSymReg.ttf', index=0, name='STIXSizeTwoSym', style='normal', variant='normal', weight=400, stretch='normal', size='scalable')) = 10.05
2026-08-07 15:08:41,276 - DEBUG - findfont: score(FontEntry(fname='C:\\Users\\W0491597\\Documents\\Arun\\TreeAIBox (2)\\TreeAIBox\\.conda\\Lib\\site-packages\\matplotlib\\mpl-data\\fonts\\ttf\\cmex10.ttf', index=0, name='cmex10', style='normal', variant='normal', weight=400, stretch='normal', size='scalable')) = 10.05
2026-08-07 15:08:41,276 - DEBUG - findfont: score(FontEntry(fname='C:\\Windows\\Fonts\\ENGR.TTF', index=0, name='Engravers MT', style='normal', variant='normal', weight=500, stretch='normal', size='scalable')) = 10.145
2026-08-07 15:08:41,276 - DEBUG - findfont: score(FontEntry(fname='C:\\Windows\\Fonts\\STENCIL.TTF', index=0, name='Stencil', style='normal', variant='normal', weight=400, stretch='normal', size='scalable')) = 10.05
2026-08-07 15:08:41,276 - DEBUG - findfont: score(FontEntry(fname='C:\\Windows\\Fonts\\LTYPEBO.TTF', index=0, name='Lucida Sans Typewriter', style='oblique', variant='normal', weight=600, stretch='normal', size='scalable')) = 11.24
2026-08-07 15:08:41,276 - DEBUG - findfont: score(FontEntry(fname='C:\\Windows\\Fonts\\Mapis___.ttf', index=0, name='MapInfo Shields', style='normal', variant='normal', weight=400, stretch='normal', size='scalable')) = 10.05
2026-08-07 15:08:41,276 - DEBUG - findfont: score(FontEntry(fname='C:\\Windows\\Fonts\\SimsunExtG.ttf', index=0, name='SimSun-ExtG', style='normal', variant='normal', weight=400, stretch='normal', size='scalable')) = 10.05
2026-08-07 15:08:41,276 - DEBUG - findfont: score(FontEntry(fname='C:\\Windows\\Fonts\\BOD_CI.TTF', index=0, name='Bodoni MT', style='italic', variant='normal', weight=400, stretch='condensed', size='scalable')) = 11.25
2026-08-07 15:08:41,276 - DEBUG - findfont: score(FontEntry(fname='C:\\Windows\\Fonts\\BOD_CI.TTF', index=0, name='Bodoni MT Condensed', style='italic', variant='normal', weight=400, stretch='condensed', size='scalable')) = 11.25
2026-08-07 15:08:41,276 - DEBUG - findfont: score(FontEntry(fname='C:\\Program Files\\MapInfo\\Professional\\Python310\\Lib\\site-packages\\matplotlib\\mpl-data\\fonts\\ttf\\DejaVuSans-Bold.ttf', index=0, name='DejaVu Sans', style='normal', variant='normal', weight=700, stretch='normal', size='scalable')) = 0.33499999999999996
2026-08-07 15:08:41,276 - DEBUG - findfont: score(FontEntry(fname='C:\\Windows\\Fonts\\seguisli.ttf', index=0, name='Segoe UI', style='italic', variant='normal', weight=350, stretch='normal', size='scalable')) = 11.0975
2026-08-07 15:08:41,276 - DEBUG - findfont: score(FontEntry(fname='C:\\Windows\\Fonts\\seguisli.ttf', index=0, name='Segoe UI Semilight', style='italic', variant='normal', weight=400, stretch='normal', size='scalable')) = 11.05
2026-08-07 15:08:41,276 - DEBUG - findfont: score(FontEntry(fname='C:\\Windows\\Fonts\\palab.ttf', index=0, name='Palatino Linotype', style='normal', variant='normal', weight=700, stretch='normal', size='scalable')) = 10.335
2026-08-07 15:08:41,276 - DEBUG - findfont: score(FontEntry(fname='C:\\Windows\\Fonts\\esri_23.ttf', index=0, name='ESRI MilSym 03', style='normal', variant='normal', weight=400, stretch='normal', size='scalable')) = 10.05
2026-08-07 15:08:41,276 - DEBUG - findfont: score(FontEntry(fname='C:\\Windows\\Fonts\\mmrtext.ttf', index=0, name='Myanmar Text', style='normal', variant='normal', weight=400, stretch='normal', size='scalable')) = 10.05
2026-08-07 15:08:41,276 - DEBUG - findfont: score(FontEntry(fname='C:\\Windows\\Fonts\\verdanai.ttf', index=0, name='Verdana', style='italic', variant='normal', weight=400, stretch='normal', size='scalable')) = 4.6863636363636365
2026-08-07 15:08:41,276 - DEBUG - findfont: score(FontEntry(fname='C:\\Windows\\Fonts\\PERBI___.TTF', index=0, name='Perpetua', style='italic', variant='normal', weight=700, stretch='normal', size='scalable')) = 11.335
2026-08-07 15:08:41,276 - DEBUG - findfont: score(FontEntry(fname='C:\\Windows\\Fonts\\esri_11.ttf', index=0, name='ESRI Default Marker', style='normal', variant='normal', weight=400, stretch='normal', size='scalable')) = 10.05
2026-08-07 15:08:41,276 - DEBUG - findfont: score(FontEntry(fname='C:\\Windows\\Fonts\\FORTE.TTF', index=0, name='Forte', style='normal', variant='normal', weight=400, stretch='normal', size='scalable')) = 10.05
2026-08-07 15:08:41,276 - DEBUG - findfont: score(FontEntry(fname='C:\\Windows\\Fonts\\PERB____.TTF', index=0, name='Perpetua', style='normal', variant='normal', weight=700, stretch='normal', size='scalable')) = 10.335
2026-08-07 15:08:41,276 - DEBUG - findfont: score(FontEntry(fname='C:\\Windows\\Fonts\\TTMIWA.ttf', index=0, name='MapInfo Water', style='normal', variant='normal', weight=400, stretch='normal', size='scalable')) = 10.05
2026-08-07 15:08:41,276 - DEBUG - findfont: score(FontEntry(fname='C:\\Windows\\Fonts\\BRLNSB.TTF', index=0, name='Berlin Sans FB', style='normal', variant='normal', weight=700, stretch='normal', size='scalable')) = 10.335
2026-08-07 15:08:41,276 - DEBUG - findfont: score(FontEntry(fname='C:\\Windows\\Fonts\\BRUSHSCI.TTF', index=0, name='Brush Script MT', style='italic', variant='normal', weight=400, stretch='normal', size='scalable')) = 11.05
2026-08-07 15:08:41,276 - DEBUG - findfont: score(FontEntry(fname='C:\\Windows\\Fonts\\Inkfree.ttf', index=0, name='Ink Free', style='normal', variant='normal', weight=400, stretch='normal', size='scalable')) = 10.05
2026-08-07 15:08:41,276 - DEBUG - findfont: score(FontEntry(fname='C:\\Windows\\Fonts\\YuGothR.ttc', index=0, name='Yu Gothic', style='normal', variant='normal', weight=400, stretch='normal', size='scalable')) = 10.05
2026-08-07 15:08:41,276 - DEBUG - findfont: score(FontEntry(fname='C:\\Windows\\Fonts\\YuGothR.ttc', index=1, name='Yu Gothic UI', style='normal', variant='normal', weight=350, stretch='normal', size='scalable')) = 10.0975
2026-08-07 15:08:41,276 - DEBUG - findfont: score(FontEntry(fname='C:\\Windows\\Fonts\\YuGothR.ttc', index=1, name='Yu Gothic UI Semilight', style='normal', variant='normal', weight=400, stretch='normal', size='scalable')) = 10.05
2026-08-07 15:08:41,276 - DEBUG - findfont: score(FontEntry(fname='C:\\Windows\\Fonts\\mmrtextb.ttf', index=0, name='Myanmar Text', style='normal', variant='normal', weight=700, stretch='normal', size='scalable')) = 10.335
2026-08-07 15:08:41,276 - DEBUG - findfont: score(FontEntry(fname='C:\\Windows\\Fonts\\comic.ttf', index=0, name='Comic Sans MS', style='normal', variant='normal', weight=400, stretch='normal', size='scalable')) = 10.05
2026-08-07 15:08:41,276 - DEBUG - findfont: score(FontEntry(fname='C:\\Windows\\Fonts\\framdit.ttf', index=0, name='Franklin Gothic Medium', style='italic', variant='normal', weight=400, stretch='normal', size='scalable')) = 11.05
2026-08-07 15:08:41,276 - DEBUG - findfont: score(FontEntry(fname='C:\\Windows\\Fonts\\esri_149.ttf', index=0, name='ESRI Surveyor', style='normal', variant='normal', weight=400, stretch='normal', size='scalable')) = 10.05
2026-08-07 15:08:41,276 - DEBUG - findfont: score(FontEntry(fname='C:\\Windows\\Fonts\\esri_49.ttf', index=0, name='ESRI US MUTCD 3', style='normal', variant='normal', weight=400, stretch='normal', size='scalable')) = 10.05
2026-08-07 15:08:41,276 - DEBUG - findfont: score(FontEntry(fname='C:\\Windows\\Fonts\\esri_222.ttf', index=0, name='ESRI IGL Font22', style='normal', variant='normal', weight=400, stretch='normal', size='scalable')) = 10.05
2026-08-07 15:08:41,276 - DEBUG - findfont: score(FontEntry(fname='C:\\Windows\\Fonts\\BOD_BI.TTF', index=0, name='Bodoni MT', style='italic', variant='normal', weight=700, stretch='normal', size='scalable')) = 11.335
2026-08-07 15:08:41,276 - DEBUG - findfont: score(FontEntry(fname='C:\\Windows\\Fonts\\courbi.ttf', index=0, name='Courier New', style='italic', variant='normal', weight=700, stretch='normal', size='scalable')) = 11.335
2026-08-07 15:08:41,276 - DEBUG - findfont: score(FontEntry(fname='C:\\Windows\\Fonts\\BASKVILL.TTF', index=0, name='Baskerville Old Face', style='normal', variant='normal', weight=400, stretch='normal', size='scalable')) = 10.05
2026-08-07 15:08:41,276 - DEBUG - findfont: score(FontEntry(fname='C:\\Windows\\Fonts\\TTMIOS__.TTF', index=0, name='MapInfo Symbols', style='normal', variant='normal', weight=400, stretch='normal', size='scalable')) = 10.05
2026-08-07 15:08:41,276 - DEBUG - findfont: score(FontEntry(fname='C:\\Windows\\Fonts\\constan.ttf', index=0, name='Constantia', style='normal', variant='normal', weight=400, stretch='normal', size='scalable')) = 10.05
2026-08-07 15:08:41,276 - DEBUG - findfont: score(FontEntry(fname='C:\\Windows\\Fonts\\ERS_v2_Operations_S4_sym.ttf', index=0, name='ERS v2 Operations Stage 04', style='normal', variant='normal', weight=400, stretch='normal', size='scalable')) = 10.05
2026-08-07 15:08:41,276 - DEBUG - findfont: score(FontEntry(fname='C:\\Program Files\\MapInfo\\Professional\\Python310\\Lib\\site-packages\\matplotlib\\mpl-data\\fonts\\ttf\\STIXSizFourSymReg.ttf', index=0, name='STIXSizeFourSym', style='normal', variant='normal', weight=400, stretch='normal', size='scalable')) = 10.05
2026-08-07 15:08:41,276 - DEBUG - findfont: score(FontEntry(fname='C:\\Windows\\Fonts\\SegoeIcons.ttf', index=0, name='Segoe Fluent Icons', style='normal', variant='normal', weight=400, stretch='normal', size='scalable')) = 10.05
2026-08-07 15:08:41,276 - DEBUG - findfont: score(FontEntry(fname='C:\\Windows\\Fonts\\timesbd.ttf', index=0, name='Times New Roman', style='normal', variant='normal', weight=700, stretch='normal', size='scalable')) = 10.335
2026-08-07 15:08:41,276 - DEBUG - findfont: score(FontEntry(fname='C:\\Windows\\Fonts\\GIGI.TTF', index=0, name='Gigi', style='normal', variant='normal', weight=400, stretch='normal', size='scalable')) = 10.05
2026-08-07 15:08:41,276 - DEBUG - findfont: score(FontEntry(fname='C:\\Windows\\Fonts\\micross.ttf', index=0, name='Microsoft Sans Serif', style='normal', variant='normal', weight=400, stretch='normal', size='scalable')) = 10.05
2026-08-07 15:08:41,276 - DEBUG - findfont: score(FontEntry(fname='C:\\Windows\\Fonts\\BOD_BLAI.TTF', index=0, name='Bodoni MT', style='italic', variant='normal', weight=900, stretch='normal', size='scalable')) = 11.525
2026-08-07 15:08:41,276 - DEBUG - findfont: score(FontEntry(fname='C:\\Windows\\Fonts\\BOD_BLAI.TTF', index=0, name='Bodoni MT Black', style='italic', variant='normal', weight=400, stretch='normal', size='scalable')) = 11.05
2026-08-07 15:08:41,276 - DEBUG - findfont: score(FontEntry(fname='C:\\Windows\\Fonts\\couri.ttf', index=0, name='Courier New', style='italic', variant='normal', weight=400, stretch='normal', size='scalable')) = 11.05
2026-08-07 15:08:41,276 - DEBUG - findfont: score(FontEntry(fname='C:\\Windows\\Fonts\\TCCEB.TTF', index=0, name='Tw Cen MT Condensed Extra Bold', style='normal', variant='normal', weight=400, stretch='condensed', size='scalable')) = 10.25
2026-08-07 15:08:41,276 - DEBUG - findfont: score(FontEntry(fname='C:\\Windows\\Fonts\\FRADM.TTF', index=0, name='Franklin Gothic Demi', style='normal', variant='normal', weight=400, stretch='normal', size='scalable')) = 10.05
2026-08-07 15:08:41,276 - DEBUG - findfont: score(FontEntry(fname='C:\\Windows\\Fonts\\HATTEN.TTF', index=0, name='Haettenschweiler', style='normal', variant='normal', weight=400, stretch='normal', size='scalable')) = 10.05
2026-08-07 15:08:41,276 - DEBUG - findfont: score(FontEntry(fname='C:\\Windows\\Fonts\\esri_221.ttf', index=0, name='ESRI IGL Font21', style='normal', variant='normal', weight=400, stretch='normal', size='scalable')) = 10.05
2026-08-07 15:08:41,276 - DEBUG - findfont: score(FontEntry(fname='C:\\Windows\\Fonts\\ERASMD.TTF', index=0, name='Eras Medium ITC', style='normal', variant='normal', weight=400, stretch='normal', size='scalable')) = 10.05
2026-08-07 15:08:41,276 - DEBUG - findfont: score(FontEntry(fname='C:\\Windows\\Fonts\\seguiemj.ttf', index=0, name='Segoe UI Emoji', style='normal', variant='normal', weight=400, stretch='normal', size='scalable')) = 10.05
2026-08-07 15:08:41,276 - DEBUG - findfont: score(FontEntry(fname='C:\\Program Files\\MapInfo\\Professional\\Python310\\Lib\\site-packages\\matplotlib\\mpl-data\\fonts\\ttf\\STIXSizThreeSymReg.ttf', index=0, name='STIXSizeThreeSym', style='normal', variant='normal', weight=400, stretch='normal', size='scalable')) = 10.05
2026-08-07 15:08:41,276 - DEBUG - findfont: score(FontEntry(fname='C:\\Windows\\Fonts\\esri_377.ttf', index=0, name='ESRI Caves 3', style='normal', variant='normal', weight=400, stretch='normal', size='scalable')) = 10.05
2026-08-07 15:08:41,286 - DEBUG - findfont: score(FontEntry(fname='C:\\Windows\\Fonts\\esri_8.ttf', index=0, name='ESRI Crime Analysis', style='normal', variant='normal', weight=400, stretch='normal', size='scalable')) = 10.05
2026-08-07 15:08:41,286 - DEBUG - findfont: score(FontEntry(fname='C:\\Windows\\Fonts\\GOUDYSTO.TTF', index=0, name='Goudy Stout', style='normal', variant='normal', weight=400, stretch='normal', size='scalable')) = 10.05
2026-08-07 15:08:41,286 - DEBUG - findfont: score(FontEntry(fname='C:\\Windows\\Fonts\\ETOTHER_.TTF', index=0, name='ET Other', style='normal', variant='normal', weight=400, stretch='normal', size='scalable')) = 10.05
2026-08-07 15:08:41,286 - DEBUG - findfont: score(FontEntry(fname='C:\\Windows\\Fonts\\Candaraz.ttf', index=0, name='Candara', style='italic', variant='normal', weight=700, stretch='normal', size='scalable')) = 11.335
2026-08-07 15:08:41,286 - DEBUG - findfont: score(FontEntry(fname='C:\\Windows\\Fonts\\esri_34.ttf', index=0, name='ESRI Business', style='normal', variant='normal', weight=400, stretch='normal', size='scalable')) = 10.05
2026-08-07 15:08:41,286 - DEBUG - findfont: score(FontEntry(fname='C:\\Windows\\Fonts\\esri_132.ttf', index=0, name='ESRI SDS 2.00 1', style='normal', variant='normal', weight=400, stretch='normal', size='scalable')) = 10.05
2026-08-07 15:08:41,286 - DEBUG - findfont: score(FontEntry(fname='C:\\Windows\\Fonts\\ERASDEMI.TTF', index=0, name='Eras Demi ITC', style='normal', variant='normal', weight=400, stretch='normal', size='scalable')) = 10.05
2026-08-07 15:08:41,286 - DEBUG - findfont: score(FontEntry(fname='C:\\Windows\\Fonts\\esri_832.ttf', index=0, name='ESRI ERS Infrastructures S1', style='normal', variant='normal', weight=400, stretch='normal', size='scalable')) = 10.05
2026-08-07 15:08:41,286 - DEBUG - findfont: score(FontEntry(fname='C:\\Windows\\Fonts\\CALIFB.TTF', index=0, name='Californian FB', style='normal', variant='normal', weight=700, stretch='normal', size='scalable')) = 10.335
2026-08-07 15:08:41,286 - DEBUG - findfont: score(FontEntry(fname='C:\\Program Files\\MapInfo\\Professional\\Python310\\Lib\\site-packages\\matplotlib\\mpl-data\\fonts\\ttf\\STIXSizOneSymBol.ttf', index=0, name='STIXSizeOneSym', style='normal', variant='normal', weight=700, stretch='normal', size='scalable')) = 10.335
2026-08-07 15:08:41,286 - DEBUG - findfont: score(FontEntry(fname='C:\\Windows\\Fonts\\ERS_v2_Infrastructures_S2_sym.ttf', index=0, name='ERS v2 Infrastructures Stage 02', style='normal', variant='normal', weight=400, stretch='normal', size='scalable')) = 10.05
2026-08-07 15:08:41,286 - DEBUG - findfont: score(FontEntry(fname='C:\\Windows\\Fonts\\malgunbd.ttf', index=0, name='Malgun Gothic', style='normal', variant='normal', weight=700, stretch='normal', size='scalable')) = 10.335
2026-08-07 15:08:41,286 - DEBUG - findfont: score(FontEntry(fname='C:\\Windows\\Fonts\\esri_47.ttf', index=0, name='ESRI US MUTCD 1', style='normal', variant='normal', weight=400, stretch='normal', size='scalable')) = 10.05
2026-08-07 15:08:41,286 - DEBUG - findfont: score(FontEntry(fname='C:\\Windows\\Fonts\\ERS_v2_Damage_sym.ttf', index=0, name='ERS v2 Damage', style='normal', variant='normal', weight=400, stretch='normal', size='scalable')) = 10.05
2026-08-07 15:08:41,286 - DEBUG - findfont: score(FontEntry(fname='C:\\Windows\\Fonts\\CENSCBK.TTF', index=0, name='Century Schoolbook', style='normal', variant='normal', weight=400, stretch='normal', size='scalable')) = 10.05
2026-08-07 15:08:41,286 - DEBUG - findfont: score(FontEntry(fname='C:\\Windows\\Fonts\\ARIALNI.TTF', index=0, name='Arial', style='italic', variant='normal', weight=400, stretch='condensed', size='scalable')) = 7.613636363636363
2026-08-07 15:08:41,286 - DEBUG - findfont: score(FontEntry(fname='C:\\Windows\\Fonts\\ARIALNI.TTF', index=0, name='Arial Narrow', style='italic', variant='normal', weight=400, stretch='condensed', size='scalable')) = 11.25
2026-08-07 15:08:41,286 - DEBUG - findfont: score(FontEntry(fname='C:\\Windows\\Fonts\\CASTELAR.TTF', index=0, name='Castellar', style='normal', variant='normal', weight=400, stretch='normal', size='scalable')) = 10.05
2026-08-07 15:08:41,286 - DEBUG - findfont: score(FontEntry(fname='C:\\Windows\\Fonts\\esri_151.ttf', index=0, name='ESRI AMFM Gas', style='normal', variant='normal', weight=400, stretch='normal', size='scalable')) = 10.05
2026-08-07 15:08:41,286 - DEBUG - findfont: score(FontEntry(fname='C:\\Windows\\Fonts\\bahnschrift.ttf', index=0, name='Bahnschrift', style='normal', variant='normal', weight=400, stretch='normal', size='scalable')) = 10.05
2026-08-07 15:08:41,286 - DEBUG - findfont: score(FontEntry(fname='C:\\Windows\\Fonts\\esri_48.ttf', index=0, name='ESRI US MUTCD 2', style='normal', variant='normal', weight=400, stretch='normal', size='scalable')) = 10.05
2026-08-07 15:08:41,286 - DEBUG - findfont: score(FontEntry(fname='C:\\Windows\\Fonts\\TCM_____.TTF', index=0, name='Tw Cen MT', style='normal', variant='normal', weight=400, stretch='normal', size='scalable')) = 10.05
2026-08-07 15:08:41,286 - DEBUG - findfont: score(FontEntry(fname='C:\\Windows\\Fonts\\comici.ttf', index=0, name='Comic Sans MS', style='italic', variant='normal', weight=400, stretch='normal', size='scalable')) = 11.05
2026-08-07 15:08:41,286 - DEBUG - findfont: score(FontEntry(fname='C:\\Program Files\\MapInfo\\Professional\\Python310\\Lib\\site-packages\\matplotlib\\mpl-data\\fonts\\ttf\\cmb10.ttf', index=0, name='cmb10', style='normal', variant='normal', weight=400, stretch='normal', size='scalable')) = 10.05
2026-08-07 15:08:41,286 - DEBUG - findfont: score(FontEntry(fname='C:\\Windows\\Fonts\\esri_375.ttf', index=0, name='ESRI Caves 1', style='normal', variant='normal', weight=400, stretch='normal', size='scalable')) = 10.05
2026-08-07 15:08:41,286 - DEBUG - findfont: score(FontEntry(fname='C:\\Windows\\Fonts\\FRABKIT.TTF', index=0, name='Franklin Gothic Book', style='italic', variant='normal', weight=400, stretch='normal', size='scalable')) = 11.05
2026-08-07 15:08:41,286 - DEBUG - findfont: score(FontEntry(fname='C:\\Windows\\Fonts\\PrecisionSans_W_Lt.ttf', index=0, name='Precision Sans W', style='normal', variant='normal', weight=300, stretch='normal', size='scalable')) = 10.145
2026-08-07 15:08:41,286 - DEBUG - findfont: score(FontEntry(fname='C:\\Windows\\Fonts\\PrecisionSans_W_Lt.ttf', index=0, name='Precision Sans W Light', style='normal', variant='normal', weight=400, stretch='normal', size='scalable')) = 10.05
2026-08-07 15:08:41,286 - DEBUG - findfont: score(FontEntry(fname='C:\\Windows\\Fonts\\georgiaz.ttf', index=0, name='Georgia', style='italic', variant='normal', weight=700, stretch='normal', size='scalable')) = 11.335
2026-08-07 15:08:41,286 - DEBUG - findfont: score(FontEntry(fname='C:\\Windows\\Fonts\\VLADIMIR.TTF', index=0, name='Vladimir Script', style='normal', variant='normal', weight=400, stretch='normal', size='scalable')) = 10.05
2026-08-07 15:08:41,286 - DEBUG - findfont: score(FontEntry(fname='C:\\Windows\\Fonts\\Candaral.ttf', index=0, name='Candara', style='normal', variant='normal', weight=400, stretch='normal', size='scalable')) = 10.05
2026-08-07 15:08:41,286 - DEBUG - findfont: score(FontEntry(fname='C:\\Windows\\Fonts\\Candaral.ttf', index=0, name='Candara Light', style='normal', variant='normal', weight=400, stretch='normal', size='scalable')) = 10.05
2026-08-07 15:08:41,286 - DEBUG - findfont: score(FontEntry(fname='C:\\Windows\\Fonts\\SNAP____.TTF', index=0, name='Snap ITC', style='normal', variant='normal', weight=400, stretch='normal', size='scalable')) = 10.05
2026-08-07 15:08:41,286 - DEBUG - findfont: score(FontEntry(fname='C:\\Windows\\Fonts\\l_10646.ttf', index=0, name='Lucida Sans Unicode', style='normal', variant='normal', weight=400, stretch='normal', size='scalable')) = 10.05
2026-08-07 15:08:41,286 - DEBUG - findfont: score(FontEntry(fname='C:\\Program Files\\MapInfo\\Professional\\Python310\\Lib\\site-packages\\matplotlib\\mpl-data\\fonts\\ttf\\cmr10.ttf', index=0, name='cmr10', style='normal', variant='normal', weight=400, stretch='normal', size='scalable')) = 10.05
2026-08-07 15:08:41,286 - DEBUG - findfont: score(FontEntry(fname='C:\\Windows\\Fonts\\FTLTLT.TTF', index=0, name='Footlight MT Light', style='normal', variant='normal', weight=300, stretch='normal', size='scalable')) = 10.145
2026-08-07 15:08:41,286 - DEBUG - findfont: score(FontEntry(fname='C:\\Windows\\Fonts\\himalaya.ttf', index=0, name='Microsoft Himalaya', style='normal', variant='normal', weight=400, stretch='normal', size='scalable')) = 10.05
2026-08-07 15:08:41,286 - DEBUG - findfont: score(FontEntry(fname='C:\\Windows\\Fonts\\malgun.ttf', index=0, name='Malgun Gothic', style='normal', variant='normal', weight=400, stretch='normal', size='scalable')) = 10.05
2026-08-07 15:08:41,286 - DEBUG - findfont: score(FontEntry(fname='C:\\Windows\\Fonts\\segoeuisl.ttf', index=0, name='Segoe UI', style='normal', variant='normal', weight=350, stretch='normal', size='scalable')) = 10.0975
2026-08-07 15:08:41,286 - DEBUG - findfont: score(FontEntry(fname='C:\\Windows\\Fonts\\segoeuisl.ttf', index=0, name='Segoe UI Semilight', style='normal', variant='normal', weight=400, stretch='normal', size='scalable')) = 10.05
2026-08-07 15:08:41,286 - DEBUG - findfont: score(FontEntry(fname='C:\\Windows\\Fonts\\esri_30s.ttf', index=0, name='ESRI ArcPad', style='normal', variant='normal', weight=400, stretch='normal', size='scalable')) = 10.05
2026-08-07 15:08:41,286 - DEBUG - findfont: score(FontEntry(fname='C:\\Windows\\Fonts\\georgiai.ttf', index=0, name='Georgia', style='italic', variant='normal', weight=400, stretch='normal', size='scalable')) = 11.05
2026-08-07 15:08:41,286 - DEBUG - findfont: score(FontEntry(fname='C:\\Windows\\Fonts\\segoeuil.ttf', index=0, name='Segoe UI', style='normal', variant='normal', weight=300, stretch='normal', size='scalable')) = 10.145
2026-08-07 15:08:41,286 - DEBUG - findfont: score(FontEntry(fname='C:\\Windows\\Fonts\\segoeuil.ttf', index=0, name='Segoe UI Light', style='normal', variant='normal', weight=400, stretch='normal', size='scalable')) = 10.05
2026-08-07 15:08:41,286 - DEBUG - findfont: score(FontEntry(fname='C:\\Windows\\Fonts\\HARNGTON.TTF', index=0, name='Harrington', style='normal', variant='normal', weight=400, stretch='normal', size='scalable')) = 10.05
2026-08-07 15:08:41,286 - DEBUG - findfont: score(FontEntry(fname='C:\\Windows\\Fonts\\ERS_v2_Infrastructures_S3_sym.ttf', index=0, name='ERS v2 Infrastructures Stage 03', style='normal', variant='normal', weight=400, stretch='normal', size='scalable')) = 10.05
2026-08-07 15:08:41,286 - DEBUG - findfont: score(FontEntry(fname='C:\\Program Files\\MapInfo\\Professional\\Python310\\Lib\\site-packages\\matplotlib\\mpl-data\\fonts\\ttf\\DejaVuSansMono-BoldOblique.ttf', index=0, name='DejaVu Sans Mono', style='oblique', variant='normal', weight=700, stretch='normal', size='scalable')) = 11.335
2026-08-07 15:08:41,286 - DEBUG - findfont: score(FontEntry(fname='C:\\Windows\\Fonts\\ARIALNBI.TTF', index=0, name='Arial', style='italic', variant='normal', weight=700, stretch='condensed', size='scalable')) = 7.8986363636363635
2026-08-07 15:08:41,286 - DEBUG - findfont: score(FontEntry(fname='C:\\Windows\\Fonts\\ARIALNBI.TTF', index=0, name='Arial Narrow', style='italic', variant='normal', weight=700, stretch='condensed', size='scalable')) = 11.535
2026-08-07 15:08:41,286 - DEBUG - findfont: score(FontEntry(fname='C:\\Windows\\Fonts\\georgia.ttf', index=0, name='Georgia', style='normal', variant='normal', weight=400, stretch='normal', size='scalable')) = 10.05
2026-08-07 15:08:41,286 - DEBUG - findfont: score(FontEntry(fname='C:\\Windows\\Fonts\\OUTLOOK.TTF', index=0, name='MS Outlook', style='normal', variant='normal', weight=400, stretch='normal', size='scalable')) = 10.05
2026-08-07 15:08:41,286 - DEBUG - findfont: score(FontEntry(fname='C:\\Windows\\Fonts\\THNN____.TTF', index=0, name='Thai', style='normal', variant='normal', weight=400, stretch='normal', size='scalable')) = 10.05
2026-08-07 15:08:41,286 - DEBUG - findfont: score(FontEntry(fname='C:\\Windows\\Fonts\\TCCM____.TTF', index=0, name='Tw Cen MT Condensed', style='normal', variant='normal', weight=400, stretch='condensed', size='scalable')) = 10.25
2026-08-07 15:08:41,286 - DEBUG - findfont: score(FontEntry(fname='C:\\Windows\\Fonts\\MTEXTRA.TTF', index=0, name='MT Extra', style='normal', variant='normal', weight=400, stretch='normal', size='scalable')) = 10.05
2026-08-07 15:08:41,286 - DEBUG - findfont: score(FontEntry(fname='C:\\Windows\\Fonts\\CURLZ___.TTF', index=0, name='Curlz MT', style='normal', variant='normal', weight=400, stretch='normal', size='scalable')) = 10.05
2026-08-07 15:08:41,286 - DEBUG - findfont: score(FontEntry(fname='C:\\Windows\\Fonts\\GILB____.TTF', index=0, name='Gill Sans MT', style='normal', variant='normal', weight=700, stretch='normal', size='scalable')) = 10.335
2026-08-07 15:08:41,286 - DEBUG - findfont: score(FontEntry(fname='C:\\Windows\\Fonts\\FRABK.TTF', index=0, name='Franklin Gothic Book', style='normal', variant='normal', weight=400, stretch='normal', size='scalable')) = 10.05
2026-08-07 15:08:41,286 - DEBUG - findfont: score(FontEntry(fname='C:\\Windows\\Fonts\\corbelb.ttf', index=0, name='Corbel', style='normal', variant='normal', weight=700, stretch='normal', size='scalable')) = 10.335
2026-08-07 15:08:41,286 - DEBUG - findfont: score(FontEntry(fname='C:\\Windows\\Fonts\\BOD_CR.TTF', index=0, name='Bodoni MT', style='normal', variant='normal', weight=400, stretch='condensed', size='scalable')) = 10.25
2026-08-07 15:08:41,286 - DEBUG - findfont: score(FontEntry(fname='C:\\Windows\\Fonts\\BOD_CR.TTF', index=0, name='Bodoni MT Condensed', style='normal', variant='normal', weight=400, stretch='condensed', size='scalable')) = 10.25
2026-08-07 15:08:41,286 - DEBUG - findfont: score(FontEntry(fname='C:\\Windows\\Fonts\\DUBAI-BOLD.TTF', index=0, name='Dubai', style='normal', variant='normal', weight=700, stretch='normal', size='scalable')) = 10.335
2026-08-07 15:08:41,286 - DEBUG - findfont: score(FontEntry(fname='C:\\Windows\\Fonts\\CHILLER.TTF', index=0, name='Chiller', style='normal', variant='normal', weight=400, stretch='normal', size='scalable')) = 10.05
2026-08-07 15:08:41,286 - DEBUG - findfont: score(FontEntry(fname='C:\\Windows\\Fonts\\ELEPHNTI.TTF', index=0, name='Elephant', style='italic', variant='normal', weight=400, stretch='normal', size='scalable')) = 11.05
2026-08-07 15:08:41,286 - DEBUG - findfont: score(FontEntry(fname='C:\\Windows\\Fonts\\JOKERMAN.TTF', index=0, name='Jokerman', style='normal', variant='normal', weight=400, stretch='normal', size='scalable')) = 10.05
2026-08-07 15:08:41,286 - DEBUG - findfont: score(FontEntry(fname='C:\\Windows\\Fonts\\Etgee___.ttf', index=0, name='ET GeoExplore', style='normal', variant='normal', weight=400, stretch='normal', size='scalable')) = 10.05
2026-08-07 15:08:41,286 - DEBUG - findfont: score(FontEntry(fname='C:\\Windows\\Fonts\\esri_730.ttf', index=0, name='ESRI Conservation', style='normal', variant='normal', weight=400, stretch='normal', size='scalable')) = 10.05
2026-08-07 15:08:41,286 - DEBUG - findfont: score(FontEntry(fname='C:\\Windows\\Fonts\\Candarab.ttf', index=0, name='Candara', style='normal', variant='normal', weight=700, stretch='normal', size='scalable')) = 10.335
2026-08-07 15:08:41,286 - DEBUG - findfont: score(FontEntry(fname='C:\\Windows\\Fonts\\BSSYM7.TTF', index=0, name='Bookshelf Symbol 7', style='normal', variant='normal', weight=400, stretch='normal', size='scalable')) = 10.05
2026-08-07 15:08:41,292 - DEBUG - findfont: score(FontEntry(fname='C:\\Windows\\Fonts\\esri_131.ttf', index=0, name='ESRI SDS 1.95 2', style='normal', variant='normal', weight=400, stretch='normal', size='scalable')) = 10.05
2026-08-07 15:08:41,292 - DEBUG - findfont: score(FontEntry(fname='C:\\Windows\\Fonts\\Label-EZ.ttf', index=0, name='Label-EZ Symbols', style='normal', variant='normal', weight=400, stretch='normal', size='scalable')) = 10.05
2026-08-07 15:08:41,292 - DEBUG - findfont: score(FontEntry(fname='C:\\Windows\\Fonts\\ARAN____.TTF', index=0, name='Arabic1', style='normal', variant='normal', weight=400, stretch='normal', size='scalable')) = 10.05
2026-08-07 15:08:41,292 - DEBUG - findfont: score(FontEntry(fname='C:\\Windows\\Fonts\\arial.ttf', index=0, name='Arial', style='normal', variant='normal', weight=400, stretch='normal', size='scalable')) = 6.413636363636363
2026-08-07 15:08:41,292 - DEBUG - findfont: score(FontEntry(fname='C:\\Windows\\Fonts\\malgunsl.ttf', index=0, name='Malgun Gothic', style='normal', variant='normal', weight=300, stretch='normal', size='scalable')) = 10.145
2026-08-07 15:08:41,292 - DEBUG - findfont: score(FontEntry(fname='C:\\Windows\\Fonts\\malgunsl.ttf', index=0, name='Malgun Gothic Semilight', style='normal', variant='normal', weight=400, stretch='normal', size='scalable')) = 10.05
2026-08-07 15:08:41,292 - DEBUG - findfont: score(FontEntry(fname='C:\\Windows\\Fonts\\PAPYRUS.TTF', index=0, name='Papyrus', style='normal', variant='normal', weight=400, stretch='normal', size='scalable')) = 10.05
2026-08-07 15:08:41,292 - DEBUG - findfont: score(FontEntry(fname='C:\\Program Files\\MapInfo\\Professional\\Python310\\Lib\\site-packages\\matplotlib\\mpl-data\\fonts\\ttf\\STIXNonUniBolIta.ttf', index=0, name='STIXNonUnicode', style='italic', variant='normal', weight=700, stretch='normal', size='scalable')) = 11.335
2026-08-07 15:08:41,292 - DEBUG - findfont: score(FontEntry(fname='C:\\Windows\\Fonts\\FELIXTI.TTF', index=0, name='Felix Titling', style='normal', variant='normal', weight=400, stretch='normal', size='scalable')) = 10.05
2026-08-07 15:08:41,292 - DEBUG - findfont: score(FontEntry(fname='C:\\Windows\\Fonts\\Etstruct.ttf', index=0, name='ET Structural', style='normal', variant='normal', weight=400, stretch='normal', size='scalable')) = 10.05
2026-08-07 15:08:41,292 - DEBUG - findfont: score(FontEntry(fname='C:\\Windows\\Fonts\\ARLRDBD.TTF', index=0, name='Arial Rounded MT Bold', style='normal', variant='normal', weight=400, stretch='normal', size='scalable')) = 10.05
2026-08-07 15:08:41,292 - DEBUG - findfont: score(FontEntry(fname='C:\\Windows\\Fonts\\ANTQUAI.TTF', index=0, name='Book Antiqua', style='italic', variant='normal', weight=400, stretch='normal', size='scalable')) = 11.05
2026-08-07 15:08:41,292 - DEBUG - findfont: score(FontEntry(fname='C:\\Windows\\Fonts\\consolai.ttf', index=0, name='Consolas', style='italic', variant='normal', weight=400, stretch='normal', size='scalable')) = 11.05
2026-08-07 15:08:41,292 - DEBUG - findfont: score(FontEntry(fname='C:\\Windows\\Fonts\\ariblk.ttf', index=0, name='Arial', style='normal', variant='normal', weight=900, stretch='normal', size='scalable')) = 6.888636363636364
2026-08-07 15:08:41,292 - DEBUG - findfont: score(FontEntry(fname='C:\\Windows\\Fonts\\ariblk.ttf', index=0, name='Arial Black', style='normal', variant='normal', weight=400, stretch='normal', size='scalable')) = 10.05
2026-08-07 15:08:41,292 - DEBUG - findfont: score(FontEntry(fname='C:\\Windows\\Fonts\\esri_40.ttf', index=0, name='ESRI North', style='normal', variant='normal', weight=400, stretch='normal', size='scalable')) = 10.05
2026-08-07 15:08:41,292 - DEBUG - findfont: score(FontEntry(fname='C:\\Windows\\Fonts\\ETMOBILE.TTF', index=0, name='ET Mobile', style='normal', variant='normal', weight=400, stretch='normal', size='scalable')) = 10.05
2026-08-07 15:08:41,292 - DEBUG - findfont: score(FontEntry(fname='C:\\Windows\\Fonts\\ETMOBILE.TTF', index=0, name='Map Symbols', style='normal', variant='normal', weight=400, stretch='normal', size='scalable')) = 10.05
2026-08-07 15:08:41,292 - DEBUG - findfont: score(FontEntry(fname='C:\\Windows\\Fonts\\JAKR____.TTF', index=0, name='JapaneseKana', style='normal', variant='normal', weight=400, stretch='normal', size='scalable')) = 10.05
2026-08-07 15:08:41,292 - DEBUG - findfont: score(FontEntry(fname='C:\\Windows\\Fonts\\esri_652.ttf', index=0, name='ESRI US Forestry 2', style='normal', variant='normal', weight=400, stretch='normal', size='scalable')) = 10.05
2026-08-07 15:08:41,292 - DEBUG - findfont: score(FontEntry(fname='C:\\Windows\\Fonts\\esri_223.ttf', index=0, name='ESRI IGL Font23', style='normal', variant='normal', weight=400, stretch='normal', size='scalable')) = 10.05
2026-08-07 15:08:41,292 - DEBUG - findfont: score(FontEntry(fname='C:\\Windows\\Fonts\\ROCKB.TTF', index=0, name='Rockwell', style='normal', variant='normal', weight=700, stretch='normal', size='scalable')) = 10.335
2026-08-07 15:08:41,292 - DEBUG - findfont: score(FontEntry(fname='C:\\Windows\\Fonts\\arialbd.ttf', index=0, name='Arial', style='normal', variant='normal', weight=700, stretch='normal', size='scalable')) = 6.698636363636363
2026-08-07 15:08:41,292 - DEBUG - findfont: score(FontEntry(fname='C:\\Windows\\Fonts\\tahoma.ttf', index=0, name='Tahoma', style='normal', variant='normal', weight=400, stretch='normal', size='scalable')) = 10.05
2026-08-07 15:08:41,292 - DEBUG - findfont: score(FontEntry(fname='C:\\Windows\\Fonts\\Trimble GPS Pathfinder.ttf', index=0, name='Trimble GPS Pathfinder', style='normal', variant='normal', weight=400, stretch='normal', size='scalable')) = 10.05
2026-08-07 15:08:41,292 - DEBUG - findfont: score(FontEntry(fname='C:\\Windows\\Fonts\\BELLI.TTF', index=0, name='Bell MT', style='italic', variant='normal', weight=400, stretch='normal', size='scalable')) = 11.05
2026-08-07 15:08:41,292 - DEBUG - findfont: score(FontEntry(fname='C:\\Windows\\Fonts\\GOTHICI.TTF', index=0, name='Century Gothic', style='italic', variant='normal', weight=400, stretch='normal', size='scalable')) = 11.05
2026-08-07 15:08:41,292 - DEBUG - findfont: score(FontEntry(fname='C:\\Windows\\Fonts\\LBRITEI.TTF', index=0, name='Lucida Bright', style='italic', variant='normal', weight=400, stretch='normal', size='scalable')) = 11.05
2026-08-07 15:08:41,292 - DEBUG - findfont: score(FontEntry(fname='C:\\Windows\\Fonts\\GOTHICBI.TTF', index=0, name='Century Gothic', style='italic', variant='normal', weight=700, stretch='normal', size='scalable')) = 11.335
2026-08-07 15:08:41,292 - DEBUG - findfont: score(FontEntry(fname='C:\\Windows\\Fonts\\BOOKOSI.TTF', index=0, name='Bookman Old Style', style='italic', variant='normal', weight=300, stretch='normal', size='scalable')) = 11.145
2026-08-07 15:08:41,292 - DEBUG - findfont: score(FontEntry(fname='C:\\Windows\\Fonts\\ARIALN.TTF', index=0, name='Arial', style='normal', variant='normal', weight=400, stretch='condensed', size='scalable')) = 6.613636363636363
2026-08-07 15:08:41,292 - DEBUG - findfont: score(FontEntry(fname='C:\\Windows\\Fonts\\ARIALN.TTF', index=0, name='Arial Narrow', style='normal', variant='normal', weight=400, stretch='condensed', size='scalable')) = 10.25
2026-08-07 15:08:41,292 - DEBUG - findfont: score(FontEntry(fname='C:\\Windows\\Fonts\\TCBI____.TTF', index=0, name='Tw Cen MT', style='italic', variant='normal', weight=700, stretch='normal', size='scalable')) = 11.335
2026-08-07 15:08:41,292 - DEBUG - findfont: score(FontEntry(fname='C:\\Windows\\Fonts\\TCB_____.TTF', index=0, name='Tw Cen MT', style='normal', variant='normal', weight=700, stretch='normal', size='scalable')) = 10.335
2026-08-07 15:08:41,292 - DEBUG - findfont: score(FontEntry(fname='C:\\Windows\\Fonts\\corbelz.ttf', index=0, name='Corbel', style='italic', variant='normal', weight=700, stretch='normal', size='scalable')) = 11.335
2026-08-07 15:08:41,292 - DEBUG - findfont: score(FontEntry(fname='C:\\Windows\\Fonts\\KUNSTLER.TTF', index=0, name='Kunstler Script', style='normal', variant='normal', weight=400, stretch='normal', size='scalable')) = 10.05
2026-08-07 15:08:41,292 - DEBUG - findfont: score(FontEntry(fname='C:\\Windows\\Fonts\\VIVALDII.TTF', index=0, name='Vivaldi', style='italic', variant='normal', weight=400, stretch='normal', size='scalable')) = 11.05
2026-08-07 15:08:41,292 - DEBUG - findfont: score(FontEntry(fname='C:\\Windows\\Fonts\\CALISTI.TTF', index=0, name='Calisto MT', style='italic', variant='normal', weight=400, stretch='normal', size='scalable')) = 11.05
2026-08-07 15:08:41,292 - DEBUG - findfont: score(FontEntry(fname='C:\\Windows\\Fonts\\esri_500.ttf', index=0, name='ESRI Geology AGSO 1', style='normal', variant='normal', weight=400, stretch='normal', size='scalable')) = 10.05
2026-08-07 15:08:41,292 - DEBUG - findfont: score(FontEntry(fname='C:\\Windows\\Fonts\\GARA.TTF', index=0, name='Garamond', style='normal', variant='normal', weight=400, stretch='normal', size='scalable')) = 10.05
2026-08-07 15:08:41,292 - DEBUG - findfont: score(FontEntry(fname='C:\\Windows\\Fonts\\LHANDW.TTF', index=0, name='Lucida Handwriting', style='italic', variant='normal', weight=400, stretch='normal', size='scalable')) = 11.05
2026-08-07 15:08:41,292 - DEBUG - findfont: score(FontEntry(fname='C:\\Windows\\Fonts\\Candara.ttf', index=0, name='Candara', style='normal', variant='normal', weight=400, stretch='normal', size='scalable')) = 10.05
2026-08-07 15:08:41,292 - DEBUG - findfont: score(FontEntry(fname='C:\\Program Files\\MapInfo\\Professional\\Python310\\Lib\\site-packages\\matplotlib\\mpl-data\\fonts\\ttf\\STIXSizTwoSymReg.ttf', index=0, name='STIXSizeTwoSym', style='normal', variant='normal', weight=400, stretch='normal', size='scalable')) = 10.05
2026-08-07 15:08:41,292 - DEBUG - findfont: score(FontEntry(fname='C:\\Windows\\Fonts\\esri_29.ttf', index=0, name='ESRI Public1', style='normal', variant='normal', weight=400, stretch='normal', size='scalable')) = 10.05
2026-08-07 15:08:41,292 - DEBUG - findfont: score(FontEntry(fname='C:\\Windows\\Fonts\\stateshields.ttf', index=0, name='State Highway Shields', style='normal', variant='normal', weight=400, stretch='normal', size='scalable')) = 10.05
2026-08-07 15:08:41,292 - DEBUG - findfont: score(FontEntry(fname='C:\\Windows\\Fonts\\ROCKI.TTF', index=0, name='Rockwell', style='italic', variant='normal', weight=400, stretch='normal', size='scalable')) = 11.05
2026-08-07 15:08:41,292 - DEBUG - findfont: score(FontEntry(fname='C:\\Windows\\Fonts\\esri_133.ttf', index=0, name='ESRI SDS 2.00 2', style='normal', variant='normal', weight=400, stretch='normal', size='scalable')) = 10.05
2026-08-07 15:08:41,292 - DEBUG - findfont: score(FontEntry(fname='C:\\Windows\\Fonts\\timesbi.ttf', index=0, name='Times New Roman', style='italic', variant='normal', weight=700, stretch='normal', size='scalable')) = 11.335
2026-08-07 15:08:41,292 - DEBUG - findfont: score(FontEntry(fname='C:\\Windows\\Fonts\\esri_44.ttf', index=0, name='ESRI Shields', style='normal', variant='normal', weight=400, stretch='normal', size='scalable')) = 10.05
2026-08-07 15:08:41,292 - DEBUG - findfont: score(FontEntry(fname='C:\\Windows\\Fonts\\tahomabd.ttf', index=0, name='Tahoma', style='normal', variant='normal', weight=700, stretch='normal', size='scalable')) = 10.335
2026-08-07 15:08:41,292 - DEBUG - findfont: score(FontEntry(fname='C:\\Windows\\Fonts\\TTMITC__.TTF', index=0, name='MapInfo Transportation', style='normal', variant='normal', weight=400, stretch='normal', size='scalable')) = 10.05
2026-08-07 15:08:41,292 - DEBUG - findfont: score(FontEntry(fname='C:\\Program Files\\MapInfo\\Professional\\Python310\\Lib\\site-packages\\matplotlib\\mpl-data\\fonts\\ttf\\STIXSizThreeSymBol.ttf', index=0, name='STIXSizeThreeSym', style='normal', variant='normal', weight=700, stretch='normal', size='scalable')) = 10.335
2026-08-07 15:08:41,292 - DEBUG - findfont: score(FontEntry(fname='C:\\Windows\\Fonts\\esri_837.ttf', index=0, name='ESRI ERS Operations S1', style='normal', variant='normal', weight=400, stretch='normal', size='scalable')) = 10.05
2026-08-07 15:08:41,292 - DEBUG - findfont: score(FontEntry(fname='C:\\Windows\\Fonts\\LeelawUI.ttf', index=0, name='Leelawadee UI', style='normal', variant='normal', weight=400, stretch='normal', size='scalable')) = 10.05
2026-08-07 15:08:41,292 - DEBUG - findfont: score(FontEntry(fname='C:\\Windows\\Fonts\\NIAGENG.TTF', index=0, name='Niagara Engraved', style='normal', variant='normal', weight=400, stretch='normal', size='scalable')) = 10.05
2026-08-07 15:08:41,292 - DEBUG - findfont: score(FontEntry(fname='C:\\Windows\\Fonts\\MISTRAL.TTF', index=0, name='Mistral', style='normal', variant='normal', weight=400, stretch='normal', size='scalable')) = 10.05
2026-08-07 15:08:41,292 - DEBUG - findfont: score(FontEntry(fname='C:\\Windows\\Fonts\\GARAIT.TTF', index=0, name='Garamond', style='italic', variant='normal', weight=400, stretch='normal', size='scalable')) = 11.05
2026-08-07 15:08:41,292 - DEBUG - findfont: score(FontEntry(fname='C:\\Program Files\\MapInfo\\Professional\\Python310\\Lib\\site-packages\\matplotlib\\mpl-data\\fonts\\ttf\\cmsy10.ttf', index=0, name='cmsy10', style='normal', variant='normal', weight=400, stretch='normal', size='scalable')) = 10.05
2026-08-07 15:08:41,292 - DEBUG - findfont: score(FontEntry(fname='C:\\Windows\\Fonts\\verdana.ttf', index=0, name='Verdana', style='normal', variant='normal', weight=400, stretch='normal', size='scalable')) = 3.6863636363636365
2026-08-07 15:08:41,292 - DEBUG - findfont: score(FontEntry(fname='C:\\Program Files\\MapInfo\\Professional\\Python310\\Lib\\site-packages\\matplotlib\\mpl-data\\fonts\\ttf\\cmss10.ttf', index=0, name='cmss10', style='normal', variant='normal', weight=400, stretch='normal', size='scalable')) = 10.05
2026-08-07 15:08:41,292 - DEBUG - findfont: score(FontEntry(fname='C:\\Program Files\\MapInfo\\Professional\\Python310\\Lib\\site-packages\\matplotlib\\mpl-data\\fonts\\ttf\\STIXGeneralBolIta.ttf', index=0, name='STIXGeneral', style='italic', variant='normal', weight=700, stretch='normal', size='scalable')) = 11.335
2026-08-07 15:08:41,292 - DEBUG - findfont: score(FontEntry(fname='C:\\Windows\\Fonts\\GILBI___.TTF', index=0, name='Gill Sans MT', style='italic', variant='normal', weight=700, stretch='normal', size='scalable')) = 11.335
2026-08-07 15:08:41,292 - DEBUG - findfont: score(FontEntry(fname='C:\\Windows\\Fonts\\consola.ttf', index=0, name='Consolas', style='normal', variant='normal', weight=400, stretch='normal', size='scalable')) = 10.05
2026-08-07 15:08:41,292 - DEBUG - findfont: score(FontEntry(fname='C:\\Windows\\Fonts\\LATINWD.TTF', index=0, name='Wide Latin', style='normal', variant='normal', weight=400, stretch='expanded', size='scalable')) = 10.25
2026-08-07 15:08:41,292 - DEBUG - findfont: score(FontEntry(fname='C:\\Windows\\Fonts\\LSANS.TTF', index=0, name='Lucida Sans', style='normal', variant='normal', weight=400, stretch='normal', size='scalable')) = 10.05
2026-08-07 15:08:41,292 - DEBUG - findfont: score(FontEntry(fname='C:\\Windows\\Fonts\\esri_4.ttf', index=0, name='ESRI Oil, Gas, & Water', style='normal', variant='normal', weight=400, stretch='normal', size='scalable')) = 10.05
2026-08-07 15:08:41,292 - DEBUG - findfont: score(FontEntry(fname='C:\\Windows\\Fonts\\Nirmala.ttc', index=0, name='Nirmala UI', style='normal', variant='normal', weight=400, stretch='normal', size='scalable')) = 10.05
2026-08-07 15:08:41,292 - DEBUG - findfont: score(FontEntry(fname='C:\\Windows\\Fonts\\Nirmala.ttc', index=1, name='Nirmala UI', style='normal', variant='normal', weight=700, stretch='normal', size='scalable')) = 10.335
2026-08-07 15:08:41,292 - DEBUG - findfont: score(FontEntry(fname='C:\\Windows\\Fonts\\Nirmala.ttc', index=2, name='Nirmala UI', style='normal', variant='normal', weight=350, stretch='normal', size='scalable')) = 10.0975
2026-08-07 15:08:41,292 - DEBUG - findfont: score(FontEntry(fname='C:\\Windows\\Fonts\\Nirmala.ttc', index=2, name='Nirmala UI Semilight', style='normal', variant='normal', weight=400, stretch='normal', size='scalable')) = 10.05
2026-08-07 15:08:41,292 - DEBUG - findfont: score(FontEntry(fname='C:\\Windows\\Fonts\\Nirmala.ttc', index=3, name='Nirmala Text', style='normal', variant='normal', weight=400, stretch='normal', size='scalable')) = 10.05
2026-08-07 15:08:41,292 - DEBUG - findfont: score(FontEntry(fname='C:\\Windows\\Fonts\\Nirmala.ttc', index=4, name='Nirmala Text', style='normal', variant='normal', weight=700, stretch='normal', size='scalable')) = 10.335
2026-08-07 15:08:41,292 - DEBUG - findfont: score(FontEntry(fname='C:\\Windows\\Fonts\\Nirmala.ttc', index=5, name='Nirmala Text', style='normal', variant='normal', weight=350, stretch='normal', size='scalable')) = 10.0975
2026-08-07 15:08:41,292 - DEBUG - findfont: score(FontEntry(fname='C:\\Windows\\Fonts\\Nirmala.ttc', index=5, name='Nirmala Text Semilight', style='normal', variant='normal', weight=400, stretch='normal', size='scalable')) = 10.05
2026-08-07 15:08:41,292 - DEBUG - findfont: score(FontEntry(fname='C:\\Windows\\Fonts\\esri_801.ttf', index=0, name='ESRI Enviro Hazard Analysis', style='normal', variant='normal', weight=400, stretch='normal', size='scalable')) = 10.05
2026-08-07 15:08:41,292 - DEBUG - findfont: score(FontEntry(fname='C:\\Windows\\Fonts\\javatext.ttf', index=0, name='Javanese Text', style='normal', variant='normal', weight=400, stretch='normal', size='scalable')) = 10.05
2026-08-07 15:08:41,292 - DEBUG - findfont: score(FontEntry(fname='C:\\Program Files\\MapInfo\\Professional\\Python310\\Lib\\site-packages\\matplotlib\\mpl-data\\fonts\\ttf\\DejaVuSansMono-Oblique.ttf', index=0, name='DejaVu Sans Mono', style='oblique', variant='normal', weight=400, stretch='normal', size='scalable')) = 11.05
2026-08-07 15:08:41,292 - DEBUG - findfont: score(FontEntry(fname='C:\\Windows\\Fonts\\FREESCPT.TTF', index=0, name='Freestyle Script', style='normal', variant='normal', weight=400, stretch='normal', size='scalable')) = 10.05
2026-08-07 15:08:41,292 - DEBUG - findfont: score(FontEntry(fname='C:\\Windows\\Fonts\\corbell.ttf', index=0, name='Corbel', style='normal', variant='normal', weight=300, stretch='normal', size='scalable')) = 10.145
2026-08-07 15:08:41,292 - DEBUG - findfont: score(FontEntry(fname='C:\\Windows\\Fonts\\corbell.ttf', index=0, name='Corbel Light', style='normal', variant='normal', weight=400, stretch='normal', size='scalable')) = 10.05
2026-08-07 15:08:41,292 - DEBUG - findfont: score(FontEntry(fname='C:\\Windows\\Fonts\\esri_33.ttf', index=0, name='ESRI Climate & Precipitation', style='normal', variant='normal', weight=400, stretch='normal', size='scalable')) = 10.05
2026-08-07 15:08:41,292 - DEBUG - findfont: score(FontEntry(fname='C:\\Windows\\Fonts\\FRADMCN.TTF', index=0, name='Franklin Gothic Demi Cond', style='normal', variant='normal', weight=400, stretch='condensed', size='scalable')) = 10.25
2026-08-07 15:08:41,292 - DEBUG - findfont: score(FontEntry(fname='C:\\Windows\\Fonts\\GILLUBCD.TTF', index=0, name='Gill Sans Ultra Bold Condensed', style='normal', variant='normal', weight=400, stretch='condensed', size='scalable')) = 10.25
2026-08-07 15:08:41,292 - DEBUG - findfont: score(FontEntry(fname='C:\\Windows\\Fonts\\LBRITEDI.TTF', index=0, name='Lucida Bright', style='italic', variant='normal', weight=600, stretch='normal', size='scalable')) = 11.24
2026-08-07 15:08:41,292 - DEBUG - findfont: score(FontEntry(fname='C:\\Windows\\Fonts\\segoeui.ttf', index=0, name='Segoe UI', style='normal', variant='normal', weight=400, stretch='normal', size='scalable')) = 10.05
2026-08-07 15:08:41,292 - DEBUG - findfont: score(FontEntry(fname='C:\\Windows\\Fonts\\esri_27Mcr_2.ttf', index=0, name='ESRI Mil2525C Modifiers', style='normal', variant='normal', weight=400, stretch='normal', size='scalable')) = 10.05
2026-08-07 15:08:41,292 - DEBUG - findfont: score(FontEntry(fname='C:\\Program Files\\MapInfo\\Professional\\Python310\\Lib\\site-packages\\matplotlib\\mpl-data\\fonts\\ttf\\DejaVuSans-Oblique.ttf', index=0, name='DejaVu Sans', style='oblique', variant='normal', weight=400, stretch='normal', size='scalable')) = 1.05
2026-08-07 15:08:41,292 - DEBUG - findfont: score(FontEntry(fname='C:\\Windows\\Fonts\\GARABD.TTF', index=0, name='Garamond', style='normal', variant='normal', weight=700, stretch='normal', size='scalable')) = 10.335
2026-08-07 15:08:41,292 - DEBUG - findfont: score(FontEntry(fname='C:\\Windows\\Fonts\\COOPBL.TTF', index=0, name='Cooper Black', style='normal', variant='normal', weight=400, stretch='normal', size='scalable')) = 10.05
2026-08-07 15:08:41,292 - DEBUG - findfont: score(FontEntry(fname='C:\\Windows\\Fonts\\BOD_PSTC.TTF', index=0, name='Bodoni MT', style='normal', variant='normal', weight=300, stretch='normal', size='scalable')) = 10.145
2026-08-07 15:08:41,292 - DEBUG - findfont: score(FontEntry(fname='C:\\Windows\\Fonts\\BOD_PSTC.TTF', index=0, name='Bodoni MT Poster Compressed', style='normal', variant='normal', weight=400, stretch='normal', size='scalable')) = 10.05
2026-08-07 15:08:41,292 - DEBUG - findfont: score(FontEntry(fname='C:\\Windows\\Fonts\\seguihis.ttf', index=0, name='Segoe UI Historic', style='normal', variant='normal', weight=400, stretch='normal', size='scalable')) = 10.05
2026-08-07 15:08:41,292 - DEBUG - findfont: score(FontEntry(fname='C:\\Windows\\Fonts\\LTYPE.TTF', index=0, name='Lucida Sans Typewriter', style='normal', variant='normal', weight=400, stretch='normal', size='scalable')) = 10.05
2026-08-07 15:08:41,292 - DEBUG - findfont: score(FontEntry(fname='C:\\Windows\\Fonts\\CENTAUR.TTF', index=0, name='Centaur', style='normal', variant='normal', weight=400, stretch='normal', size='scalable')) = 10.05
2026-08-07 15:08:41,292 - DEBUG - findfont: score(FontEntry(fname='C:\\Program Files\\MapInfo\\Professional\\Python310\\Lib\\site-packages\\matplotlib\\mpl-data\\fonts\\ttf\\STIXSizFourSymBol.ttf', index=0, name='STIXSizeFourSym', style='normal', variant='normal', weight=700, stretch='normal', size='scalable')) = 10.335
2026-08-07 15:08:41,292 - DEBUG - findfont: score(FontEntry(fname='C:\\Program Files\\MapInfo\\Professional\\Python310\\Lib\\site-packages\\matplotlib\\mpl-data\\fonts\\ttf\\STIXSizFiveSymReg.ttf', index=0, name='STIXSizeFiveSym', style='normal', variant='normal', weight=400, stretch='normal', size='scalable')) = 10.05
2026-08-07 15:08:41,292 - DEBUG - findfont: score(FontEntry(fname='C:\\Windows\\Fonts\\msyi.ttf', index=0, name='Microsoft Yi Baiti', style='normal', variant='normal', weight=400, stretch='normal', size='scalable')) = 10.05
2026-08-07 15:08:41,292 - DEBUG - findfont: score(FontEntry(fname='C:\\Windows\\Fonts\\Milsym01.ttf', index=0, name='Mil Symbols 01', style='normal', variant='normal', weight=400, stretch='normal', size='scalable')) = 10.05
2026-08-07 15:08:41,292 - DEBUG - findfont: score(FontEntry(fname='C:\\Windows\\Fonts\\mvboli.ttf', index=0, name='MV Boli', style='normal', variant='normal', weight=400, stretch='normal', size='scalable')) = 10.05
2026-08-07 15:08:41,292 - DEBUG - findfont: score(FontEntry(fname='C:\\Windows\\Fonts\\Gabriola.ttf', index=0, name='Gabriola', style='normal', variant='normal', weight=400, stretch='normal', size='scalable')) = 10.05
2026-08-07 15:08:41,292 - DEBUG - findfont: score(FontEntry(fname='C:\\Windows\\Fonts\\calibrii.ttf', index=0, name='Calibri', style='italic', variant='normal', weight=400, stretch='normal', size='scalable')) = 11.05
2026-08-07 15:08:41,292 - DEBUG - findfont: score(FontEntry(fname='C:\\Windows\\Fonts\\esri_19.ttf', index=0, name='ESRI MilMod 02', style='normal', variant='normal', weight=400, stretch='normal', size='scalable')) = 10.05
2026-08-07 15:08:41,292 - DEBUG - findfont: score(FontEntry(fname='C:\\Windows\\Fonts\\esri_161.ttf', index=0, name='ESRI Pipeline US 1', style='normal', variant='normal', weight=400, stretch='normal', size='scalable')) = 10.05
2026-08-07 15:08:41,292 - DEBUG - findfont: score(FontEntry(fname='C:\\Windows\\Fonts\\constani.ttf', index=0, name='Constantia', style='italic', variant='normal', weight=400, stretch='normal', size='scalable')) = 11.05
2026-08-07 15:08:41,292 - DEBUG - findfont: score(FontEntry(fname='C:\\Windows\\Fonts\\FRSCRIPT.TTF', index=0, name='French Script MT', style='normal', variant='normal', weight=400, stretch='normal', size='scalable')) = 10.05
2026-08-07 15:08:41,292 - DEBUG - findfont: score(FontEntry(fname='C:\\Windows\\Fonts\\esri_220.ttf', index=0, name='ESRI IGL Font20', style='normal', variant='normal', weight=400, stretch='normal', size='scalable')) = 10.05
2026-08-07 15:08:41,292 - DEBUG - findfont: score(FontEntry(fname='C:\\Program Files\\MapInfo\\Professional\\Python310\\Lib\\site-packages\\matplotlib\\mpl-data\\fonts\\ttf\\STIXNonUniBol.ttf', index=0, name='STIXNonUnicode', style='normal', variant='normal', weight=700, stretch='normal', size='scalable')) = 10.335
2026-08-07 15:08:41,292 - DEBUG - findfont: score(FontEntry(fname='C:\\Windows\\Fonts\\esri_16.ttf', index=0, name='ESRI NIMA City Graphic PT', style='normal', variant='normal', weight=400, stretch='normal', size='scalable')) = 10.05
2026-08-07 15:08:41,292 - DEBUG - findfont: score(FontEntry(fname='C:\\Windows\\Fonts\\comicz.ttf', index=0, name='Comic Sans MS', style='italic', variant='normal', weight=700, stretch='normal', size='scalable')) = 11.335
2026-08-07 15:08:41,292 - DEBUG - findfont: score(FontEntry(fname='C:\\Windows\\Fonts\\ERASBD.TTF', index=0, name='Eras Bold ITC', style='normal', variant='normal', weight=400, stretch='normal', size='scalable')) = 10.05
2026-08-07 15:08:41,292 - DEBUG - findfont: score(FontEntry(fname='C:\\Windows\\Fonts\\PALSCRI.TTF', index=0, name='Palace Script MT', style='normal', variant='normal', weight=400, stretch='normal', size='scalable')) = 10.05
2026-08-07 15:08:41,292 - DEBUG - findfont: score(FontEntry(fname='C:\\Windows\\Fonts\\Milsym03.ttf', index=0, name='Mil Symbols 03', style='normal', variant='normal', weight=400, stretch='normal', size='scalable')) = 10.05
2026-08-07 15:08:41,292 - DEBUG - findfont: score(FontEntry(fname='C:\\Windows\\Fonts\\Milsym04.ttf', index=0, name='Mil Symbols 04', style='normal', variant='normal', weight=400, stretch='normal', size='scalable')) = 10.05
2026-08-07 15:08:41,292 - DEBUG - findfont: score(FontEntry(fname='C:\\Windows\\Fonts\\consolab.ttf', index=0, name='Consolas', style='normal', variant='normal', weight=700, stretch='normal', size='scalable')) = 10.335
2026-08-07 15:08:41,292 - DEBUG - findfont: score(FontEntry(fname='C:\\Windows\\Fonts\\ELEPHNT.TTF', index=0, name='Elephant', style='normal', variant='normal', weight=400, stretch='normal', size='scalable')) = 10.05
2026-08-07 15:08:41,292 - DEBUG - findfont: score(FontEntry(fname='C:\\Windows\\Fonts\\TTMIPOI.ttf', index=0, name='MapInfo Points of Interest', style='normal', variant='normal', weight=400, stretch='normal', size='scalable')) = 10.05
2026-08-07 15:08:41,292 - DEBUG - findfont: score(FontEntry(fname='C:\\Windows\\Fonts\\trebucbi.ttf', index=0, name='Trebuchet MS', style='italic', variant='normal', weight=700, stretch='normal', size='scalable')) = 11.335
2026-08-07 15:08:41,292 - DEBUG - findfont: score(FontEntry(fname='C:\\Windows\\Fonts\\PrecisionSans_W_Bd.ttf', index=0, name='Precision Sans W', style='normal', variant='normal', weight=700, stretch='normal', size='scalable')) = 10.335
2026-08-07 15:08:41,292 - DEBUG - findfont: score(FontEntry(fname='C:\\Windows\\Fonts\\ebrimabd.ttf', index=0, name='Ebrima', style='normal', variant='normal', weight=700, stretch='normal', size='scalable')) = 10.335
2026-08-07 15:08:41,292 - DEBUG - findfont: score(FontEntry(fname='C:\\Windows\\Fonts\\LBRITED.TTF', index=0, name='Lucida Bright', style='normal', variant='normal', weight=600, stretch='normal', size='scalable')) = 10.24
2026-08-07 15:08:41,292 - DEBUG - findfont: score(FontEntry(fname='C:\\Windows\\Fonts\\ERS_v2_Natural_Events_sym.ttf', index=0, name='ERS v2 Natural Events', style='normal', variant='normal', weight=400, stretch='normal', size='scalable')) = 10.05
2026-08-07 15:08:41,292 - DEBUG - findfont: score(FontEntry(fname='C:\\Windows\\Fonts\\seguibli.ttf', index=0, name='Segoe UI', style='italic', variant='normal', weight=900, stretch='normal', size='scalable')) = 11.525
2026-08-07 15:08:41,292 - DEBUG - findfont: score(FontEntry(fname='C:\\Windows\\Fonts\\seguibli.ttf', index=0, name='Segoe UI Black', style='italic', variant='normal', weight=400, stretch='normal', size='scalable')) = 11.05
2026-08-07 15:08:41,292 - DEBUG - findfont: score(FontEntry(fname='C:\\Windows\\Fonts\\esri_130.ttf', index=0, name='ESRI SDS 1.95 1', style='normal', variant='normal', weight=400, stretch='normal', size='scalable')) = 10.05
2026-08-07 15:08:41,292 - DEBUG - findfont: score(FontEntry(fname='C:\\Windows\\Fonts\\BOD_I.TTF', index=0, name='Bodoni MT', style='italic', variant='normal', weight=400, stretch='normal', size='scalable')) = 11.05
2026-08-07 15:08:41,292 - DEBUG - findfont: score(FontEntry(fname='C:\\Windows\\Fonts\\JUICE___.TTF', index=0, name='Juice ITC', style='normal', variant='normal', weight=400, stretch='normal', size='scalable')) = 10.05
2026-08-07 15:08:41,292 - DEBUG - findfont: score(FontEntry(fname='C:\\Windows\\Fonts\\courbd.ttf', index=0, name='Courier New', style='normal', variant='normal', weight=700, stretch='normal', size='scalable')) = 10.335
2026-08-07 15:08:41,292 - DEBUG - findfont: score(FontEntry(fname='C:\\Windows\\Fonts\\AGENCYB.TTF', index=0, name='Agency FB', style='normal', variant='normal', weight=700, stretch='normal', size='scalable')) = 10.335
2026-08-07 15:08:41,292 - DEBUG - findfont: score(FontEntry(fname='C:\\Windows\\Fonts\\TTMIGAS.ttf', index=0, name='MapInfo Gas', style='normal', variant='normal', weight=400, stretch='normal', size='scalable')) = 10.05
2026-08-07 15:08:41,292 - DEBUG - findfont: score(FontEntry(fname='C:\\Windows\\Fonts\\LTYPEB.TTF', index=0, name='Lucida Sans Typewriter', style='normal', variant='normal', weight=600, stretch='normal', size='scalable')) = 10.24
2026-08-07 15:08:41,292 - DEBUG - findfont: score(FontEntry(fname='C:\\Windows\\Fonts\\GLECB.TTF', index=0, name='Gloucester MT Extra Condensed', style='normal', variant='normal', weight=400, stretch='condensed', size='scalable')) = 10.25
2026-08-07 15:08:41,292 - DEBUG - findfont: score(FontEntry(fname='C:\\Windows\\Fonts\\Milmod02.ttf', index=0, name='Mil SymMod 02', style='normal', variant='normal', weight=400, stretch='normal', size='scalable')) = 10.05
2026-08-07 15:08:41,292 - DEBUG - findfont: score(FontEntry(fname='C:\\Program Files\\MapInfo\\Professional\\Python310\\Lib\\site-packages\\matplotlib\\mpl-data\\fonts\\ttf\\DejaVuSans-BoldOblique.ttf', index=0, name='DejaVu Sans', style='oblique', variant='normal', weight=700, stretch='normal', size='scalable')) = 1.335
2026-08-07 15:08:41,292 - DEBUG - findfont: score(FontEntry(fname='C:\\Windows\\Fonts\\INFROMAN.TTF', index=0, name='Informal Roman', style='normal', variant='normal', weight=400, stretch='normal', size='scalable')) = 10.05
2026-08-07 15:08:41,292 - DEBUG - findfont: score(FontEntry(fname='C:\\Windows\\Fonts\\MAPSYM.TTF', index=0, name='Map Symbols', style='normal', variant='normal', weight=400, stretch='normal', size='scalable')) = 10.05
2026-08-07 15:08:41,292 - DEBUG - findfont: score(FontEntry(fname='C:\\Windows\\Fonts\\timesi.ttf', index=0, name='Times New Roman', style='italic', variant='normal', weight=400, stretch='normal', size='scalable')) = 11.05
2026-08-07 15:08:41,292 - DEBUG - findfont: score(FontEntry(fname='C:\\Windows\\Fonts\\CALIFI.TTF', index=0, name='Californian FB', style='italic', variant='normal', weight=400, stretch='normal', size='scalable')) = 11.05
2026-08-07 15:08:41,292 - DEBUG - findfont: score(FontEntry(fname='C:\\Program Files\\MapInfo\\Professional\\Python310\\Lib\\site-packages\\matplotlib\\mpl-data\\fonts\\ttf\\DejaVuSansMono-Bold.ttf', index=0, name='DejaVu Sans Mono', style='normal', variant='normal', weight=700, stretch='normal', size='scalable')) = 10.335
2026-08-07 15:08:41,292 - DEBUG - findfont: score(FontEntry(fname='C:\\Windows\\Fonts\\lucon.ttf', index=0, name='Lucida Console', style='normal', variant='normal', weight=400, stretch='normal', size='scalable')) = 10.05
2026-08-07 15:08:41,292 - DEBUG - findfont: score(FontEntry(fname='C:\\Windows\\Fonts\\esri_1.ttf', index=0, name='ESRI Cartography', style='normal', variant='normal', weight=400, stretch='normal', size='scalable')) = 10.05
2026-08-07 15:08:41,292 - DEBUG - findfont: score(FontEntry(fname='C:\\Windows\\Fonts\\OCRAEXT.TTF', index=0, name='OCR A Extended', style='normal', variant='normal', weight=400, stretch='expanded', size='scalable')) = 10.25
2026-08-07 15:08:41,292 - DEBUG - findfont: score(FontEntry(fname='C:\\Windows\\Fonts\\MapInfo_dispersed_groups.ttf', index=0, name='MapInfo Dispersed Groups', style='normal', variant='normal', weight=400, stretch='normal', size='scalable')) = 10.05
2026-08-07 15:08:41,292 - DEBUG - findfont: score(FontEntry(fname='C:\\Windows\\Fonts\\MapInfo_dispersed_groups.ttf', index=0, name='MapInfo Symbols', style='normal', variant='normal', weight=400, stretch='normal', size='scalable')) = 10.05
2026-08-07 15:08:41,292 - DEBUG - findfont: score(FontEntry(fname='C:\\Windows\\Fonts\\esri_153.ttf', index=0, name='ESRI AMFM Water', style='normal', variant='normal', weight=400, stretch='normal', size='scalable')) = 10.05
2026-08-07 15:08:41,292 - DEBUG - findfont: score(FontEntry(fname='C:\\Windows\\Fonts\\esri_12.ttf', index=0, name='ESRI NIMA DNC PT', style='normal', variant='normal', weight=400, stretch='normal', size='scalable')) = 10.05
2026-08-07 15:08:41,292 - DEBUG - findfont: score(FontEntry(fname='C:\\Windows\\Fonts\\consolaz.ttf', index=0, name='Consolas', style='italic', variant='normal', weight=700, stretch='normal', size='scalable')) = 11.335
2026-08-07 15:08:41,292 - DEBUG - findfont: score(FontEntry(fname='C:\\Windows\\Fonts\\framd.ttf', index=0, name='Franklin Gothic Medium', style='normal', variant='normal', weight=400, stretch='normal', size='scalable')) = 10.05
2026-08-07 15:08:41,292 - DEBUG - findfont: score(FontEntry(fname='C:\\Windows\\Fonts\\RURN____.TTF', index=0, name='Russian1', style='normal', variant='normal', weight=400, stretch='normal', size='scalable')) = 10.05
2026-08-07 15:08:41,292 - DEBUG - findfont: score(FontEntry(fname='C:\\Windows\\Fonts\\SCHLBKBI.TTF', index=0, name='Century Schoolbook', style='italic', variant='normal', weight=700, stretch='normal', size='scalable')) = 11.335
2026-08-07 15:08:41,292 - DEBUG - findfont: score(FontEntry(fname='C:\\Windows\\Fonts\\GOUDOSI.TTF', index=0, name='Goudy Old Style', style='italic', variant='normal', weight=400, stretch='normal', size='scalable')) = 11.05
2026-08-07 15:08:41,292 - DEBUG - findfont: score(FontEntry(fname='C:\\Windows\\Fonts\\segoeuii.ttf', index=0, name='Segoe UI', style='italic', variant='normal', weight=400, stretch='normal', size='scalable')) = 11.05
2026-08-07 15:08:41,292 - DEBUG - findfont: score(FontEntry(fname='C:\\Windows\\Fonts\\esri_13.ttf', index=0, name='ESRI NIMA DNC LN', style='normal', variant='normal', weight=400, stretch='normal', size='scalable')) = 10.05
2026-08-07 15:08:41,292 - DEBUG - findfont: score(FontEntry(fname='C:\\Windows\\Fonts\\esri_159.ttf', index=0, name='ESRI Hydrants', style='normal', variant='normal', weight=400, stretch='normal', size='scalable')) = 10.05
2026-08-07 15:08:41,292 - DEBUG - findfont: score(FontEntry(fname='C:\\Windows\\Fonts\\impact.ttf', index=0, name='Impact', style='normal', variant='normal', weight=400, stretch='normal', size='scalable')) = 10.05
2026-08-07 15:08:41,292 - DEBUG - findfont: score(FontEntry(fname='C:\\Windows\\Fonts\\BOOKOS.TTF', index=0, name='Bookman Old Style', style='normal', variant='normal', weight=300, stretch='normal', size='scalable')) = 10.145
2026-08-07 15:08:41,292 - DEBUG - findfont: score(FontEntry(fname='C:\\Windows\\Fonts\\ERS_v2_Operations_S1_sym.ttf', index=0, name='ERS v2 Operations Stage 01', style='normal', variant='normal', weight=400, stretch='normal', size='scalable')) = 10.05
2026-08-07 15:08:41,292 - DEBUG - findfont: score(FontEntry(fname='C:\\Windows\\Fonts\\ebrima.ttf', index=0, name='Ebrima', style='normal', variant='normal', weight=400, stretch='normal', size='scalable')) = 10.05
2026-08-07 15:08:41,292 - DEBUG - findfont: score(FontEntry(fname='C:\\Windows\\Fonts\\ITCEDSCR.TTF', index=0, name='Edwardian Script ITC', style='normal', variant='normal', weight=400, stretch='normal', size='scalable')) = 10.05
2026-08-07 15:08:41,292 - DEBUG - findfont: score(FontEntry(fname='C:\\Program Files\\MapInfo\\Professional\\Python310\\Lib\\site-packages\\matplotlib\\mpl-data\\fonts\\ttf\\STIXGeneralBol.ttf', index=0, name='STIXGeneral', style='normal', variant='normal', weight=700, stretch='normal', size='scalable')) = 10.335
2026-08-07 15:08:41,292 - DEBUG - findfont: score(FontEntry(fname='C:\\Windows\\Fonts\\segoepr.ttf', index=0, name='Segoe Print', style='normal', variant='normal', weight=400, stretch='normal', size='scalable')) = 10.05
2026-08-07 15:08:41,292 - DEBUG - findfont: score(FontEntry(fname='C:\\Windows\\Fonts\\BRLNSDB.TTF', index=0, name='Berlin Sans FB Demi', style='normal', variant='normal', weight=700, stretch='normal', size='scalable')) = 10.335
2026-08-07 15:08:41,292 - DEBUG - findfont: score(FontEntry(fname='C:\\Windows\\Fonts\\esri_405.ttf', index=0, name='ESRI Elements', style='normal', variant='normal', weight=400, stretch='normal', size='scalable')) = 10.05
2026-08-07 15:08:41,292 - DEBUG - findfont: score(FontEntry(fname='C:\\Program Files\\MapInfo\\Professional\\Python310\\Lib\\site-packages\\matplotlib\\mpl-data\\fonts\\ttf\\DejaVuSansDisplay.ttf', index=0, name='DejaVu Sans Display', style='normal', variant='normal', weight=400, stretch='normal', size='scalable')) = 10.05
2026-08-07 15:08:41,292 - DEBUG - findfont: score(FontEntry(fname='C:\\Windows\\Fonts\\ERS_v2_Infrastructures_S1_sym.ttf', index=0, name='ERS v2 Infrastructures Stage 01', style='normal', variant='normal', weight=400, stretch='normal', size='scalable')) = 10.05
2026-08-07 15:08:41,292 - DEBUG - findfont: score(FontEntry(fname='C:\\Windows\\Fonts\\FRAMDCN.TTF', index=0, name='Franklin Gothic Medium Cond', style='normal', variant='normal', weight=400, stretch='condensed', size='scalable')) = 10.25
2026-08-07 15:08:41,292 - DEBUG - findfont: score(FontEntry(fname='C:\\Windows\\Fonts\\NIAGSOL.TTF', index=0, name='Niagara Solid', style='normal', variant='normal', weight=400, stretch='normal', size='scalable')) = 10.05
2026-08-07 15:08:41,292 - DEBUG - findfont: score(FontEntry(fname='C:\\Windows\\Fonts\\SHOWG.TTF', index=0, name='Showcard Gothic', style='normal', variant='normal', weight=400, stretch='normal', size='scalable')) = 10.05
2026-08-07 15:08:41,292 - DEBUG - findfont: score(FontEntry(fname='C:\\Windows\\Fonts\\LSANSDI.TTF', index=0, name='Lucida Sans', style='italic', variant='normal', weight=600, stretch='normal', size='scalable')) = 11.24
2026-08-07 15:08:41,292 - DEBUG - findfont: score(FontEntry(fname='C:\\Windows\\Fonts\\esri_24.ttf', index=0, name='ESRI MilSym 04', style='normal', variant='normal', weight=400, stretch='normal', size='scalable')) = 10.05
2026-08-07 15:08:41,292 - DEBUG - findfont: score(FontEntry(fname='C:\\Windows\\Fonts\\TCMI____.TTF', index=0, name='Tw Cen MT', style='italic', variant='normal', weight=400, stretch='normal', size='scalable')) = 11.05
2026-08-07 15:08:41,292 - DEBUG - findfont: score(FontEntry(fname='C:\\Windows\\Fonts\\PrecisionSans_W_MdIt.ttf', index=0, name='Precision Sans W', style='italic', variant='normal', weight=500, stretch='normal', size='scalable')) = 11.145
2026-08-07 15:08:41,292 - DEBUG - findfont: score(FontEntry(fname='C:\\Windows\\Fonts\\PrecisionSans_W_MdIt.ttf', index=0, name='Precision Sans W Medium', style='italic', variant='normal', weight=400, stretch='normal', size='scalable')) = 11.05
2026-08-07 15:08:41,292 - DEBUG - findfont: score(FontEntry(fname='C:\\Windows\\Fonts\\BELL.TTF', index=0, name='Bell MT', style='normal', variant='normal', weight=400, stretch='normal', size='scalable')) = 10.05
2026-08-07 15:08:41,292 - DEBUG - findfont: score(FontEntry(fname='C:\\Windows\\Fonts\\Milsym05.ttf', index=0, name='Mil Symbols 05', style='normal', variant='normal', weight=400, stretch='normal', size='scalable')) = 10.05
2026-08-07 15:08:41,292 - DEBUG - findfont: score(FontEntry(fname='C:\\Windows\\Fonts\\palabi.ttf', index=0, name='Palatino Linotype', style='italic', variant='normal', weight=700, stretch='normal', size='scalable')) = 11.335
2026-08-07 15:08:41,292 - DEBUG - findfont: score(FontEntry(fname='C:\\Windows\\Fonts\\BRITANIC.TTF', index=0, name='Britannic Bold', style='normal', variant='normal', weight=400, stretch='normal', size='scalable')) = 10.05
2026-08-07 15:08:41,292 - DEBUG - findfont: score(FontEntry(fname='C:\\Windows\\Fonts\\GLSNECB.TTF', index=0, name='Gill Sans MT Ext Condensed Bold', style='normal', variant='normal', weight=400, stretch='condensed', size='scalable')) = 10.25
2026-08-07 15:08:41,292 - DEBUG - findfont: score(FontEntry(fname='C:\\Windows\\Fonts\\RAGE.TTF', index=0, name='Rage Italic', style='italic', variant='normal', weight=400, stretch='normal', size='scalable')) = 11.05
2026-08-07 15:08:41,292 - DEBUG - findfont: score(FontEntry(fname='C:\\Windows\\Fonts\\LFAXI.TTF', index=0, name='Lucida Fax', style='italic', variant='normal', weight=400, stretch='normal', size='scalable')) = 11.05
2026-08-07 15:08:41,292 - DEBUG - findfont: score(FontEntry(fname='C:\\Windows\\Fonts\\segmdl2.ttf', index=0, name='Segoe MDL2 Assets', style='normal', variant='normal', weight=400, stretch='normal', size='scalable')) = 10.05
2026-08-07 15:08:41,292 - DEBUG - findfont: score(FontEntry(fname='C:\\Program Files\\MapInfo\\Professional\\Python310\\Lib\\site-packages\\matplotlib\\mpl-data\\fonts\\ttf\\DejaVuSans.ttf', index=0, name='DejaVu Sans', style='normal', variant='normal', weight=400, stretch='normal', size='scalable')) = 0.05
2026-08-07 15:08:41,292 - DEBUG - findfont: score(FontEntry(fname='C:\\Windows\\Fonts\\MAGNETOB.TTF', index=0, name='Magneto', style='normal', variant='normal', weight=700, stretch='normal', size='scalable')) = 10.335
2026-08-07 15:08:41,292 - DEBUG - findfont: score(FontEntry(fname='C:\\Windows\\Fonts\\GRPN____.TTF', index=0, name='GreekPlus', style='normal', variant='normal', weight=400, stretch='normal', size='scalable')) = 10.05
2026-08-07 15:08:41,292 - DEBUG - findfont: score(FontEntry(fname='C:\\Windows\\Fonts\\esri_25.ttf', index=0, name='ESRI MilSym 05', style='normal', variant='normal', weight=400, stretch='normal', size='scalable')) = 10.05
2026-08-07 15:08:41,292 - DEBUG - findfont: score(FontEntry(fname='C:\\Windows\\Fonts\\ANTQUABI.TTF', index=0, name='Book Antiqua', style='italic', variant='normal', weight=700, stretch='normal', size='scalable')) = 11.335
2026-08-07 15:08:41,292 - DEBUG - findfont: score(FontEntry(fname='C:\\Windows\\Fonts\\segoeprb.ttf', index=0, name='Segoe Print', style='normal', variant='normal', weight=700, stretch='normal', size='scalable')) = 10.335
2026-08-07 15:08:41,292 - DEBUG - findfont: score(FontEntry(fname='C:\\Windows\\Fonts\\trebuc.ttf', index=0, name='Trebuchet MS', style='normal', variant='normal', weight=400, stretch='normal', size='scalable')) = 10.05
2026-08-07 15:08:41,292 - DEBUG - findfont: score(FontEntry(fname='C:\\Windows\\Fonts\\PrecisionSans_W_BdIt.ttf', index=0, name='Precision Sans W', style='italic', variant='normal', weight=700, stretch='normal', size='scalable')) = 11.335
2026-08-07 15:08:41,292 - DEBUG - findfont: score(FontEntry(fname='C:\\Windows\\Fonts\\LeelUIsl.ttf', index=0, name='Leelawadee UI', style='normal', variant='normal', weight=350, stretch='normal', size='scalable')) = 10.0975
2026-08-07 15:08:41,292 - DEBUG - findfont: score(FontEntry(fname='C:\\Windows\\Fonts\\LeelUIsl.ttf', index=0, name='Leelawadee UI Semilight', style='normal', variant='normal', weight=400, stretch='normal', size='scalable')) = 10.05
2026-08-07 15:08:41,292 - DEBUG - findfont: score(FontEntry(fname='C:\\Windows\\Fonts\\BRLNSR.TTF', index=0, name='Berlin Sans FB', style='normal', variant='normal', weight=400, stretch='normal', size='scalable')) = 10.05
2026-08-07 15:08:41,308 - DEBUG - findfont: score(FontEntry(fname='C:\\Program Files\\MapInfo\\Professional\\Python310\\Lib\\site-packages\\matplotlib\\mpl-data\\fonts\\ttf\\DejaVuSerif-Bold.ttf', index=0, name='DejaVu Serif', style='normal', variant='normal', weight=700, stretch='normal', size='scalable')) = 10.335
2026-08-07 15:08:41,308 - DEBUG - findfont: score(FontEntry(fname='C:\\Windows\\Fonts\\esri_5.ttf', index=0, name='ESRI Weather', style='normal', variant='normal', weight=400, stretch='normal', size='scalable')) = 10.05
2026-08-07 15:08:41,308 - DEBUG - findfont: score(FontEntry(fname='C:\\Windows\\Fonts\\calibrili.ttf', index=0, name='Calibri', style='italic', variant='normal', weight=300, stretch='normal', size='scalable')) = 11.145
2026-08-07 15:08:41,308 - DEBUG - findfont: score(FontEntry(fname='C:\\Windows\\Fonts\\calibrili.ttf', index=0, name='Calibri Light', style='italic', variant='normal', weight=400, stretch='normal', size='scalable')) = 11.05
2026-08-07 15:08:41,308 - DEBUG - findfont: score(FontEntry(fname='C:\\Windows\\Fonts\\ROCC____.TTF', index=0, name='Rockwell Condensed', style='normal', variant='normal', weight=400, stretch='condensed', size='scalable')) = 10.25
2026-08-07 15:08:41,308 - DEBUG - findfont: score(FontEntry(fname='C:\\Windows\\Fonts\\OLDENGL.TTF', index=0, name='Old English Text MT', style='normal', variant='normal', weight=400, stretch='normal', size='scalable')) = 10.05
2026-08-07 15:08:41,308 - DEBUG - findfont: score(FontEntry(fname='C:\\Windows\\Fonts\\ERS_v2_Incidents_sym.ttf', index=0, name='ERS v2 Incidents', style='normal', variant='normal', weight=400, stretch='normal', size='scalable')) = 10.05
2026-08-07 15:08:41,308 - DEBUG - findfont: score(FontEntry(fname='C:\\Windows\\Fonts\\PERTILI.TTF', index=0, name='Perpetua Titling MT', style='normal', variant='normal', weight=300, stretch='normal', size='scalable')) = 10.145
2026-08-07 15:08:41,308 - DEBUG - findfont: score(FontEntry(fname='C:\\Windows\\Fonts\\ROCKBI.TTF', index=0, name='Rockwell', style='italic', variant='normal', weight=700, stretch='normal', size='scalable')) = 11.335
2026-08-07 15:08:41,308 - DEBUG - findfont: score(FontEntry(fname='C:\\Windows\\Fonts\\esri_800.ttf', index=0, name='ESRI Enviro Hazard Incident', style='normal', variant='normal', weight=400, stretch='normal', size='scalable')) = 10.05
2026-08-07 15:08:41,308 - DEBUG - findfont: score(FontEntry(fname='C:\\Windows\\Fonts\\HTOWERTI.TTF', index=0, name='High Tower Text', style='italic', variant='normal', weight=400, stretch='normal', size='scalable')) = 11.05
2026-08-07 15:08:41,308 - DEBUG - findfont: score(FontEntry(fname='C:\\Windows\\Fonts\\AGENCYR.TTF', index=0, name='Agency FB', style='normal', variant='normal', weight=400, stretch='normal', size='scalable')) = 10.05
2026-08-07 15:08:41,308 - DEBUG - findfont: score(FontEntry(fname='C:\\Windows\\Fonts\\segoesc.ttf', index=0, name='Segoe Script', style='normal', variant='normal', weight=400, stretch='normal', size='scalable')) = 10.05
2026-08-07 15:08:41,308 - DEBUG - findfont: score(FontEntry(fname='C:\\Windows\\Fonts\\ITCBLKAD.TTF', index=0, name='Blackadder ITC', style='normal', variant='normal', weight=400, stretch='normal', size='scalable')) = 10.05
2026-08-07 15:08:41,308 - DEBUG - findfont: score(FontEntry(fname='C:\\Windows\\Fonts\\HTOWERT.TTF', index=0, name='High Tower Text', style='normal', variant='normal', weight=400, stretch='normal', size='scalable')) = 10.05
2026-08-07 15:08:41,308 - DEBUG - findfont: score(FontEntry(fname='C:\\Windows\\Fonts\\calibri.ttf', index=0, name='Calibri', style='normal', variant='normal', weight=400, stretch='normal', size='scalable')) = 10.05
2026-08-07 15:08:41,308 - DEBUG - findfont: score(FontEntry(fname='C:\\Windows\\Fonts\\GILSANUB.TTF', index=0, name='Gill Sans Ultra Bold', style='normal', variant='normal', weight=400, stretch='normal', size='scalable')) = 10.05
2026-08-07 15:08:41,308 - DEBUG - findfont: score(FontEntry(fname='C:\\Windows\\Fonts\\TTMIERH.ttf', index=0, name='MapInfo ER Hazmat', style='normal', variant='normal', weight=400, stretch='normal', size='scalable')) = 10.05
2026-08-07 15:08:41,308 - DEBUG - findfont: score(FontEntry(fname='C:\\Windows\\Fonts\\msyhl.ttc', index=0, name='Microsoft YaHei', style='normal', variant='normal', weight=290, stretch='normal', size='scalable')) = 10.1545
2026-08-07 15:08:41,308 - DEBUG - findfont: score(FontEntry(fname='C:\\Windows\\Fonts\\msyhl.ttc', index=0, name='Microsoft YaHei Light', style='normal', variant='normal', weight=400, stretch='normal', size='scalable')) = 10.05
2026-08-07 15:08:41,308 - DEBUG - findfont: score(FontEntry(fname='C:\\Windows\\Fonts\\msyhl.ttc', index=1, name='Microsoft YaHei UI', style='normal', variant='normal', weight=290, stretch='normal', size='scalable')) = 10.1545
2026-08-07 15:08:41,308 - DEBUG - findfont: score(FontEntry(fname='C:\\Windows\\Fonts\\msyhl.ttc', index=1, name='Microsoft YaHei UI Light', style='normal', variant='normal', weight=400, stretch='normal', size='scalable')) = 10.05
2026-08-07 15:08:41,308 - DEBUG - findfont: score(FontEntry(fname='C:\\Windows\\Fonts\\constanz.ttf', index=0, name='Constantia', style='italic', variant='normal', weight=700, stretch='normal', size='scalable')) = 11.335
2026-08-07 15:08:41,308 - DEBUG - findfont: score(FontEntry(fname='C:\\Windows\\Fonts\\Milsym02.ttf', index=0, name='Mil Symbols 02', style='normal', variant='normal', weight=400, stretch='normal', size='scalable')) = 10.05
2026-08-07 15:08:41,308 - DEBUG - findfont: score(FontEntry(fname='C:\\Windows\\Fonts\\FRAHV.TTF', index=0, name='Franklin Gothic Heavy', style='normal', variant='normal', weight=400, stretch='normal', size='scalable')) = 10.05
2026-08-07 15:08:41,308 - DEBUG - findfont: score(FontEntry(fname='C:\\Program Files\\MapInfo\\Professional\\Python310\\Lib\\site-packages\\matplotlib\\mpl-data\\fonts\\ttf\\STIXSizOneSymReg.ttf', index=0, name='STIXSizeOneSym', style='normal', variant='normal', weight=400, stretch='normal', size='scalable')) = 10.05
2026-08-07 15:08:41,308 - DEBUG - findfont: score(FontEntry(fname='C:\\Windows\\Fonts\\COLONNA.TTF', index=0, name='Colonna MT', style='normal', variant='normal', weight=400, stretch='normal', size='scalable')) = 10.05
2026-08-07 15:08:41,308 - DEBUG - findfont: score(FontEntry(fname='C:\\Windows\\Fonts\\verdanab.ttf', index=0, name='Verdana', style='normal', variant='normal', weight=700, stretch='normal', size='scalable')) = 3.9713636363636367
2026-08-07 15:08:41,308 - DEBUG - findfont: score(FontEntry(fname='C:\\Windows\\Fonts\\times.ttf', index=0, name='Times New Roman', style='normal', variant='normal', weight=400, stretch='normal', size='scalable')) = 10.05
2026-08-07 15:08:41,308 - DEBUG - findfont: score(FontEntry(fname='C:\\Windows\\Fonts\\constanb.ttf', index=0, name='Constantia', style='normal', variant='normal', weight=700, stretch='normal', size='scalable')) = 10.335
2026-08-07 15:08:41,308 - DEBUG - findfont: score(FontEntry(fname='C:\\Windows\\Fonts\\ERS_v2_Infrastructures_S4_sym.ttf', index=0, name='ERS v2 Infrastructures Stage 04', style='normal', variant='normal', weight=400, stretch='normal', size='scalable')) = 10.05
2026-08-07 15:08:41,308 - DEBUG - findfont: score(FontEntry(fname='C:\\Windows\\Fonts\\PrecisionSans_W_Md.ttf', index=0, name='Precision Sans W', style='normal', variant='normal', weight=500, stretch='normal', size='scalable')) = 10.145
2026-08-07 15:08:41,308 - DEBUG - findfont: score(FontEntry(fname='C:\\Windows\\Fonts\\PrecisionSans_W_Md.ttf', index=0, name='Precision Sans W Medium', style='normal', variant='normal', weight=400, stretch='normal', size='scalable')) = 10.05
2026-08-07 15:08:41,308 - DEBUG - findfont: score(FontEntry(fname='C:\\Windows\\Fonts\\corbeli.ttf', index=0, name='Corbel', style='italic', variant='normal', weight=400, stretch='normal', size='scalable')) = 11.05
2026-08-07 15:08:41,308 - DEBUG - findfont: score(FontEntry(fname='C:\\Windows\\Fonts\\calibril.ttf', index=0, name='Calibri', style='normal', variant='normal', weight=300, stretch='normal', size='scalable')) = 10.145
2026-08-07 15:08:41,308 - DEBUG - findfont: score(FontEntry(fname='C:\\Windows\\Fonts\\calibril.ttf', index=0, name='Calibri Light', style='normal', variant='normal', weight=400, stretch='normal', size='scalable')) = 10.05
2026-08-07 15:08:41,308 - DEBUG - findfont: score(FontEntry(fname='C:\\Windows\\Fonts\\ARMON___.TTF', index=0, name='Armenian4', style='normal', variant='normal', weight=400, stretch='normal', size='scalable')) = 10.05
2026-08-07 15:08:41,308 - DEBUG - findfont: score(FontEntry(fname='C:\\Program Files\\MapInfo\\Professional\\Python310\\Lib\\site-packages\\matplotlib\\mpl-data\\fonts\\ttf\\cmtt10.ttf', index=0, name='cmtt10', style='normal', variant='normal', weight=400, stretch='normal', size='scalable')) = 10.05
2026-08-07 15:08:41,308 - DEBUG - findfont: score(FontEntry(fname='C:\\Windows\\Fonts\\MapInfo World POI.ttf', index=0, name='MapInfo World POI', style='normal', variant='normal', weight=400, stretch='normal', size='scalable')) = 10.05
2026-08-07 15:08:41,308 - DEBUG - findfont: score(FontEntry(fname='C:\\Windows\\Fonts\\phagspa.ttf', index=0, name='Microsoft PhagsPa', style='normal', variant='normal', weight=400, stretch='normal', size='scalable')) = 10.05
2026-08-07 15:08:41,308 - DEBUG - findfont: score(FontEntry(fname='C:\\Windows\\Fonts\\BKANT.TTF', index=0, name='Book Antiqua', style='normal', variant='normal', weight=400, stretch='normal', size='scalable')) = 10.05
2026-08-07 15:08:41,308 - DEBUG - findfont: score(FontEntry(fname='C:\\Windows\\Fonts\\TTMIMI__.TTF', index=0, name='MapInfo Miscellaneous', style='normal', variant='normal', weight=400, stretch='normal', size='scalable')) = 10.05
2026-08-07 15:08:41,308 - DEBUG - findfont: score(FontEntry(fname='C:\\Windows\\Fonts\\msyhbd.ttc', index=0, name='Microsoft YaHei', style='normal', variant='normal', weight=700, stretch='normal', size='scalable')) = 10.335
2026-08-07 15:08:41,308 - DEBUG - findfont: score(FontEntry(fname='C:\\Windows\\Fonts\\msyhbd.ttc', index=1, name='Microsoft YaHei UI', style='normal', variant='normal', weight=700, stretch='normal', size='scalable')) = 10.335
2026-08-07 15:08:41,308 - DEBUG - findfont: score(FontEntry(fname='C:\\Windows\\Fonts\\PERI____.TTF', index=0, name='Perpetua', style='italic', variant='normal', weight=400, stretch='normal', size='scalable')) = 11.05
2026-08-07 15:08:41,308 - DEBUG - findfont: score(FontEntry(fname='C:\\Windows\\Fonts\\gadugi.ttf', index=0, name='Gadugi', style='normal', variant='normal', weight=400, stretch='normal', size='scalable')) = 10.05
2026-08-07 15:08:41,308 - DEBUG - findfont: score(FontEntry(fname='C:\\Windows\\Fonts\\taile.ttf', index=0, name='Microsoft Tai Le', style='normal', variant='normal', weight=400, stretch='normal', size='scalable')) = 10.05
2026-08-07 15:08:41,308 - DEBUG - findfont: score(FontEntry(fname='C:\\Windows\\Fonts\\Etstc___.ttf', index=0, name='ET Structural Canada', style='normal', variant='normal', weight=400, stretch='normal', size='scalable')) = 10.05
2026-08-07 15:08:41,308 - DEBUG - findfont: score(FontEntry(fname='C:\\Windows\\Fonts\\ONYX.TTF', index=0, name='Onyx', style='normal', variant='normal', weight=400, stretch='normal', size='scalable')) = 10.05
2026-08-07 15:08:41,308 - DEBUG - findfont: score(FontEntry(fname='C:\\Windows\\Fonts\\YuGothL.ttc', index=0, name='Yu Gothic', style='normal', variant='normal', weight=300, stretch='normal', size='scalable')) = 10.145
2026-08-07 15:08:41,308 - DEBUG - findfont: score(FontEntry(fname='C:\\Windows\\Fonts\\YuGothL.ttc', index=0, name='Yu Gothic Light', style='normal', variant='normal', weight=400, stretch='normal', size='scalable')) = 10.05
2026-08-07 15:08:41,308 - DEBUG - findfont: score(FontEntry(fname='C:\\Windows\\Fonts\\YuGothL.ttc', index=1, name='Yu Gothic UI', style='normal', variant='normal', weight=300, stretch='normal', size='scalable')) = 10.145
2026-08-07 15:08:41,308 - DEBUG - findfont: score(FontEntry(fname='C:\\Windows\\Fonts\\YuGothL.ttc', index=1, name='Yu Gothic UI Light', style='normal', variant='normal', weight=400, stretch='normal', size='scalable')) = 10.05
2026-08-07 15:08:41,308 - DEBUG - findfont: score(FontEntry(fname='C:\\Windows\\Fonts\\ETWATER_.TTF', index=0, name='ET Water', style='normal', variant='normal', weight=400, stretch='normal', size='scalable')) = 10.05
2026-08-07 15:08:41,308 - DEBUG - findfont: score(FontEntry(fname='C:\\Program Files\\MapInfo\\Professional\\Python310\\Lib\\site-packages\\matplotlib\\mpl-data\\fonts\\ttf\\DejaVuSansMono.ttf', index=0, name='DejaVu Sans Mono', style='normal', variant='normal', weight=400, stretch='normal', size='scalable')) = 10.05
2026-08-07 15:08:41,308 - DEBUG - findfont: score(FontEntry(fname='C:\\Windows\\Fonts\\Mapst_0.ttf', index=0, name='MapSheets', style='normal', variant='normal', weight=400, stretch='normal', size='scalable')) = 10.05
2026-08-07 15:08:41,308 - DEBUG - findfont: score(FontEntry(fname='C:\\Windows\\Fonts\\ariali.ttf', index=0, name='Arial', style='italic', variant='normal', weight=400, stretch='normal', size='scalable')) = 7.413636363636363
2026-08-07 15:08:41,308 - DEBUG - findfont: score(FontEntry(fname='C:\\Windows\\Fonts\\ROCKEB.TTF', index=0, name='Rockwell Extra Bold', style='normal', variant='normal', weight=800, stretch='normal', size='scalable')) = 10.43
2026-08-07 15:08:41,308 - DEBUG - findfont: score(FontEntry(fname='C:\\Windows\\Fonts\\webdings.ttf', index=0, name='Webdings', style='normal', variant='normal', weight=400, stretch='normal', size='scalable')) = 10.05
2026-08-07 15:08:41,308 - DEBUG - findfont: score(FontEntry(fname='C:\\Windows\\Fonts\\YuGothM.ttc', index=0, name='Yu Gothic', style='normal', variant='normal', weight=500, stretch='normal', size='scalable')) = 10.145
2026-08-07 15:08:41,308 - DEBUG - findfont: score(FontEntry(fname='C:\\Windows\\Fonts\\YuGothM.ttc', index=0, name='Yu Gothic Medium', style='normal', variant='normal', weight=400, stretch='normal', size='scalable')) = 10.05
2026-08-07 15:08:41,308 - DEBUG - findfont: score(FontEntry(fname='C:\\Windows\\Fonts\\YuGothM.ttc', index=1, name='Yu Gothic UI', style='normal', variant='normal', weight=400, stretch='normal', size='scalable')) = 10.05
2026-08-07 15:08:41,308 - DEBUG - findfont: score(FontEntry(fname='C:\\Windows\\Fonts\\ERASLGHT.TTF', index=0, name='Eras Light ITC', style='normal', variant='normal', weight=400, stretch='normal', size='scalable')) = 10.05
2026-08-07 15:08:41,308 - DEBUG - findfont: score(FontEntry(fname='C:\\Windows\\Fonts\\corbel.ttf', index=0, name='Corbel', style='normal', variant='normal', weight=400, stretch='normal', size='scalable')) = 10.05
2026-08-07 15:08:41,308 - DEBUG - findfont: score(FontEntry(fname='C:\\Program Files\\MapInfo\\Professional\\Python310\\Lib\\site-packages\\matplotlib\\mpl-data\\fonts\\ttf\\DejaVuSerif-Italic.ttf', index=0, name='DejaVu Serif', style='italic', variant='normal', weight=400, stretch='normal', size='scalable')) = 11.05
2026-08-07 15:08:41,308 - DEBUG - findfont: score(FontEntry(fname='C:\\Windows\\Fonts\\TCCB____.TTF', index=0, name='Tw Cen MT Condensed', style='normal', variant='normal', weight=700, stretch='condensed', size='scalable')) = 10.535
2026-08-07 15:08:41,308 - DEBUG - findfont: score(FontEntry(fname='C:\\Windows\\Fonts\\palai.ttf', index=0, name='Palatino Linotype', style='italic', variant='normal', weight=400, stretch='normal', size='scalable')) = 11.05
2026-08-07 15:08:41,308 - DEBUG - findfont: score(FontEntry(fname='C:\\Windows\\Fonts\\TTMIAR__.TTF', index=0, name='MapInfo Arrows', style='normal', variant='normal', weight=400, stretch='normal', size='scalable')) = 10.05
2026-08-07 15:08:41,308 - DEBUG - findfont: score(FontEntry(fname='C:\\Windows\\Fonts\\LFAXDI.TTF', index=0, name='Lucida Fax', style='italic', variant='normal', weight=600, stretch='normal', size='scalable')) = 11.24
2026-08-07 15:08:41,308 - DEBUG - findfont: score(FontEntry(fname='C:\\Windows\\Fonts\\LSANSI.TTF', index=0, name='Lucida Sans', style='italic', variant='normal', weight=400, stretch='normal', size='scalable')) = 11.05
2026-08-07 15:08:41,308 - DEBUG - findfont: score(FontEntry(fname='C:\\Windows\\Fonts\\esri_144.ttf', index=0, name='ESRI Arrowhead', style='normal', variant='normal', weight=400, stretch='normal', size='scalable')) = 10.05
2026-08-07 15:08:41,308 - DEBUG - findfont: score(FontEntry(fname='C:\\Windows\\Fonts\\PLAYBILL.TTF', index=0, name='Playbill', style='normal', variant='normal', weight=400, stretch='normal', size='scalable')) = 10.05
2026-08-07 15:08:41,308 - DEBUG - findfont: score(FontEntry(fname='C:\\Windows\\Fonts\\CALISTBI.TTF', index=0, name='Calisto MT', style='italic', variant='normal', weight=700, stretch='normal', size='scalable')) = 11.335
2026-08-07 15:08:41,308 - DEBUG - findfont: score(FontEntry(fname='C:\\Windows\\Fonts\\seguisbi.ttf', index=0, name='Segoe UI', style='italic', variant='normal', weight=600, stretch='normal', size='scalable')) = 11.24
2026-08-07 15:08:41,308 - DEBUG - findfont: score(FontEntry(fname='C:\\Windows\\Fonts\\seguisbi.ttf', index=0, name='Segoe UI Semibold', style='italic', variant='normal', weight=400, stretch='normal', size='scalable')) = 11.05
2026-08-07 15:08:41,308 - DEBUG - findfont: score(FontEntry(fname='C:\\Windows\\Fonts\\GOUDOS.TTF', index=0, name='Goudy Old Style', style='normal', variant='normal', weight=400, stretch='normal', size='scalable')) = 10.05
2026-08-07 15:08:41,308 - DEBUG - findfont: score(FontEntry(fname='C:\\Windows\\Fonts\\ANTQUAB.TTF', index=0, name='Book Antiqua', style='normal', variant='normal', weight=700, stretch='normal', size='scalable')) = 10.335
2026-08-07 15:08:41,308 - DEBUG - findfont: score(FontEntry(fname='C:\\Windows\\Fonts\\PrecisionSans_W_Rg.ttf', index=0, name='Precision Sans W', style='normal', variant='normal', weight=400, stretch='normal', size='scalable')) = 10.05
2026-08-07 15:08:41,308 - DEBUG - findfont: score(FontEntry(fname='C:\\Windows\\Fonts\\esri_802.ttf', index=0, name='ESRI Enviro Hazard Sites', style='normal', variant='normal', weight=400, stretch='normal', size='scalable')) = 10.05
2026-08-07 15:08:41,308 - DEBUG - findfont: score(FontEntry(fname='C:\\Windows\\Fonts\\esri_22.ttf', index=0, name='ESRI MilSym 02', style='normal', variant='normal', weight=400, stretch='normal', size='scalable')) = 10.05
2026-08-07 15:08:41,308 - DEBUG - findfont: score(FontEntry(fname='C:\\Windows\\Fonts\\esri_7.ttf', index=0, name='ESRI Geology', style='normal', variant='normal', weight=400, stretch='normal', size='scalable')) = 10.05
2026-08-07 15:08:41,308 - DEBUG - findfont: score(FontEntry(fname='C:\\Windows\\Fonts\\trebucit.ttf', index=0, name='Trebuchet MS', style='italic', variant='normal', weight=400, stretch='normal', size='scalable')) = 11.05
2026-08-07 15:08:41,308 - DEBUG - findfont: score(FontEntry(fname='C:\\Windows\\Fonts\\TEMPSITC.TTF', index=0, name='Tempus Sans ITC', style='normal', variant='normal', weight=400, stretch='normal', size='scalable')) = 10.05
2026-08-07 15:08:41,308 - DEBUG - findfont: score(FontEntry(fname='C:\\Windows\\Fonts\\MTCORSVA.TTF', index=0, name='Monotype Corsiva', style='normal', variant='normal', weight=400, stretch='normal', size='scalable')) = 10.05
2026-08-07 15:08:41,308 - DEBUG - findfont: score(FontEntry(fname='C:\\Windows\\Fonts\\BRADHITC.TTF', index=0, name='Bradley Hand ITC', style='normal', variant='normal', weight=400, stretch='normal', size='scalable')) = 10.05
2026-08-07 15:08:41,308 - DEBUG - findfont: score(FontEntry(fname='C:\\Windows\\Fonts\\Etbasic___.ttf', index=0, name='ET Basic', style='normal', variant='normal', weight=400, stretch='normal', size='scalable')) = 10.05
2026-08-07 15:08:41,308 - DEBUG - findfont: score(FontEntry(fname='C:\\Windows\\Fonts\\Etbasic___.ttf', index=0, name='ET GeoExplore', style='normal', variant='normal', weight=400, stretch='normal', size='scalable')) = 10.05
2026-08-07 15:08:41,308 - DEBUG - findfont: score(FontEntry(fname='C:\\Windows\\Fonts\\esri_224.ttf', index=0, name='ESRI IGL Font24', style='normal', variant='normal', weight=400, stretch='normal', size='scalable')) = 10.05
2026-08-07 15:08:41,308 - DEBUG - findfont: score(FontEntry(fname='C:\\Windows\\Fonts\\comicbd.ttf', index=0, name='Comic Sans MS', style='normal', variant='normal', weight=700, stretch='normal', size='scalable')) = 10.335
2026-08-07 15:08:41,308 - DEBUG - findfont: score(FontEntry(fname='C:\\Windows\\Fonts\\BAUHS93.TTF', index=0, name='Bauhaus 93', style='normal', variant='normal', weight=400, stretch='normal', size='scalable')) = 10.05
2026-08-07 15:08:41,308 - DEBUG - findfont: score(FontEntry(fname='C:\\Windows\\Fonts\\seguisym.ttf', index=0, name='Segoe UI Symbol', style='normal', variant='normal', weight=400, stretch='normal', size='scalable')) = 10.05
2026-08-07 15:08:41,308 - DEBUG - findfont: score(FontEntry(fname='C:\\Windows\\Fonts\\esri_20.ttf', index=0, name='ESRI MilRed 01', style='normal', variant='normal', weight=400, stretch='normal', size='scalable')) = 10.05
2026-08-07 15:08:41,308 - DEBUG - findfont: score(FontEntry(fname='C:\\Windows\\Fonts\\verdanaz.ttf', index=0, name='Verdana', style='italic', variant='normal', weight=700, stretch='normal', size='scalable')) = 4.971363636363637
2026-08-07 15:08:41,308 - DEBUG - findfont: score(FontEntry(fname='C:\\Windows\\Fonts\\GOUDOSB.TTF', index=0, name='Goudy Old Style', style='normal', variant='normal', weight=700, stretch='normal', size='scalable')) = 10.335
2026-08-07 15:08:41,308 - DEBUG - findfont: score(FontEntry(fname='C:\\Windows\\Fonts\\PERTIBD.TTF', index=0, name='Perpetua Titling MT', style='normal', variant='normal', weight=700, stretch='normal', size='scalable')) = 10.335
2026-08-07 15:08:41,308 - DEBUG - findfont: score(FontEntry(fname='C:\\Windows\\Fonts\\LCALLIG.TTF', index=0, name='Lucida Calligraphy', style='italic', variant='normal', weight=400, stretch='normal', size='scalable')) = 11.05
2026-08-07 15:08:41,308 - DEBUG - findfont: score(FontEntry(fname='C:\\Windows\\Fonts\\esri_105.ttf', index=0, name='ESRI Meteorological 01', style='normal', variant='normal', weight=400, stretch='normal', size='scalable')) = 10.05
2026-08-07 15:08:41,308 - DEBUG - findfont: score(FontEntry(fname='C:\\Windows\\Fonts\\simsun.ttc', index=0, name='SimSun', style='normal', variant='normal', weight=400, stretch='normal', size='scalable')) = 10.05
2026-08-07 15:08:41,308 - DEBUG - findfont: score(FontEntry(fname='C:\\Windows\\Fonts\\simsun.ttc', index=1, name='NSimSun', style='normal', variant='normal', weight=400, stretch='normal', size='scalable')) = 10.05
2026-08-07 15:08:41,308 - DEBUG - findfont: score(FontEntry(fname='C:\\Windows\\Fonts\\TTMIER.ttf', index=0, name='MapInfo ER Incident Centers', style='normal', variant='normal', weight=400, stretch='normal', size='scalable')) = 10.05
2026-08-07 15:08:41,308 - DEBUG - findfont: score(FontEntry(fname='C:\\Windows\\Fonts\\gadugib.ttf', index=0, name='Gadugi', style='normal', variant='normal', weight=700, stretch='normal', size='scalable')) = 10.335
2026-08-07 15:08:41,308 - DEBUG - findfont: score(FontEntry(fname='C:\\Windows\\Fonts\\WINGDNG2.TTF', index=0, name='Wingdings 2', style='normal', variant='normal', weight=400, stretch='normal', size='scalable')) = 10.05
2026-08-07 15:08:41,308 - DEBUG - findfont: score(FontEntry(fname='C:\\Windows\\Fonts\\esri_121.ttf', index=0, name='ESRI Ordnance Survey', style='normal', variant='normal', weight=400, stretch='normal', size='scalable')) = 10.05
2026-08-07 15:08:41,308 - DEBUG - findfont: score(FontEntry(fname='C:\\Windows\\Fonts\\ARIALNB.TTF', index=0, name='Arial', style='normal', variant='normal', weight=700, stretch='condensed', size='scalable')) = 6.8986363636363635
2026-08-07 15:08:41,308 - DEBUG - findfont: score(FontEntry(fname='C:\\Windows\\Fonts\\ARIALNB.TTF', index=0, name='Arial Narrow', style='normal', variant='normal', weight=700, stretch='condensed', size='scalable')) = 10.535
2026-08-07 15:08:41,308 - DEBUG - findfont: score(FontEntry(fname='C:\\Windows\\Fonts\\canadashields.TTF', index=0, name='Canadian Shields', style='normal', variant='normal', weight=400, stretch='normal', size='scalable')) = 10.05
2026-08-07 15:08:41,308 - DEBUG - findfont: score(FontEntry(fname='C:\\Windows\\Fonts\\CALIFR.TTF', index=0, name='Californian FB', style='normal', variant='normal', weight=400, stretch='normal', size='scalable')) = 10.05
2026-08-07 15:08:41,308 - DEBUG - findfont: score(FontEntry(fname='C:\\Windows\\Fonts\\RAVIE.TTF', index=0, name='Ravie', style='normal', variant='normal', weight=400, stretch='normal', size='scalable')) = 10.05
2026-08-07 15:08:41,308 - DEBUG - findfont: score(FontEntry(fname='C:\\Windows\\Fonts\\esri_26.ttf', index=0, name='ESRI MilMod 01', style='normal', variant='normal', weight=400, stretch='normal', size='scalable')) = 10.05
2026-08-07 15:08:41,308 - DEBUG - findfont: score(FontEntry(fname='C:\\Windows\\Fonts\\esri_804.ttf', index=0, name='ESRI Fire Incident NFPA', style='normal', variant='normal', weight=400, stretch='normal', size='scalable')) = 10.05
2026-08-07 15:08:41,308 - DEBUG - findfont: score(FontEntry(fname='C:\\Windows\\Fonts\\TTMIOG__.TTF', index=0, name='MapInfo Oil&Gas', style='normal', variant='normal', weight=400, stretch='normal', size='scalable')) = 10.05
2026-08-07 15:08:41,308 - DEBUG - findfont: score(FontEntry(fname='C:\\Windows\\Fonts\\Etstu___.ttf', index=0, name='ET Structural USA', style='normal', variant='normal', weight=400, stretch='normal', size='scalable')) = 10.05
2026-08-07 15:08:41,308 - DEBUG - findfont: score(FontEntry(fname='C:\\Windows\\Fonts\\ERS_v2_Operations_S2_sym.ttf', index=0, name='ERS v2 Operations Stage 02', style='normal', variant='normal', weight=400, stretch='normal', size='scalable')) = 10.05
2026-08-07 15:08:41,308 - DEBUG - findfont: score(FontEntry(fname='C:\\Windows\\Fonts\\SitkaVF.ttf', index=0, name='Sitka', style='normal', variant='normal', weight=400, stretch='normal', size='scalable')) = 10.05
2026-08-07 15:08:41,308 - DEBUG - findfont: score(FontEntry(fname='C:\\Windows\\Fonts\\SitkaVF.ttf', index=0, name='Sitka Text', style='normal', variant='normal', weight=400, stretch='normal', size='scalable')) = 10.05
2026-08-07 15:08:41,308 - DEBUG - findfont: score(FontEntry(fname='C:\\Program Files\\MapInfo\\Professional\\Python310\\Lib\\site-packages\\matplotlib\\mpl-data\\fonts\\ttf\\STIXGeneral.ttf', index=0, name='STIXGeneral', style='normal', variant='normal', weight=400, stretch='normal', size='scalable')) = 10.05
2026-08-07 15:08:41,308 - DEBUG - findfont: score(FontEntry(fname='C:\\Windows\\Fonts\\Candarali.ttf', index=0, name='Candara', style='italic', variant='normal', weight=400, stretch='normal', size='scalable')) = 11.05
2026-08-07 15:08:41,308 - DEBUG - findfont: score(FontEntry(fname='C:\\Windows\\Fonts\\Candarali.ttf', index=0, name='Candara Light', style='italic', variant='normal', weight=400, stretch='normal', size='scalable')) = 11.05
2026-08-07 15:08:41,308 - DEBUG - findfont: score(FontEntry(fname='C:\\Windows\\Fonts\\trebucbd.ttf', index=0, name='Trebuchet MS', style='normal', variant='normal', weight=700, stretch='normal', size='scalable')) = 10.335
2026-08-07 15:08:41,308 - DEBUG - findfont: score(FontEntry(fname='C:\\Program Files\\MapInfo\\Professional\\Python310\\Lib\\site-packages\\matplotlib\\mpl-data\\fonts\\ttf\\cmmi10.ttf', index=0, name='cmmi10', style='normal', variant='normal', weight=400, stretch='normal', size='scalable')) = 10.05
2026-08-07 15:08:41,308 - DEBUG - findfont: score(FontEntry(fname='C:\\Windows\\Fonts\\msjhl.ttc', index=0, name='Microsoft JhengHei', style='normal', variant='normal', weight=290, stretch='normal', size='scalable')) = 10.1545
2026-08-07 15:08:41,308 - DEBUG - findfont: score(FontEntry(fname='C:\\Windows\\Fonts\\msjhl.ttc', index=0, name='Microsoft JhengHei Light', style='normal', variant='normal', weight=400, stretch='normal', size='scalable')) = 10.05
2026-08-07 15:08:41,308 - DEBUG - findfont: score(FontEntry(fname='C:\\Windows\\Fonts\\msjhl.ttc', index=1, name='Microsoft JhengHei UI', style='normal', variant='normal', weight=290, stretch='normal', size='scalable')) = 10.1545
2026-08-07 15:08:41,308 - DEBUG - findfont: score(FontEntry(fname='C:\\Windows\\Fonts\\msjhl.ttc', index=1, name='Microsoft JhengHei UI Light', style='normal', variant='normal', weight=400, stretch='normal', size='scalable')) = 10.05
2026-08-07 15:08:41,308 - DEBUG - findfont: score(FontEntry(fname='C:\\Windows\\Fonts\\GIL_____.TTF', index=0, name='Gill Sans MT', style='normal', variant='normal', weight=400, stretch='normal', size='scalable')) = 10.05
2026-08-07 15:08:41,308 - DEBUG - findfont: score(FontEntry(fname='C:\\Windows\\Fonts\\PrecisionSans_W_LtIt.ttf', index=0, name='Precision Sans W', style='italic', variant='normal', weight=300, stretch='normal', size='scalable')) = 11.145
2026-08-07 15:08:41,308 - DEBUG - findfont: score(FontEntry(fname='C:\\Windows\\Fonts\\PrecisionSans_W_LtIt.ttf', index=0, name='Precision Sans W Light', style='italic', variant='normal', weight=400, stretch='normal', size='scalable')) = 11.05
2026-08-07 15:08:41,308 - DEBUG - findfont: score(FontEntry(fname='C:\\Windows\\Fonts\\esri_3.ttf', index=0, name='ESRI Geometric Symbols', style='normal', variant='normal', weight=400, stretch='normal', size='scalable')) = 10.05
2026-08-07 15:08:41,308 - DEBUG - findfont: score(FontEntry(fname='C:\\Windows\\Fonts\\ERS_v2_Operations_S3_sym.ttf', index=0, name='ERS v2 Operations Stage 03', style='normal', variant='normal', weight=400, stretch='normal', size='scalable')) = 10.05
2026-08-07 15:08:41,308 - DEBUG - findfont: score(FontEntry(fname='C:\\Windows\\Fonts\\cour.ttf', index=0, name='Courier New', style='normal', variant='normal', weight=400, stretch='normal', size='scalable')) = 10.05
2026-08-07 15:08:41,308 - DEBUG - findfont: score(FontEntry(fname='C:\\Windows\\Fonts\\esri_376.ttf', index=0, name='ESRI Caves 2', style='normal', variant='normal', weight=400, stretch='normal', size='scalable')) = 10.05
2026-08-07 15:08:41,308 - DEBUG - findfont: score(FontEntry(fname='C:\\Windows\\Fonts\\BOOKOSBI.TTF', index=0, name='Bookman Old Style', style='italic', variant='normal', weight=600, stretch='normal', size='scalable')) = 11.24
2026-08-07 15:08:41,308 - DEBUG - findfont: score(FontEntry(fname='C:\\Windows\\Fonts\\segoescb.ttf', index=0, name='Segoe Script', style='normal', variant='normal', weight=700, stretch='normal', size='scalable')) = 10.335
2026-08-07 15:08:41,308 - DEBUG - findfont: score(FontEntry(fname='C:\\Program Files\\MapInfo\\Professional\\Python310\\Lib\\site-packages\\matplotlib\\mpl-data\\fonts\\ttf\\STIXGeneralItalic.ttf', index=0, name='STIXGeneral', style='italic', variant='normal', weight=400, stretch='normal', size='scalable')) = 11.05
2026-08-07 15:08:41,308 - DEBUG - findfont: score(FontEntry(fname='C:\\Windows\\Fonts\\PARCHM.TTF', index=0, name='Parchment', style='normal', variant='normal', weight=400, stretch='normal', size='scalable')) = 10.05
2026-08-07 15:08:41,308 - DEBUG - findfont: score(FontEntry(fname='C:\\Windows\\Fonts\\SCRIPTBL.TTF', index=0, name='Script MT Bold', style='normal', variant='normal', weight=700, stretch='normal', size='scalable')) = 10.335
2026-08-07 15:08:41,308 - DEBUG - findfont: score(FontEntry(fname='C:\\Windows\\Fonts\\GILC____.TTF', index=0, name='Gill Sans MT Condensed', style='normal', variant='normal', weight=400, stretch='condensed', size='scalable')) = 10.25
2026-08-07 15:08:41,308 - DEBUG - findfont: score(FontEntry(fname='C:\\Windows\\Fonts\\esri_17.ttf', index=0, name='ESRI NIMA City Graphic LN', style='normal', variant='normal', weight=400, stretch='normal', size='scalable')) = 10.05
2026-08-07 15:08:41,308 - DEBUG - findfont: score(FontEntry(fname='C:\\Windows\\Fonts\\cambriai.ttf', index=0, name='Cambria', style='italic', variant='normal', weight=400, stretch='normal', size='scalable')) = 11.05
2026-08-07 15:08:41,308 - DEBUG - findfont: score(FontEntry(fname='C:\\Windows\\Fonts\\esri_216.ttf', index=0, name='ESRI IGL Font16', style='normal', variant='normal', weight=400, stretch='normal', size='scalable')) = 10.05
2026-08-07 15:08:41,308 - DEBUG - findfont: score(FontEntry(fname='C:\\Windows\\Fonts\\LTYPEO.TTF', index=0, name='Lucida Sans Typewriter', style='oblique', variant='normal', weight=400, stretch='normal', size='scalable')) = 11.05
2026-08-07 15:08:41,308 - DEBUG - findfont: score(FontEntry(fname='C:\\Program Files\\MapInfo\\Professional\\Python310\\Lib\\site-packages\\matplotlib\\mpl-data\\fonts\\ttf\\STIXSizTwoSymBol.ttf', index=0, name='STIXSizeTwoSym', style='normal', variant='normal', weight=700, stretch='normal', size='scalable')) = 10.335
2026-08-07 15:08:41,308 - DEBUG - findfont: score(FontEntry(fname='C:\\Windows\\Fonts\\BOD_CB.TTF', index=0, name='Bodoni MT', style='normal', variant='normal', weight=700, stretch='condensed', size='scalable')) = 10.535
2026-08-07 15:08:41,308 - DEBUG - findfont: score(FontEntry(fname='C:\\Windows\\Fonts\\BOD_CB.TTF', index=0, name='Bodoni MT Condensed', style='normal', variant='normal', weight=700, stretch='condensed', size='scalable')) = 10.535
2026-08-07 15:08:41,308 - DEBUG - findfont: score(FontEntry(fname='C:\\Windows\\Fonts\\SitkaVF-Italic.ttf', index=0, name='Sitka', style='italic', variant='normal', weight=400, stretch='normal', size='scalable')) = 11.05
2026-08-07 15:08:41,308 - DEBUG - findfont: score(FontEntry(fname='C:\\Windows\\Fonts\\SitkaVF-Italic.ttf', index=0, name='Sitka Text', style='italic', variant='normal', weight=400, stretch='normal', size='scalable')) = 11.05
2026-08-07 15:08:41,308 - DEBUG - findfont: score(FontEntry(fname='C:\\Windows\\Fonts\\esri_15.ttf', index=0, name='ESRI NIMA VMAP1&2 LN', style='normal', variant='normal', weight=400, stretch='normal', size='scalable')) = 10.05
2026-08-07 15:08:41,308 - DEBUG - findfont: score(FontEntry(fname='C:\\Windows\\Fonts\\ETGAS.ttf', index=0, name='ET GAS Symbols', style='normal', variant='normal', weight=400, stretch='normal', size='scalable')) = 10.05
2026-08-07 15:08:41,308 - DEBUG - findfont: score(FontEntry(fname='C:\\Windows\\Fonts\\TTMIWE__.TTF', index=0, name='MapInfo Weather', style='normal', variant='normal', weight=400, stretch='normal', size='scalable')) = 10.05
2026-08-07 15:08:41,308 - DEBUG - findfont: score(FontEntry(fname='C:\\Windows\\Fonts\\TTMIRE__.TTF', index=0, name='MapInfo Real Estate', style='normal', variant='normal', weight=400, stretch='normal', size='scalable')) = 10.05
2026-08-07 15:08:41,308 - DEBUG - findfont: score(FontEntry(fname='C:\\Windows\\Fonts\\VINERITC.TTF', index=0, name='Viner Hand ITC', style='normal', variant='normal', weight=400, stretch='normal', size='scalable')) = 10.05
2026-08-07 15:08:41,308 - DEBUG - findfont: score(FontEntry(fname='C:\\Windows\\Fonts\\CALIST.TTF', index=0, name='Calisto MT', style='normal', variant='normal', weight=400, stretch='normal', size='scalable')) = 10.05
2026-08-07 15:08:41,308 - DEBUG - findfont: score(FontEntry(fname='C:\\Windows\\Fonts\\esri_21.ttf', index=0, name='ESRI MilSym 01', style='normal', variant='normal', weight=400, stretch='normal', size='scalable')) = 10.05
2026-08-07 15:08:41,308 - DEBUG - findfont: score(FontEntry(fname='C:\\Windows\\Fonts\\LSANSD.TTF', index=0, name='Lucida Sans', style='normal', variant='normal', weight=600, stretch='normal', size='scalable')) = 10.24
2026-08-07 15:08:41,308 - DEBUG - findfont: score(FontEntry(fname='C:\\Windows\\Fonts\\COPRGTL.TTF', index=0, name='Copperplate Gothic Light', style='normal', variant='normal', weight=400, stretch='normal', size='scalable')) = 10.05
2026-08-07 15:08:41,308 - DEBUG - findfont: score(FontEntry(fname='C:\\Windows\\Fonts\\HARLOWSI.TTF', index=0, name='Harlow Solid Italic', style='italic', variant='normal', weight=400, stretch='normal', size='scalable')) = 11.05
2026-08-07 15:08:41,308 - DEBUG - findfont: score(FontEntry(fname='C:\\Windows\\Fonts\\msgothic.ttc', index=0, name='MS Gothic', style='normal', variant='normal', weight=400, stretch='normal', size='scalable')) = 10.05
2026-08-07 15:08:41,308 - DEBUG - findfont: score(FontEntry(fname='C:\\Windows\\Fonts\\msgothic.ttc', index=1, name='MS UI Gothic', style='normal', variant='normal', weight=400, stretch='normal', size='scalable')) = 10.05
2026-08-07 15:08:41,308 - DEBUG - findfont: score(FontEntry(fname='C:\\Windows\\Fonts\\msgothic.ttc', index=2, name='MS PGothic', style='normal', variant='normal', weight=400, stretch='normal', size='scalable')) = 10.05
2026-08-07 15:08:41,308 - DEBUG - findfont: score(FontEntry(fname='C:\\Windows\\Fonts\\esri_225.ttf', index=0, name='ESRI IGL Font25', style='normal', variant='normal', weight=400, stretch='normal', size='scalable')) = 10.05
2026-08-07 15:08:41,308 - DEBUG - findfont: score(FontEntry(fname='C:\\Windows\\Fonts\\esri_803.ttf', index=0, name='ESRI Hazardous Materials', style='normal', variant='normal', weight=400, stretch='normal', size='scalable')) = 10.05
2026-08-07 15:08:41,308 - DEBUG - findfont: score(FontEntry(fname='C:\\Windows\\Fonts\\phagspab.ttf', index=0, name='Microsoft PhagsPa', style='normal', variant='normal', weight=700, stretch='normal', size='scalable')) = 10.335
2026-08-07 15:08:41,308 - DEBUG - findfont: score(FontEntry(fname='C:\\Windows\\Fonts\\esri_150.ttf', index=0, name='ESRI AMFM Electric', style='normal', variant='normal', weight=400, stretch='normal', size='scalable')) = 10.05
2026-08-07 15:08:41,308 - DEBUG - findfont: score(FontEntry(fname='C:\\Windows\\Fonts\\georgiab.ttf', index=0, name='Georgia', style='normal', variant='normal', weight=700, stretch='normal', size='scalable')) = 10.335
2026-08-07 15:08:41,308 - DEBUG - findfont: score(FontEntry(fname='C:\\Windows\\Fonts\\FRADMIT.TTF', index=0, name='Franklin Gothic Demi', style='italic', variant='normal', weight=400, stretch='normal', size='scalable')) = 11.05
2026-08-07 15:08:41,308 - DEBUG - findfont: score(FontEntry(fname='C:\\Windows\\Fonts\\BOD_R.TTF', index=0, name='Bodoni MT', style='normal', variant='normal', weight=400, stretch='normal', size='scalable')) = 10.05
2026-08-07 15:08:41,308 - DEBUG - findfont: score(FontEntry(fname='C:\\Windows\\Fonts\\LBRITE.TTF', index=0, name='Lucida Bright', style='normal', variant='normal', weight=400, stretch='normal', size='scalable')) = 10.05
2026-08-07 15:08:41,308 - DEBUG - findfont: score(FontEntry(fname='C:\\Windows\\Fonts\\REFSAN.TTF', index=0, name='MS Reference Sans Serif', style='normal', variant='normal', weight=400, stretch='normal', size='scalable')) = 10.05
2026-08-07 15:08:41,308 - DEBUG - findfont: score(FontEntry(fname='C:\\Windows\\Fonts\\MATURASC.TTF', index=0, name='Matura MT Script Capitals', style='normal', variant='normal', weight=400, stretch='normal', size='scalable')) = 10.05
2026-08-07 15:08:41,308 - DEBUG - findfont: score(FontEntry(fname='C:\\Windows\\Fonts\\cambria.ttc', index=0, name='Cambria', style='normal', variant='normal', weight=400, stretch='normal', size='scalable')) = 10.05
2026-08-07 15:08:41,308 - DEBUG - findfont: score(FontEntry(fname='C:\\Windows\\Fonts\\cambria.ttc', index=1, name='Cambria Math', style='normal', variant='normal', weight=400, stretch='normal', size='scalable')) = 10.05
2026-08-07 15:08:41,308 - DEBUG - findfont: score(FontEntry(fname='C:\\Windows\\Fonts\\REFSPCL.TTF', index=0, name='MS Reference Specialty', style='normal', variant='normal', weight=400, stretch='normal', size='scalable')) = 10.05
2026-08-07 15:08:41,308 - DEBUG - findfont: score(FontEntry(fname='C:\\Windows\\Fonts\\cambriab.ttf', index=0, name='Cambria', style='normal', variant='normal', weight=700, stretch='normal', size='scalable')) = 10.335
2026-08-07 15:08:41,308 - DEBUG - findfont: score(FontEntry(fname='C:\\Windows\\Fonts\\WINGDNG3.TTF', index=0, name='Wingdings 3', style='normal', variant='normal', weight=400, stretch='normal', size='scalable')) = 10.05
2026-08-07 15:08:41,308 - DEBUG - findfont: score(FontEntry(fname='C:\\Windows\\Fonts\\SansSerifCollection.ttf', index=0, name='Sans Serif Collection', style='normal', variant='normal', weight=400, stretch='normal', size='scalable')) = 10.05
2026-08-07 15:08:41,308 - DEBUG - findfont: score(FontEntry(fname='C:\\Windows\\Fonts\\CENTURY.TTF', index=0, name='Century', style='normal', variant='normal', weight=400, stretch='normal', size='scalable')) = 10.05
2026-08-07 15:08:41,308 - DEBUG - findfont: score(FontEntry(fname='C:\\Windows\\Fonts\\TTMICG__.TTF', index=0, name='MapInfo Cartographic', style='normal', variant='normal', weight=400, stretch='normal', size='scalable')) = 10.05
2026-08-07 15:08:41,308 - DEBUG - findfont: score(FontEntry(fname='C:\\Windows\\Fonts\\PrecisionSans_W_RgIt.ttf', index=0, name='Precision Sans W', style='italic', variant='normal', weight=400, stretch='normal', size='scalable')) = 11.05
2026-08-07 15:08:41,308 - DEBUG - findfont: score(FontEntry(fname='C:\\Windows\\Fonts\\wingding.ttf', index=0, name='Wingdings', style='normal', variant='normal', weight=400, stretch='normal', size='scalable')) = 10.05
2026-08-07 15:08:41,308 - DEBUG - findfont: score(FontEntry(fname='C:\\Windows\\Fonts\\ITCKRIST.TTF', index=0, name='Kristen ITC', style='normal', variant='normal', weight=400, stretch='normal', size='scalable')) = 10.05
2026-08-07 15:08:41,308 - DEBUG - findfont: score(FontEntry(fname='C:\\Windows\\Fonts\\SegUIVar.ttf', index=0, name='Segoe UI Variable', style='normal', variant='normal', weight=400, stretch='normal', size='scalable')) = 10.05
2026-08-07 15:08:41,308 - DEBUG - findfont: score(FontEntry(fname='C:\\Windows\\Fonts\\corbelli.ttf', index=0, name='Corbel', style='italic', variant='normal', weight=300, stretch='normal', size='scalable')) = 11.145
2026-08-07 15:08:41,308 - DEBUG - findfont: score(FontEntry(fname='C:\\Windows\\Fonts\\corbelli.ttf', index=0, name='Corbel Light', style='italic', variant='normal', weight=400, stretch='normal', size='scalable')) = 11.05
2026-08-07 15:08:41,308 - DEBUG - findfont: score(FontEntry(fname='C:\\Windows\\Fonts\\COPRGTB.TTF', index=0, name='Copperplate Gothic Bold', style='normal', variant='normal', weight=400, stretch='normal', size='scalable')) = 10.05
2026-08-07 15:08:41,308 - DEBUG - findfont: score(FontEntry(fname='C:\\Windows\\Fonts\\symbol.ttf', index=0, name='Symbol', style='normal', variant='normal', weight=400, stretch='normal', size='scalable')) = 10.05
2026-08-07 15:08:41,308 - DEBUG - findfont: score(FontEntry(fname='C:\\Windows\\Fonts\\mingliub.ttc', index=0, name='MingLiU-ExtB', style='normal', variant='normal', weight=400, stretch='normal', size='scalable')) = 10.05
2026-08-07 15:08:41,308 - DEBUG - findfont: score(FontEntry(fname='C:\\Windows\\Fonts\\mingliub.ttc', index=1, name='PMingLiU-ExtB', style='normal', variant='normal', weight=400, stretch='normal', size='scalable')) = 10.05
2026-08-07 15:08:41,321 - DEBUG - findfont: score(FontEntry(fname='C:\\Windows\\Fonts\\mingliub.ttc', index=2, name='MingLiU_HKSCS-ExtB', style='normal', variant='normal', weight=400, stretch='normal', size='scalable')) = 10.05
2026-08-07 15:08:41,321 - DEBUG - findfont: score(FontEntry(fname='C:\\Windows\\Fonts\\mingliub.ttc', index=3, name='MingLiU_MSCS-ExtB', style='normal', variant='normal', weight=400, stretch='normal', size='scalable')) = 10.05
2026-08-07 15:08:41,321 - DEBUG - findfont: score(FontEntry(fname='C:\\Windows\\Fonts\\LFAXD.TTF', index=0, name='Lucida Fax', style='normal', variant='normal', weight=600, stretch='normal', size='scalable')) = 10.24
2026-08-07 15:08:41,321 - DEBUG - findfont: score(FontEntry(fname='C:\\Windows\\Fonts\\CascadiaMono.ttf', index=0, name='Cascadia Mono', style='normal', variant='normal', weight=400, stretch='normal', size='scalable')) = 10.05
2026-08-07 15:08:41,321 - DEBUG - findfont: score(FontEntry(fname='C:\\Windows\\Fonts\\msyh.ttc', index=0, name='Microsoft YaHei', style='normal', variant='normal', weight=400, stretch='normal', size='scalable')) = 10.05
2026-08-07 15:08:41,321 - DEBUG - findfont: score(FontEntry(fname='C:\\Windows\\Fonts\\msyh.ttc', index=1, name='Microsoft YaHei UI', style='normal', variant='normal', weight=400, stretch='normal', size='scalable')) = 10.05
2026-08-07 15:08:41,321 - DEBUG - findfont: score(FontEntry(fname='C:\\Windows\\Fonts\\cambriaz.ttf', index=0, name='Cambria', style='italic', variant='normal', weight=700, stretch='normal', size='scalable')) = 11.335
2026-08-07 15:08:41,321 - DEBUG - findfont: score(FontEntry(fname='C:\\Windows\\Fonts\\IMPRISHA.TTF', index=0, name='Imprint MT Shadow', style='normal', variant='normal', weight=400, stretch='normal', size='scalable')) = 10.05
2026-08-07 15:08:41,321 - DEBUG - findfont: score(FontEntry(fname='C:\\Windows\\Fonts\\HEDN____.TTF', index=0, name='HebrewDove', style='normal', variant='normal', weight=400, stretch='normal', size='scalable')) = 10.05
2026-08-07 15:08:41,321 - DEBUG - findfont: score(FontEntry(fname='C:\\Windows\\Fonts\\POORICH.TTF', index=0, name='Poor Richard', style='normal', variant='normal', weight=400, stretch='normal', size='scalable')) = 10.05
2026-08-07 15:08:41,321 - DEBUG - findfont: score(FontEntry(fname='C:\\Windows\\Fonts\\esri_14.ttf', index=0, name='ESRI NIMA VMAP1&2 PT', style='normal', variant='normal', weight=400, stretch='normal', size='scalable')) = 10.05
2026-08-07 15:08:41,321 - DEBUG - findfont: score(FontEntry(fname='C:\\Windows\\Fonts\\DUBAI-LIGHT.TTF', index=0, name='Dubai', style='normal', variant='normal', weight=300, stretch='normal', size='scalable')) = 10.145
2026-08-07 15:08:41,321 - DEBUG - findfont: score(FontEntry(fname='C:\\Windows\\Fonts\\DUBAI-LIGHT.TTF', index=0, name='Dubai Light', style='normal', variant='normal', weight=400, stretch='normal', size='scalable')) = 10.05
2026-08-07 15:08:41,321 - DEBUG - findfont: score(FontEntry(fname='C:\\Windows\\Fonts\\BOD_B.TTF', index=0, name='Bodoni MT', style='normal', variant='normal', weight=700, stretch='normal', size='scalable')) = 10.335
2026-08-07 15:08:41,321 - DEBUG - findfont: score(FontEntry(fname='C:\\Windows\\Fonts\\esri_2.ttf', index=0, name='ESRI Environmental & Icons', style='normal', variant='normal', weight=400, stretch='normal', size='scalable')) = 10.05
2026-08-07 15:08:41,321 - DEBUG - findfont: score(FontEntry(fname='C:\\Windows\\Fonts\\DUBAI-MEDIUM.TTF', index=0, name='Dubai', style='normal', variant='normal', weight=500, stretch='normal', size='scalable')) = 10.145
2026-08-07 15:08:41,321 - DEBUG - findfont: score(FontEntry(fname='C:\\Windows\\Fonts\\DUBAI-MEDIUM.TTF', index=0, name='Dubai Medium', style='normal', variant='normal', weight=400, stretch='normal', size='scalable')) = 10.05
2026-08-07 15:08:41,321 - DEBUG - findfont: score(FontEntry(fname='C:\\Windows\\Fonts\\BROADW.TTF', index=0, name='Broadway', style='normal', variant='normal', weight=400, stretch='normal', size='scalable')) = 10.05
2026-08-07 15:08:41,321 - DEBUG - findfont: score(FontEntry(fname='C:\\Program Files\\MapInfo\\Professional\\Python310\\Lib\\site-packages\\matplotlib\\mpl-data\\fonts\\ttf\\DejaVuSerif-BoldItalic.ttf', index=0, name='DejaVu Serif', style='italic', variant='normal', weight=700, stretch='normal', size='scalable')) = 11.335
2026-08-07 15:08:41,321 - DEBUG - findfont: score(FontEntry(fname='C:\\Windows\\Fonts\\CALISTB.TTF', index=0, name='Calisto MT', style='normal', variant='normal', weight=700, stretch='normal', size='scalable')) = 10.335
2026-08-07 15:08:41,321 - DEBUG - findfont: score(FontEntry(fname='C:\\Windows\\Fonts\\sylfaen.ttf', index=0, name='Sylfaen', style='normal', variant='normal', weight=400, stretch='normal', size='scalable')) = 10.05
2026-08-07 15:08:41,321 - DEBUG - findfont: score(FontEntry(fname='C:\\Windows\\Fonts\\YuGothB.ttc', index=0, name='Yu Gothic', style='normal', variant='normal', weight=700, stretch='normal', size='scalable')) = 10.335
2026-08-07 15:08:41,321 - DEBUG - findfont: score(FontEntry(fname='C:\\Windows\\Fonts\\YuGothB.ttc', index=1, name='Yu Gothic UI', style='normal', variant='normal', weight=700, stretch='normal', size='scalable')) = 10.335
2026-08-07 15:08:41,321 - DEBUG - findfont: score(FontEntry(fname='C:\\Windows\\Fonts\\YuGothB.ttc', index=2, name='Yu Gothic UI', style='normal', variant='normal', weight=600, stretch='normal', size='scalable')) = 10.24
2026-08-07 15:08:41,321 - DEBUG - findfont: score(FontEntry(fname='C:\\Windows\\Fonts\\YuGothB.ttc', index=2, name='Yu Gothic UI Semibold', style='normal', variant='normal', weight=400, stretch='normal', size='scalable')) = 10.05
2026-08-07 15:08:41,321 - DEBUG - findfont: score(FontEntry(fname='C:\\Windows\\Fonts\\BERNHC.TTF', index=0, name='Bernard MT Condensed', style='normal', variant='normal', weight=400, stretch='condensed', size='scalable')) = 10.25
2026-08-07 15:08:41,321 - DEBUG - findfont: score(FontEntry(fname='C:\\Windows\\Fonts\\GILI____.TTF', index=0, name='Gill Sans MT', style='italic', variant='normal', weight=400, stretch='normal', size='scalable')) = 11.05
2026-08-07 15:08:41,323 - DEBUG - findfont: score(FontEntry(fname='C:\\Windows\\Fonts\\taileb.ttf', index=0, name='Microsoft Tai Le', style='normal', variant='normal', weight=700, stretch='normal', size='scalable')) = 10.335
2026-08-07 15:08:41,323 - DEBUG - findfont: score(FontEntry(fname='C:\\Windows\\Fonts\\LeelaUIb.ttf', index=0, name='Leelawadee UI', style='normal', variant='normal', weight=700, stretch='normal', size='scalable')) = 10.335
2026-08-07 15:08:41,323 - DEBUG - findfont: score(FontEntry(fname='C:\\Program Files\\MapInfo\\Professional\\Python310\\Lib\\site-packages\\matplotlib\\mpl-data\\fonts\\ttf\\STIXNonUniIta.ttf', index=0, name='STIXNonUnicode', style='italic', variant='normal', weight=400, stretch='normal', size='scalable')) = 11.05
2026-08-07 15:08:41,323 - DEBUG - findfont: score(FontEntry(fname='C:\\Windows\\Fonts\\esri_9.ttf', index=0, name='ESRI Transportation & Civic', style='normal', variant='normal', weight=400, stretch='normal', size='scalable')) = 10.05
2026-08-07 15:08:41,323 - DEBUG - findfont: score(FontEntry(fname='C:\\Windows\\Fonts\\esri_651.ttf', index=0, name='ESRI US Forestry 1', style='normal', variant='normal', weight=400, stretch='normal', size='scalable')) = 10.05
2026-08-07 15:08:41,323 - DEBUG - findfont: score(FontEntry(fname='C:\\Windows\\Fonts\\MAIAN.TTF', index=0, name='Maiandra GD', style='normal', variant='normal', weight=400, stretch='normal', size='scalable')) = 10.05
2026-08-07 15:08:41,323 - DEBUG - findfont: score(FontEntry(fname='C:\\Windows\\Fonts\\esri_160.ttf', index=0, name='ESRI Telecom', style='normal', variant='normal', weight=400, stretch='normal', size='scalable')) = 10.05
2026-08-07 15:08:41,323 - DEBUG - findfont: score(FontEntry(fname='C:\\Windows\\Fonts\\segoeuiz.ttf', index=0, name='Segoe UI', style='italic', variant='normal', weight=700, stretch='normal', size='scalable')) = 11.335
2026-08-07 15:08:41,323 - DEBUG - findfont: score(FontEntry(fname='C:\\Windows\\Fonts\\seguili.ttf', index=0, name='Segoe UI', style='italic', variant='normal', weight=300, stretch='normal', size='scalable')) = 11.145
2026-08-07 15:08:41,323 - DEBUG - findfont: score(FontEntry(fname='C:\\Windows\\Fonts\\seguili.ttf', index=0, name='Segoe UI Light', style='italic', variant='normal', weight=400, stretch='normal', size='scalable')) = 11.05
2026-08-07 15:08:41,323 - DEBUG - findfont: score(FontEntry(fname='C:\\Windows\\Fonts\\CascadiaCode.ttf', index=0, name='Cascadia Code', style='normal', variant='normal', weight=400, stretch='normal', size='scalable')) = 10.05
2026-08-07 15:08:41,323 - DEBUG - findfont: score(FontEntry(fname='C:\\Windows\\Fonts\\msjhbd.ttc', index=0, name='Microsoft JhengHei', style='normal', variant='normal', weight=700, stretch='normal', size='scalable')) = 10.335
2026-08-07 15:08:41,323 - DEBUG - findfont: score(FontEntry(fname='C:\\Windows\\Fonts\\msjhbd.ttc', index=1, name='Microsoft JhengHei UI', style='normal', variant='normal', weight=700, stretch='normal', size='scalable')) = 10.335
2026-08-07 15:08:41,323 - DEBUG - findfont: score(FontEntry(fname='C:\\Program Files\\MapInfo\\Professional\\Python310\\Lib\\site-packages\\matplotlib\\mpl-data\\fonts\\ttf\\STIXNonUni.ttf', index=0, name='STIXNonUnicode', style='normal', variant='normal', weight=400, stretch='normal', size='scalable')) = 10.05
2026-08-07 15:08:41,323 - DEBUG - findfont: score(FontEntry(fname='C:\\Windows\\Fonts\\BOD_CBI.TTF', index=0, name='Bodoni MT', style='italic', variant='normal', weight=700, stretch='condensed', size='scalable')) = 11.535
2026-08-07 15:08:41,323 - DEBUG - findfont: score(FontEntry(fname='C:\\Windows\\Fonts\\BOD_CBI.TTF', index=0, name='Bodoni MT Condensed', style='italic', variant='normal', weight=700, stretch='condensed', size='scalable')) = 11.535
2026-08-07 15:08:41,323 - DEBUG - findfont: score(FontEntry(fname='C:\\Windows\\Fonts\\esri_406.ttf', index=0, name='ESRI Commodities', style='normal', variant='normal', weight=400, stretch='normal', size='scalable')) = 10.05
2026-08-07 15:08:41,323 - DEBUG - findfont: score(FontEntry(fname='C:\\Windows\\Fonts\\ntailub.ttf', index=0, name='Microsoft New Tai Lue', style='normal', variant='normal', weight=700, stretch='normal', size='scalable')) = 10.335
2026-08-07 15:08:41,323 - DEBUG - findfont: score(FontEntry(fname='C:\\Program Files\\MapInfo\\Professional\\Python310\\Lib\\site-packages\\matplotlib\\mpl-data\\fonts\\ttf\\DejaVuSerif.ttf', index=0, name='DejaVu Serif', style='normal', variant='normal', weight=400, stretch='normal', size='scalable')) = 10.05
2026-08-07 15:08:41,323 - DEBUG - findfont: score(FontEntry(fname='C:\\Windows\\Fonts\\seguibl.ttf', index=0, name='Segoe UI', style='normal', variant='normal', weight=900, stretch='normal', size='scalable')) = 10.525
2026-08-07 15:08:41,323 - DEBUG - findfont: score(FontEntry(fname='C:\\Windows\\Fonts\\seguibl.ttf', index=0, name='Segoe UI Black', style='normal', variant='normal', weight=400, stretch='normal', size='scalable')) = 10.05
2026-08-07 15:08:41,323 - DEBUG - findfont: score(FontEntry(fname='C:\\Windows\\Fonts\\SCHLBKI.TTF', index=0, name='Century Schoolbook', style='italic', variant='normal', weight=400, stretch='normal', size='scalable')) = 11.05
2026-08-07 15:08:41,323 - DEBUG - findfont: score(FontEntry(fname='C:\\Windows\\Fonts\\MOD20.TTF', index=0, name='Modern No. 20', style='normal', variant='normal', weight=400, stretch='normal', size='scalable')) = 10.05
2026-08-07 15:08:41,323 - DEBUG - findfont: score(FontEntry(fname='C:\\Windows\\Fonts\\esri_152.ttf', index=0, name='ESRI AMFM Sewer', style='normal', variant='normal', weight=400, stretch='normal', size='scalable')) = 10.05
2026-08-07 15:08:41,323 - DEBUG - findfont: score(FontEntry(fname='C:\\Windows\\Fonts\\GOTHICB.TTF', index=0, name='Century Gothic', style='normal', variant='normal', weight=700, stretch='normal', size='scalable')) = 10.335
2026-08-07 15:08:41,323 - DEBUG - findfont: score(FontEntry(fname='C:\\Windows\\Fonts\\ntailu.ttf', index=0, name='Microsoft New Tai Lue', style='normal', variant='normal', weight=400, stretch='normal', size='scalable')) = 10.05
2026-08-07 15:08:41,323 - DEBUG - findfont: score(FontEntry(fname='C:\\Windows\\Fonts\\DUBAI-REGULAR.TTF', index=0, name='Dubai', style='normal', variant='normal', weight=400, stretch='normal', size='scalable')) = 10.05
2026-08-07 15:08:41,323 - DEBUG - findfont: score(FontEntry(fname='C:\\Windows\\Fonts\\PRISTINA.TTF', index=0, name='Pristina', style='normal', variant='normal', weight=400, stretch='normal', size='scalable')) = 10.05
2026-08-07 15:08:41,323 - DEBUG - findfont: score(FontEntry(fname='C:\\Windows\\Fonts\\seguisb.ttf', index=0, name='Segoe UI', style='normal', variant='normal', weight=600, stretch='normal', size='scalable')) = 10.24
2026-08-07 15:08:41,323 - DEBUG - findfont: score(FontEntry(fname='C:\\Windows\\Fonts\\seguisb.ttf', index=0, name='Segoe UI Semibold', style='normal', variant='normal', weight=400, stretch='normal', size='scalable')) = 10.05
2026-08-07 15:08:41,323 - DEBUG - findfont: score(FontEntry(fname='C:\\Windows\\Fonts\\BOOKOSB.TTF', index=0, name='Bookman Old Style', style='normal', variant='normal', weight=600, stretch='normal', size='scalable')) = 10.24
2026-08-07 15:08:41,323 - DEBUG - findfont: score(FontEntry(fname='C:\\Windows\\Fonts\\ROCCB___.TTF', index=0, name='Rockwell Condensed', style='normal', variant='normal', weight=700, stretch='condensed', size='scalable')) = 10.535
2026-08-07 15:08:41,323 - DEBUG - findfont: score(FontEntry(fname='C:\\Windows\\Fonts\\SCHLBKB.TTF', index=0, name='Century Schoolbook', style='normal', variant='normal', weight=700, stretch='normal', size='scalable')) = 10.335
2026-08-07 15:08:41,323 - DEBUG - findfont: score(FontEntry(fname='C:\\Windows\\Fonts\\BELLB.TTF', index=0, name='Bell MT', style='normal', variant='normal', weight=700, stretch='normal', size='scalable')) = 10.335
2026-08-07 15:08:41,323 - DEBUG - findfont: score(FontEntry(fname='C:\\Windows\\Fonts\\ROCK.TTF', index=0, name='Rockwell', style='normal', variant='normal', weight=400, stretch='normal', size='scalable')) = 10.05
2026-08-07 15:08:41,323 - DEBUG - findfont: score(FontEntry(fname='C:\\Windows\\Fonts\\PER_____.TTF', index=0, name='Perpetua', style='normal', variant='normal', weight=400, stretch='normal', size='scalable')) = 10.05
2026-08-07 15:08:41,323 - DEBUG - findfont: score(FontEntry(fname='C:\\Windows\\Fonts\\GOTHIC.TTF', index=0, name='Century Gothic', style='normal', variant='normal', weight=400, stretch='normal', size='scalable')) = 10.05
2026-08-07 15:08:41,323 - DEBUG - findfont: score(FontEntry(fname='C:\\Windows\\Fonts\\arialbi.ttf', index=0, name='Arial', style='italic', variant='normal', weight=700, stretch='normal', size='scalable')) = 7.698636363636363
2026-08-07 15:08:41,323 - DEBUG - findfont: score(FontEntry(fname='C:\\Windows\\Fonts\\pala.ttf', index=0, name='Palatino Linotype', style='normal', variant='normal', weight=400, stretch='normal', size='scalable')) = 10.05
2026-08-07 15:08:41,323 - DEBUG - findfont: score(FontEntry(fname='C:\\Windows\\Fonts\\FRAHVIT.TTF', index=0, name='Franklin Gothic Heavy', style='italic', variant='normal', weight=400, stretch='normal', size='scalable')) = 11.05
2026-08-07 15:08:41,323 - DEBUG - findfont: score(FontEntry(fname='C:\\Windows\\Fonts\\calibriz.ttf', index=0, name='Calibri', style='italic', variant='normal', weight=700, stretch='normal', size='scalable')) = 11.335
2026-08-07 15:08:41,323 - DEBUG - findfont: score(FontEntry(fname='C:\\Windows\\Fonts\\simsunb.ttf', index=0, name='SimSun-ExtB', style='normal', variant='normal', weight=400, stretch='normal', size='scalable')) = 10.05
2026-08-07 15:08:41,323 - DEBUG - findfont: score(FontEntry(fname='C:\\Windows\\Fonts\\ALGER.TTF', index=0, name='Algerian', style='normal', variant='normal', weight=400, stretch='normal', size='scalable')) = 10.05
2026-08-07 15:08:41,323 - DEBUG - findfont: score(FontEntry(fname='C:\\Program Files\\MapInfo\\Professional\\Python310\\Lib\\site-packages\\matplotlib\\mpl-data\\fonts\\ttf\\cmex10.ttf', index=0, name='cmex10', style='normal', variant='normal', weight=400, stretch='normal', size='scalable')) = 10.05
2026-08-07 15:08:41,323 - DEBUG - findfont: score(FontEntry(fname='C:\\Program Files\\MapInfo\\Professional\\Python310\\Lib\\site-packages\\matplotlib\\mpl-data\\fonts\\ttf\\DejaVuSerifDisplay.ttf', index=0, name='DejaVu Serif Display', style='normal', variant='normal', weight=400, stretch='normal', size='scalable')) = 10.05
2026-08-07 15:08:41,323 - DEBUG - findfont: score(FontEntry(fname='C:\\Windows\\Fonts\\msjh.ttc', index=0, name='Microsoft JhengHei', style='normal', variant='normal', weight=400, stretch='normal', size='scalable')) = 10.05
2026-08-07 15:08:41,323 - DEBUG - findfont: score(FontEntry(fname='C:\\Windows\\Fonts\\msjh.ttc', index=1, name='Microsoft JhengHei UI', style='normal', variant='normal', weight=400, stretch='normal', size='scalable')) = 10.05
2026-08-07 15:08:41,323 - DEBUG - findfont: score(FontEntry(fname='C:\\Windows\\Fonts\\Milmod01.ttf', index=0, name='Mil SymMod 01', style='normal', variant='normal', weight=400, stretch='normal', size='scalable')) = 10.05
2026-08-07 15:08:41,323 - DEBUG - findfont: score(FontEntry(fname='C:\\Windows\\Fonts\\BOD_BLAR.TTF', index=0, name='Bodoni MT', style='normal', variant='normal', weight=900, stretch='normal', size='scalable')) = 10.525
2026-08-07 15:08:41,323 - DEBUG - findfont: score(FontEntry(fname='C:\\Windows\\Fonts\\BOD_BLAR.TTF', index=0, name='Bodoni MT Black', style='normal', variant='normal', weight=400, stretch='normal', size='scalable')) = 10.05
2026-08-07 15:08:41,323 - DEBUG - findfont: score(FontEntry(fname='C:\\Windows\\Fonts\\segoeuib.ttf', index=0, name='Segoe UI', style='normal', variant='normal', weight=700, stretch='normal', size='scalable')) = 10.335
2026-08-07 15:08:41,323 - DEBUG - findfont: score(FontEntry(fname='C:\\Windows\\Fonts\\mapisp__.ttf', index=0, name='MapInfo StreetPro', style='normal', variant='normal', weight=400, stretch='normal', size='scalable')) = 10.05
2026-08-07 15:08:41,323 - DEBUG - findfont: score(FontEntry(fname='C:\\Windows\\Fonts\\LFAX.TTF', index=0, name='Lucida Fax', style='normal', variant='normal', weight=400, stretch='normal', size='scalable')) = 10.05
2026-08-07 15:08:41,323 - DEBUG - findfont: score(FontEntry(fname='C:\\Windows\\Fonts\\Candarai.ttf', index=0, name='Candara', style='italic', variant='normal', weight=400, stretch='normal', size='scalable')) = 11.05
2026-08-07 15:08:41,323 - DEBUG - findfont: score(FontEntry(fname='C:\\Windows\\Fonts\\esri_400.ttf', index=0, name='ESRI Geology USGS 95-525', style='normal', variant='normal', weight=400, stretch='normal', size='scalable')) = 10.05
2026-08-07 15:08:41,323 - DEBUG - findfont: score(FontEntry(fname='C:\\Windows\\Fonts\\esri_39.ttf', index=0, name='ESRI Dimensioning', style='normal', variant='normal', weight=400, stretch='normal', size='scalable')) = 10.05
2026-08-07 15:08:41,323 - DEBUG - findfont: score(FontEntry(fname='C:\\Windows\\Fonts\\monbaiti.ttf', index=0, name='Mongolian Baiti', style='normal', variant='normal', weight=400, stretch='normal', size='scalable')) = 10.05
2026-08-07 15:08:41,323 - DEBUG - findfont: score(FontEntry(fname='C:\\Windows\\Fonts\\calibrib.ttf', index=0, name='Calibri', style='normal', variant='normal', weight=700, stretch='normal', size='scalable')) = 10.335
2026-08-07 15:08:41,323 - DEBUG - findfont: Matching sans\-serif:style=normal:variant=normal:weight=normal:stretch=normal:size=12.0 to DejaVu Sans ('C:\\Users\\W0491597\\Documents\\Arun\\TreeAIBox (2)\\TreeAIBox\\.conda\\Lib\\site-packages\\matplotlib\\mpl-data\\fonts\\ttf\\DejaVuSans.ttf') with score of 0.050000.
2026-08-07 15:08:41,355 - DEBUG - findfont: Matching sans\-serif:style=normal:variant=normal:weight=normal:stretch=normal:size=8.33.
2026-08-07 15:08:41,355 - DEBUG - findfont: score(FontEntry(fname='C:\\Users\\W0491597\\Documents\\Arun\\TreeAIBox (2)\\TreeAIBox\\.conda\\Lib\\site-packages\\matplotlib\\mpl-data\\fonts\\ttf\\DejaVuSerif.ttf', index=0, name='DejaVu Serif', style='normal', variant='normal', weight=400, stretch='normal', size='scalable')) = 10.05
2026-08-07 15:08:41,355 - DEBUG - findfont: score(FontEntry(fname='C:\\Users\\W0491597\\Documents\\Arun\\TreeAIBox (2)\\TreeAIBox\\.conda\\Lib\\site-packages\\matplotlib\\mpl-data\\fonts\\ttf\\STIXSizThreeSymReg.ttf', index=0, name='STIXSizeThreeSym', style='normal', variant='normal', weight=400, stretch='normal', size='scalable')) = 10.05
2026-08-07 15:08:41,355 - DEBUG - findfont: score(FontEntry(fname='C:\\Users\\W0491597\\Documents\\Arun\\TreeAIBox (2)\\TreeAIBox\\.conda\\Lib\\site-packages\\matplotlib\\mpl-data\\fonts\\ttf\\STIXGeneralItalic.ttf', index=0, name='STIXGeneral', style='italic', variant='normal', weight=400, stretch='normal', size='scalable')) = 11.05
2026-08-07 15:08:41,355 - DEBUG - findfont: score(FontEntry(fname='C:\\Users\\W0491597\\Documents\\Arun\\TreeAIBox (2)\\TreeAIBox\\.conda\\Lib\\site-packages\\matplotlib\\mpl-data\\fonts\\ttf\\DejaVuSansMono-Bold.ttf', index=0, name='DejaVu Sans Mono', style='normal', variant='normal', weight=700, stretch='normal', size='scalable')) = 10.335
2026-08-07 15:08:41,355 - DEBUG - findfont: score(FontEntry(fname='C:\\Users\\W0491597\\Documents\\Arun\\TreeAIBox (2)\\TreeAIBox\\.conda\\Lib\\site-packages\\matplotlib\\mpl-data\\fonts\\ttf\\DejaVuSerif-BoldItalic.ttf', index=0, name='DejaVu Serif', style='italic', variant='normal', weight=700, stretch='normal', size='scalable')) = 11.335
2026-08-07 15:08:41,355 - DEBUG - findfont: score(FontEntry(fname='C:\\Users\\W0491597\\Documents\\Arun\\TreeAIBox (2)\\TreeAIBox\\.conda\\Lib\\site-packages\\matplotlib\\mpl-data\\fonts\\ttf\\DejaVuSerif-Bold.ttf', index=0, name='DejaVu Serif', style='normal', variant='normal', weight=700, stretch='normal', size='scalable')) = 10.335
2026-08-07 15:08:41,355 - DEBUG - findfont: score(FontEntry(fname='C:\\Users\\W0491597\\Documents\\Arun\\TreeAIBox (2)\\TreeAIBox\\.conda\\Lib\\site-packages\\matplotlib\\mpl-data\\fonts\\ttf\\cmti10.ttf', index=0, name='cmti10', style='normal', variant='normal', weight=400, stretch='normal', size='scalable')) = 10.05
2026-08-07 15:08:41,355 - DEBUG - findfont: score(FontEntry(fname='C:\\Users\\W0491597\\Documents\\Arun\\TreeAIBox (2)\\TreeAIBox\\.conda\\Lib\\site-packages\\matplotlib\\mpl-data\\fonts\\ttf\\LastResortHE-Regular.ttf', index=0, name='Last Resort High-Efficiency', style='normal', variant='normal', weight=400, stretch='normal', size='scalable')) = 10.05
2026-08-07 15:08:41,355 - DEBUG - findfont: score(FontEntry(fname='C:\\Users\\W0491597\\Documents\\Arun\\TreeAIBox (2)\\TreeAIBox\\.conda\\Lib\\site-packages\\matplotlib\\mpl-data\\fonts\\ttf\\STIXSizFiveSymReg.ttf', index=0, name='STIXSizeFiveSym', style='normal', variant='normal', weight=400, stretch='normal', size='scalable')) = 10.05
2026-08-07 15:08:41,361 - DEBUG - findfont: score(FontEntry(fname='C:\\Users\\W0491597\\Documents\\Arun\\TreeAIBox (2)\\TreeAIBox\\.conda\\Lib\\site-packages\\matplotlib\\mpl-data\\fonts\\ttf\\cmss10.ttf', index=0, name='cmss10', style='normal', variant='normal', weight=400, stretch='normal', size='scalable')) = 10.05
2026-08-07 15:08:41,361 - DEBUG - findfont: score(FontEntry(fname='C:\\Users\\W0491597\\Documents\\Arun\\TreeAIBox (2)\\TreeAIBox\\.conda\\Lib\\site-packages\\matplotlib\\mpl-data\\fonts\\ttf\\cmmi10.ttf', index=0, name='cmmi10', style='normal', variant='normal', weight=400, stretch='normal', size='scalable')) = 10.05
2026-08-07 15:08:41,361 - DEBUG - findfont: score(FontEntry(fname='C:\\Users\\W0491597\\Documents\\Arun\\TreeAIBox (2)\\TreeAIBox\\.conda\\Lib\\site-packages\\matplotlib\\mpl-data\\fonts\\ttf\\STIXNonUniBolIta.ttf', index=0, name='STIXNonUnicode', style='italic', variant='normal', weight=700, stretch='normal', size='scalable')) = 11.335
2026-08-07 15:08:41,361 - DEBUG - findfont: score(FontEntry(fname='C:\\Users\\W0491597\\Documents\\Arun\\TreeAIBox (2)\\TreeAIBox\\.conda\\Lib\\site-packages\\matplotlib\\mpl-data\\fonts\\ttf\\STIXNonUniIta.ttf', index=0, name='STIXNonUnicode', style='italic', variant='normal', weight=400, stretch='normal', size='scalable')) = 11.05
2026-08-07 15:08:41,361 - DEBUG - findfont: score(FontEntry(fname='C:\\Users\\W0491597\\Documents\\Arun\\TreeAIBox (2)\\TreeAIBox\\.conda\\Lib\\site-packages\\matplotlib\\mpl-data\\fonts\\ttf\\DejaVuSansMono.ttf', index=0, name='DejaVu Sans Mono', style='normal', variant='normal', weight=400, stretch='normal', size='scalable')) = 10.05
2026-08-07 15:08:41,361 - DEBUG - findfont: score(FontEntry(fname='C:\\Users\\W0491597\\Documents\\Arun\\TreeAIBox (2)\\TreeAIBox\\.conda\\Lib\\site-packages\\matplotlib\\mpl-data\\fonts\\ttf\\DejaVuSansMono-Oblique.ttf', index=0, name='DejaVu Sans Mono', style='oblique', variant='normal', weight=400, stretch='normal', size='scalable')) = 11.05
2026-08-07 15:08:41,361 - DEBUG - findfont: score(FontEntry(fname='C:\\Users\\W0491597\\Documents\\Arun\\TreeAIBox (2)\\TreeAIBox\\.conda\\Lib\\site-packages\\matplotlib\\mpl-data\\fonts\\ttf\\STIXSizThreeSymBol.ttf', index=0, name='STIXSizeThreeSym', style='normal', variant='normal', weight=700, stretch='normal', size='scalable')) = 10.335
2026-08-07 15:08:41,361 - DEBUG - findfont: score(FontEntry(fname='C:\\Users\\W0491597\\Documents\\Arun\\TreeAIBox (2)\\TreeAIBox\\.conda\\Lib\\site-packages\\matplotlib\\mpl-data\\fonts\\ttf\\STIXGeneralBolIta.ttf', index=0, name='STIXGeneral', style='italic', variant='normal', weight=700, stretch='normal', size='scalable')) = 11.335
2026-08-07 15:08:41,361 - DEBUG - findfont: score(FontEntry(fname='C:\\Users\\W0491597\\Documents\\Arun\\TreeAIBox (2)\\TreeAIBox\\.conda\\Lib\\site-packages\\matplotlib\\mpl-data\\fonts\\ttf\\cmsy10.ttf', index=0, name='cmsy10', style='normal', variant='normal', weight=400, stretch='normal', size='scalable')) = 10.05
2026-08-07 15:08:41,361 - DEBUG - findfont: score(FontEntry(fname='C:\\Users\\W0491597\\Documents\\Arun\\TreeAIBox (2)\\TreeAIBox\\.conda\\Lib\\site-packages\\matplotlib\\mpl-data\\fonts\\ttf\\cmtt10.ttf', index=0, name='cmtt10', style='normal', variant='normal', weight=400, stretch='normal', size='scalable')) = 10.05
2026-08-07 15:08:41,361 - DEBUG - findfont: score(FontEntry(fname='C:\\Users\\W0491597\\Documents\\Arun\\TreeAIBox (2)\\TreeAIBox\\.conda\\Lib\\site-packages\\matplotlib\\mpl-data\\fonts\\ttf\\DejaVuSans-BoldOblique.ttf', index=0, name='DejaVu Sans', style='oblique', variant='normal', weight=700, stretch='normal', size='scalable')) = 1.335
2026-08-07 15:08:41,361 - DEBUG - findfont: score(FontEntry(fname='C:\\Users\\W0491597\\Documents\\Arun\\TreeAIBox (2)\\TreeAIBox\\.conda\\Lib\\site-packages\\matplotlib\\mpl-data\\fonts\\ttf\\STIXSizTwoSymBol.ttf', index=0, name='STIXSizeTwoSym', style='normal', variant='normal', weight=700, stretch='normal', size='scalable')) = 10.335
2026-08-07 15:08:41,361 - DEBUG - findfont: score(FontEntry(fname='C:\\Users\\W0491597\\Documents\\Arun\\TreeAIBox (2)\\TreeAIBox\\.conda\\Lib\\site-packages\\matplotlib\\mpl-data\\fonts\\ttf\\DejaVuSans-Oblique.ttf', index=0, name='DejaVu Sans', style='oblique', variant='normal', weight=400, stretch='normal', size='scalable')) = 1.05
2026-08-07 15:08:41,361 - DEBUG - findfont: score(FontEntry(fname='C:\\Users\\W0491597\\Documents\\Arun\\TreeAIBox (2)\\TreeAIBox\\.conda\\Lib\\site-packages\\matplotlib\\mpl-data\\fonts\\ttf\\DejaVuSansDisplay.ttf', index=0, name='DejaVu Sans Display', style='normal', variant='normal', weight=400, stretch='normal', size='scalable')) = 10.05
2026-08-07 15:08:41,361 - DEBUG - findfont: score(FontEntry(fname='C:\\Users\\W0491597\\Documents\\Arun\\TreeAIBox (2)\\TreeAIBox\\.conda\\Lib\\site-packages\\matplotlib\\mpl-data\\fonts\\ttf\\DejaVuSerifDisplay.ttf', index=0, name='DejaVu Serif Display', style='normal', variant='normal', weight=400, stretch='normal', size='scalable')) = 10.05
2026-08-07 15:08:41,361 - DEBUG - findfont: score(FontEntry(fname='C:\\Users\\W0491597\\Documents\\Arun\\TreeAIBox (2)\\TreeAIBox\\.conda\\Lib\\site-packages\\matplotlib\\mpl-data\\fonts\\ttf\\DejaVuSansMono-BoldOblique.ttf', index=0, name='DejaVu Sans Mono', style='oblique', variant='normal', weight=700, stretch='normal', size='scalable')) = 11.335
2026-08-07 15:08:41,361 - DEBUG - findfont: score(FontEntry(fname='C:\\Users\\W0491597\\Documents\\Arun\\TreeAIBox (2)\\TreeAIBox\\.conda\\Lib\\site-packages\\matplotlib\\mpl-data\\fonts\\ttf\\DejaVuSerif-Italic.ttf', index=0, name='DejaVu Serif', style='italic', variant='normal', weight=400, stretch='normal', size='scalable')) = 11.05
2026-08-07 15:08:41,361 - DEBUG - findfont: score(FontEntry(fname='C:\\Users\\W0491597\\Documents\\Arun\\TreeAIBox (2)\\TreeAIBox\\.conda\\Lib\\site-packages\\matplotlib\\mpl-data\\fonts\\ttf\\cmb10.ttf', index=0, name='cmb10', style='normal', variant='normal', weight=400, stretch='normal', size='scalable')) = 10.05
2026-08-07 15:08:41,361 - DEBUG - findfont: score(FontEntry(fname='C:\\Users\\W0491597\\Documents\\Arun\\TreeAIBox (2)\\TreeAIBox\\.conda\\Lib\\site-packages\\matplotlib\\mpl-data\\fonts\\ttf\\cmr10.ttf', index=0, name='cmr10', style='normal', variant='normal', weight=400, stretch='normal', size='scalable')) = 10.05
2026-08-07 15:08:41,361 - DEBUG - findfont: score(FontEntry(fname='C:\\Users\\W0491597\\Documents\\Arun\\TreeAIBox (2)\\TreeAIBox\\.conda\\Lib\\site-packages\\matplotlib\\mpl-data\\fonts\\ttf\\STIXGeneralBol.ttf', index=0, name='STIXGeneral', style='normal', variant='normal', weight=700, stretch='normal', size='scalable')) = 10.335
2026-08-07 15:08:41,361 - DEBUG - findfont: score(FontEntry(fname='C:\\Users\\W0491597\\Documents\\Arun\\TreeAIBox (2)\\TreeAIBox\\.conda\\Lib\\site-packages\\matplotlib\\mpl-data\\fonts\\ttf\\STIXSizOneSymBol.ttf', index=0, name='STIXSizeOneSym', style='normal', variant='normal', weight=700, stretch='normal', size='scalable')) = 10.335
2026-08-07 15:08:41,361 - DEBUG - findfont: score(FontEntry(fname='C:\\Users\\W0491597\\Documents\\Arun\\TreeAIBox (2)\\TreeAIBox\\.conda\\Lib\\site-packages\\matplotlib\\mpl-data\\fonts\\ttf\\STIXSizOneSymReg.ttf', index=0, name='STIXSizeOneSym', style='normal', variant='normal', weight=400, stretch='normal', size='scalable')) = 10.05
2026-08-07 15:08:41,361 - DEBUG - findfont: score(FontEntry(fname='C:\\Users\\W0491597\\Documents\\Arun\\TreeAIBox (2)\\TreeAIBox\\.conda\\Lib\\site-packages\\matplotlib\\mpl-data\\fonts\\ttf\\STIXGeneral.ttf', index=0, name='STIXGeneral', style='normal', variant='normal', weight=400, stretch='normal', size='scalable')) = 10.05
2026-08-07 15:08:41,361 - DEBUG - findfont: score(FontEntry(fname='C:\\Users\\W0491597\\Documents\\Arun\\TreeAIBox (2)\\TreeAIBox\\.conda\\Lib\\site-packages\\matplotlib\\mpl-data\\fonts\\ttf\\STIXNonUniBol.ttf', index=0, name='STIXNonUnicode', style='normal', variant='normal', weight=700, stretch='normal', size='scalable')) = 10.335
2026-08-07 15:08:41,361 - DEBUG - findfont: score(FontEntry(fname='C:\\Users\\W0491597\\Documents\\Arun\\TreeAIBox (2)\\TreeAIBox\\.conda\\Lib\\site-packages\\matplotlib\\mpl-data\\fonts\\ttf\\STIXNonUni.ttf', index=0, name='STIXNonUnicode', style='normal', variant='normal', weight=400, stretch='normal', size='scalable')) = 10.05
2026-08-07 15:08:41,361 - DEBUG - findfont: score(FontEntry(fname='C:\\Users\\W0491597\\Documents\\Arun\\TreeAIBox (2)\\TreeAIBox\\.conda\\Lib\\site-packages\\matplotlib\\mpl-data\\fonts\\ttf\\DejaVuSans-Bold.ttf', index=0, name='DejaVu Sans', style='normal', variant='normal', weight=700, stretch='normal', size='scalable')) = 0.33499999999999996
2026-08-07 15:08:41,361 - DEBUG - findfont: score(FontEntry(fname='C:\\Users\\W0491597\\Documents\\Arun\\TreeAIBox (2)\\TreeAIBox\\.conda\\Lib\\site-packages\\matplotlib\\mpl-data\\fonts\\ttf\\DejaVuSans.ttf', index=0, name='DejaVu Sans', style='normal', variant='normal', weight=400, stretch='normal', size='scalable')) = 0.05
2026-08-07 15:08:41,361 - DEBUG - findfont: score(FontEntry(fname='C:\\Users\\W0491597\\Documents\\Arun\\TreeAIBox (2)\\TreeAIBox\\.conda\\Lib\\site-packages\\matplotlib\\mpl-data\\fonts\\ttf\\STIXSizFourSymReg.ttf', index=0, name='STIXSizeFourSym', style='normal', variant='normal', weight=400, stretch='normal', size='scalable')) = 10.05
2026-08-07 15:08:41,361 - DEBUG - findfont: score(FontEntry(fname='C:\\Users\\W0491597\\Documents\\Arun\\TreeAIBox (2)\\TreeAIBox\\.conda\\Lib\\site-packages\\matplotlib\\mpl-data\\fonts\\ttf\\STIXSizFourSymBol.ttf', index=0, name='STIXSizeFourSym', style='normal', variant='normal', weight=700, stretch='normal', size='scalable')) = 10.335
2026-08-07 15:08:41,361 - DEBUG - findfont: score(FontEntry(fname='C:\\Users\\W0491597\\Documents\\Arun\\TreeAIBox (2)\\TreeAIBox\\.conda\\Lib\\site-packages\\matplotlib\\mpl-data\\fonts\\ttf\\STIXSizTwoSymReg.ttf', index=0, name='STIXSizeTwoSym', style='normal', variant='normal', weight=400, stretch='normal', size='scalable')) = 10.05
2026-08-07 15:08:41,361 - DEBUG - findfont: score(FontEntry(fname='C:\\Users\\W0491597\\Documents\\Arun\\TreeAIBox (2)\\TreeAIBox\\.conda\\Lib\\site-packages\\matplotlib\\mpl-data\\fonts\\ttf\\cmex10.ttf', index=0, name='cmex10', style='normal', variant='normal', weight=400, stretch='normal', size='scalable')) = 10.05
2026-08-07 15:08:41,361 - DEBUG - findfont: score(FontEntry(fname='C:\\Windows\\Fonts\\ENGR.TTF', index=0, name='Engravers MT', style='normal', variant='normal', weight=500, stretch='normal', size='scalable')) = 10.145
2026-08-07 15:08:41,361 - DEBUG - findfont: score(FontEntry(fname='C:\\Windows\\Fonts\\STENCIL.TTF', index=0, name='Stencil', style='normal', variant='normal', weight=400, stretch='normal', size='scalable')) = 10.05
2026-08-07 15:08:41,361 - DEBUG - findfont: score(FontEntry(fname='C:\\Windows\\Fonts\\LTYPEBO.TTF', index=0, name='Lucida Sans Typewriter', style='oblique', variant='normal', weight=600, stretch='normal', size='scalable')) = 11.24
2026-08-07 15:08:41,361 - DEBUG - findfont: score(FontEntry(fname='C:\\Windows\\Fonts\\Mapis___.ttf', index=0, name='MapInfo Shields', style='normal', variant='normal', weight=400, stretch='normal', size='scalable')) = 10.05
2026-08-07 15:08:41,361 - DEBUG - findfont: score(FontEntry(fname='C:\\Windows\\Fonts\\SimsunExtG.ttf', index=0, name='SimSun-ExtG', style='normal', variant='normal', weight=400, stretch='normal', size='scalable')) = 10.05
2026-08-07 15:08:41,361 - DEBUG - findfont: score(FontEntry(fname='C:\\Windows\\Fonts\\BOD_CI.TTF', index=0, name='Bodoni MT', style='italic', variant='normal', weight=400, stretch='condensed', size='scalable')) = 11.25
2026-08-07 15:08:41,361 - DEBUG - findfont: score(FontEntry(fname='C:\\Windows\\Fonts\\BOD_CI.TTF', index=0, name='Bodoni MT Condensed', style='italic', variant='normal', weight=400, stretch='condensed', size='scalable')) = 11.25
2026-08-07 15:08:41,361 - DEBUG - findfont: score(FontEntry(fname='C:\\Program Files\\MapInfo\\Professional\\Python310\\Lib\\site-packages\\matplotlib\\mpl-data\\fonts\\ttf\\DejaVuSans-Bold.ttf', index=0, name='DejaVu Sans', style='normal', variant='normal', weight=700, stretch='normal', size='scalable')) = 0.33499999999999996
2026-08-07 15:08:41,361 - DEBUG - findfont: score(FontEntry(fname='C:\\Windows\\Fonts\\seguisli.ttf', index=0, name='Segoe UI', style='italic', variant='normal', weight=350, stretch='normal', size='scalable')) = 11.0975
2026-08-07 15:08:41,361 - DEBUG - findfont: score(FontEntry(fname='C:\\Windows\\Fonts\\seguisli.ttf', index=0, name='Segoe UI Semilight', style='italic', variant='normal', weight=400, stretch='normal', size='scalable')) = 11.05
2026-08-07 15:08:41,361 - DEBUG - findfont: score(FontEntry(fname='C:\\Windows\\Fonts\\palab.ttf', index=0, name='Palatino Linotype', style='normal', variant='normal', weight=700, stretch='normal', size='scalable')) = 10.335
2026-08-07 15:08:41,361 - DEBUG - findfont: score(FontEntry(fname='C:\\Windows\\Fonts\\esri_23.ttf', index=0, name='ESRI MilSym 03', style='normal', variant='normal', weight=400, stretch='normal', size='scalable')) = 10.05
2026-08-07 15:08:41,361 - DEBUG - findfont: score(FontEntry(fname='C:\\Windows\\Fonts\\mmrtext.ttf', index=0, name='Myanmar Text', style='normal', variant='normal', weight=400, stretch='normal', size='scalable')) = 10.05
2026-08-07 15:08:41,361 - DEBUG - findfont: score(FontEntry(fname='C:\\Windows\\Fonts\\verdanai.ttf', index=0, name='Verdana', style='italic', variant='normal', weight=400, stretch='normal', size='scalable')) = 4.6863636363636365
2026-08-07 15:08:41,361 - DEBUG - findfont: score(FontEntry(fname='C:\\Windows\\Fonts\\PERBI___.TTF', index=0, name='Perpetua', style='italic', variant='normal', weight=700, stretch='normal', size='scalable')) = 11.335
2026-08-07 15:08:41,361 - DEBUG - findfont: score(FontEntry(fname='C:\\Windows\\Fonts\\esri_11.ttf', index=0, name='ESRI Default Marker', style='normal', variant='normal', weight=400, stretch='normal', size='scalable')) = 10.05
2026-08-07 15:08:41,361 - DEBUG - findfont: score(FontEntry(fname='C:\\Windows\\Fonts\\FORTE.TTF', index=0, name='Forte', style='normal', variant='normal', weight=400, stretch='normal', size='scalable')) = 10.05
2026-08-07 15:08:41,361 - DEBUG - findfont: score(FontEntry(fname='C:\\Windows\\Fonts\\PERB____.TTF', index=0, name='Perpetua', style='normal', variant='normal', weight=700, stretch='normal', size='scalable')) = 10.335
2026-08-07 15:08:41,361 - DEBUG - findfont: score(FontEntry(fname='C:\\Windows\\Fonts\\TTMIWA.ttf', index=0, name='MapInfo Water', style='normal', variant='normal', weight=400, stretch='normal', size='scalable')) = 10.05
2026-08-07 15:08:41,361 - DEBUG - findfont: score(FontEntry(fname='C:\\Windows\\Fonts\\BRLNSB.TTF', index=0, name='Berlin Sans FB', style='normal', variant='normal', weight=700, stretch='normal', size='scalable')) = 10.335
2026-08-07 15:08:41,361 - DEBUG - findfont: score(FontEntry(fname='C:\\Windows\\Fonts\\BRUSHSCI.TTF', index=0, name='Brush Script MT', style='italic', variant='normal', weight=400, stretch='normal', size='scalable')) = 11.05
2026-08-07 15:08:41,361 - DEBUG - findfont: score(FontEntry(fname='C:\\Windows\\Fonts\\Inkfree.ttf', index=0, name='Ink Free', style='normal', variant='normal', weight=400, stretch='normal', size='scalable')) = 10.05
2026-08-07 15:08:41,361 - DEBUG - findfont: score(FontEntry(fname='C:\\Windows\\Fonts\\YuGothR.ttc', index=0, name='Yu Gothic', style='normal', variant='normal', weight=400, stretch='normal', size='scalable')) = 10.05
2026-08-07 15:08:41,361 - DEBUG - findfont: score(FontEntry(fname='C:\\Windows\\Fonts\\YuGothR.ttc', index=1, name='Yu Gothic UI', style='normal', variant='normal', weight=350, stretch='normal', size='scalable')) = 10.0975
2026-08-07 15:08:41,361 - DEBUG - findfont: score(FontEntry(fname='C:\\Windows\\Fonts\\YuGothR.ttc', index=1, name='Yu Gothic UI Semilight', style='normal', variant='normal', weight=400, stretch='normal', size='scalable')) = 10.05
2026-08-07 15:08:41,361 - DEBUG - findfont: score(FontEntry(fname='C:\\Windows\\Fonts\\mmrtextb.ttf', index=0, name='Myanmar Text', style='normal', variant='normal', weight=700, stretch='normal', size='scalable')) = 10.335
2026-08-07 15:08:41,361 - DEBUG - findfont: score(FontEntry(fname='C:\\Windows\\Fonts\\comic.ttf', index=0, name='Comic Sans MS', style='normal', variant='normal', weight=400, stretch='normal', size='scalable')) = 10.05
2026-08-07 15:08:41,361 - DEBUG - findfont: score(FontEntry(fname='C:\\Windows\\Fonts\\framdit.ttf', index=0, name='Franklin Gothic Medium', style='italic', variant='normal', weight=400, stretch='normal', size='scalable')) = 11.05
2026-08-07 15:08:41,361 - DEBUG - findfont: score(FontEntry(fname='C:\\Windows\\Fonts\\esri_149.ttf', index=0, name='ESRI Surveyor', style='normal', variant='normal', weight=400, stretch='normal', size='scalable')) = 10.05
2026-08-07 15:08:41,361 - DEBUG - findfont: score(FontEntry(fname='C:\\Windows\\Fonts\\esri_49.ttf', index=0, name='ESRI US MUTCD 3', style='normal', variant='normal', weight=400, stretch='normal', size='scalable')) = 10.05
2026-08-07 15:08:41,361 - DEBUG - findfont: score(FontEntry(fname='C:\\Windows\\Fonts\\esri_222.ttf', index=0, name='ESRI IGL Font22', style='normal', variant='normal', weight=400, stretch='normal', size='scalable')) = 10.05
2026-08-07 15:08:41,361 - DEBUG - findfont: score(FontEntry(fname='C:\\Windows\\Fonts\\BOD_BI.TTF', index=0, name='Bodoni MT', style='italic', variant='normal', weight=700, stretch='normal', size='scalable')) = 11.335
2026-08-07 15:08:41,361 - DEBUG - findfont: score(FontEntry(fname='C:\\Windows\\Fonts\\courbi.ttf', index=0, name='Courier New', style='italic', variant='normal', weight=700, stretch='normal', size='scalable')) = 11.335
2026-08-07 15:08:41,361 - DEBUG - findfont: score(FontEntry(fname='C:\\Windows\\Fonts\\BASKVILL.TTF', index=0, name='Baskerville Old Face', style='normal', variant='normal', weight=400, stretch='normal', size='scalable')) = 10.05
2026-08-07 15:08:41,361 - DEBUG - findfont: score(FontEntry(fname='C:\\Windows\\Fonts\\TTMIOS__.TTF', index=0, name='MapInfo Symbols', style='normal', variant='normal', weight=400, stretch='normal', size='scalable')) = 10.05
2026-08-07 15:08:41,361 - DEBUG - findfont: score(FontEntry(fname='C:\\Windows\\Fonts\\constan.ttf', index=0, name='Constantia', style='normal', variant='normal', weight=400, stretch='normal', size='scalable')) = 10.05
2026-08-07 15:08:41,361 - DEBUG - findfont: score(FontEntry(fname='C:\\Windows\\Fonts\\ERS_v2_Operations_S4_sym.ttf', index=0, name='ERS v2 Operations Stage 04', style='normal', variant='normal', weight=400, stretch='normal', size='scalable')) = 10.05
2026-08-07 15:08:41,361 - DEBUG - findfont: score(FontEntry(fname='C:\\Program Files\\MapInfo\\Professional\\Python310\\Lib\\site-packages\\matplotlib\\mpl-data\\fonts\\ttf\\STIXSizFourSymReg.ttf', index=0, name='STIXSizeFourSym', style='normal', variant='normal', weight=400, stretch='normal', size='scalable')) = 10.05
2026-08-07 15:08:41,361 - DEBUG - findfont: score(FontEntry(fname='C:\\Windows\\Fonts\\SegoeIcons.ttf', index=0, name='Segoe Fluent Icons', style='normal', variant='normal', weight=400, stretch='normal', size='scalable')) = 10.05
2026-08-07 15:08:41,361 - DEBUG - findfont: score(FontEntry(fname='C:\\Windows\\Fonts\\timesbd.ttf', index=0, name='Times New Roman', style='normal', variant='normal', weight=700, stretch='normal', size='scalable')) = 10.335
2026-08-07 15:08:41,361 - DEBUG - findfont: score(FontEntry(fname='C:\\Windows\\Fonts\\GIGI.TTF', index=0, name='Gigi', style='normal', variant='normal', weight=400, stretch='normal', size='scalable')) = 10.05
2026-08-07 15:08:41,361 - DEBUG - findfont: score(FontEntry(fname='C:\\Windows\\Fonts\\micross.ttf', index=0, name='Microsoft Sans Serif', style='normal', variant='normal', weight=400, stretch='normal', size='scalable')) = 10.05
2026-08-07 15:08:41,361 - DEBUG - findfont: score(FontEntry(fname='C:\\Windows\\Fonts\\BOD_BLAI.TTF', index=0, name='Bodoni MT', style='italic', variant='normal', weight=900, stretch='normal', size='scalable')) = 11.525
2026-08-07 15:08:41,361 - DEBUG - findfont: score(FontEntry(fname='C:\\Windows\\Fonts\\BOD_BLAI.TTF', index=0, name='Bodoni MT Black', style='italic', variant='normal', weight=400, stretch='normal', size='scalable')) = 11.05
2026-08-07 15:08:41,361 - DEBUG - findfont: score(FontEntry(fname='C:\\Windows\\Fonts\\couri.ttf', index=0, name='Courier New', style='italic', variant='normal', weight=400, stretch='normal', size='scalable')) = 11.05
2026-08-07 15:08:41,361 - DEBUG - findfont: score(FontEntry(fname='C:\\Windows\\Fonts\\TCCEB.TTF', index=0, name='Tw Cen MT Condensed Extra Bold', style='normal', variant='normal', weight=400, stretch='condensed', size='scalable')) = 10.25
2026-08-07 15:08:41,361 - DEBUG - findfont: score(FontEntry(fname='C:\\Windows\\Fonts\\FRADM.TTF', index=0, name='Franklin Gothic Demi', style='normal', variant='normal', weight=400, stretch='normal', size='scalable')) = 10.05
2026-08-07 15:08:41,361 - DEBUG - findfont: score(FontEntry(fname='C:\\Windows\\Fonts\\HATTEN.TTF', index=0, name='Haettenschweiler', style='normal', variant='normal', weight=400, stretch='normal', size='scalable')) = 10.05
2026-08-07 15:08:41,361 - DEBUG - findfont: score(FontEntry(fname='C:\\Windows\\Fonts\\esri_221.ttf', index=0, name='ESRI IGL Font21', style='normal', variant='normal', weight=400, stretch='normal', size='scalable')) = 10.05
2026-08-07 15:08:41,361 - DEBUG - findfont: score(FontEntry(fname='C:\\Windows\\Fonts\\ERASMD.TTF', index=0, name='Eras Medium ITC', style='normal', variant='normal', weight=400, stretch='normal', size='scalable')) = 10.05
2026-08-07 15:08:41,371 - DEBUG - findfont: score(FontEntry(fname='C:\\Windows\\Fonts\\seguiemj.ttf', index=0, name='Segoe UI Emoji', style='normal', variant='normal', weight=400, stretch='normal', size='scalable')) = 10.05
2026-08-07 15:08:41,371 - DEBUG - findfont: score(FontEntry(fname='C:\\Program Files\\MapInfo\\Professional\\Python310\\Lib\\site-packages\\matplotlib\\mpl-data\\fonts\\ttf\\STIXSizThreeSymReg.ttf', index=0, name='STIXSizeThreeSym', style='normal', variant='normal', weight=400, stretch='normal', size='scalable')) = 10.05
2026-08-07 15:08:41,371 - DEBUG - findfont: score(FontEntry(fname='C:\\Windows\\Fonts\\esri_377.ttf', index=0, name='ESRI Caves 3', style='normal', variant='normal', weight=400, stretch='normal', size='scalable')) = 10.05
2026-08-07 15:08:41,371 - DEBUG - findfont: score(FontEntry(fname='C:\\Windows\\Fonts\\esri_8.ttf', index=0, name='ESRI Crime Analysis', style='normal', variant='normal', weight=400, stretch='normal', size='scalable')) = 10.05
2026-08-07 15:08:41,371 - DEBUG - findfont: score(FontEntry(fname='C:\\Windows\\Fonts\\GOUDYSTO.TTF', index=0, name='Goudy Stout', style='normal', variant='normal', weight=400, stretch='normal', size='scalable')) = 10.05
2026-08-07 15:08:41,371 - DEBUG - findfont: score(FontEntry(fname='C:\\Windows\\Fonts\\ETOTHER_.TTF', index=0, name='ET Other', style='normal', variant='normal', weight=400, stretch='normal', size='scalable')) = 10.05
2026-08-07 15:08:41,371 - DEBUG - findfont: score(FontEntry(fname='C:\\Windows\\Fonts\\Candaraz.ttf', index=0, name='Candara', style='italic', variant='normal', weight=700, stretch='normal', size='scalable')) = 11.335
2026-08-07 15:08:41,371 - DEBUG - findfont: score(FontEntry(fname='C:\\Windows\\Fonts\\esri_34.ttf', index=0, name='ESRI Business', style='normal', variant='normal', weight=400, stretch='normal', size='scalable')) = 10.05
2026-08-07 15:08:41,371 - DEBUG - findfont: score(FontEntry(fname='C:\\Windows\\Fonts\\esri_132.ttf', index=0, name='ESRI SDS 2.00 1', style='normal', variant='normal', weight=400, stretch='normal', size='scalable')) = 10.05
2026-08-07 15:08:41,371 - DEBUG - findfont: score(FontEntry(fname='C:\\Windows\\Fonts\\ERASDEMI.TTF', index=0, name='Eras Demi ITC', style='normal', variant='normal', weight=400, stretch='normal', size='scalable')) = 10.05
2026-08-07 15:08:41,371 - DEBUG - findfont: score(FontEntry(fname='C:\\Windows\\Fonts\\esri_832.ttf', index=0, name='ESRI ERS Infrastructures S1', style='normal', variant='normal', weight=400, stretch='normal', size='scalable')) = 10.05
2026-08-07 15:08:41,371 - DEBUG - findfont: score(FontEntry(fname='C:\\Windows\\Fonts\\CALIFB.TTF', index=0, name='Californian FB', style='normal', variant='normal', weight=700, stretch='normal', size='scalable')) = 10.335
2026-08-07 15:08:41,371 - DEBUG - findfont: score(FontEntry(fname='C:\\Program Files\\MapInfo\\Professional\\Python310\\Lib\\site-packages\\matplotlib\\mpl-data\\fonts\\ttf\\STIXSizOneSymBol.ttf', index=0, name='STIXSizeOneSym', style='normal', variant='normal', weight=700, stretch='normal', size='scalable')) = 10.335
2026-08-07 15:08:41,371 - DEBUG - findfont: score(FontEntry(fname='C:\\Windows\\Fonts\\ERS_v2_Infrastructures_S2_sym.ttf', index=0, name='ERS v2 Infrastructures Stage 02', style='normal', variant='normal', weight=400, stretch='normal', size='scalable')) = 10.05
2026-08-07 15:08:41,371 - DEBUG - findfont: score(FontEntry(fname='C:\\Windows\\Fonts\\malgunbd.ttf', index=0, name='Malgun Gothic', style='normal', variant='normal', weight=700, stretch='normal', size='scalable')) = 10.335
2026-08-07 15:08:41,371 - DEBUG - findfont: score(FontEntry(fname='C:\\Windows\\Fonts\\esri_47.ttf', index=0, name='ESRI US MUTCD 1', style='normal', variant='normal', weight=400, stretch='normal', size='scalable')) = 10.05
2026-08-07 15:08:41,371 - DEBUG - findfont: score(FontEntry(fname='C:\\Windows\\Fonts\\ERS_v2_Damage_sym.ttf', index=0, name='ERS v2 Damage', style='normal', variant='normal', weight=400, stretch='normal', size='scalable')) = 10.05
2026-08-07 15:08:41,371 - DEBUG - findfont: score(FontEntry(fname='C:\\Windows\\Fonts\\CENSCBK.TTF', index=0, name='Century Schoolbook', style='normal', variant='normal', weight=400, stretch='normal', size='scalable')) = 10.05
2026-08-07 15:08:41,371 - DEBUG - findfont: score(FontEntry(fname='C:\\Windows\\Fonts\\ARIALNI.TTF', index=0, name='Arial', style='italic', variant='normal', weight=400, stretch='condensed', size='scalable')) = 7.613636363636363
2026-08-07 15:08:41,371 - DEBUG - findfont: score(FontEntry(fname='C:\\Windows\\Fonts\\ARIALNI.TTF', index=0, name='Arial Narrow', style='italic', variant='normal', weight=400, stretch='condensed', size='scalable')) = 11.25
2026-08-07 15:08:41,371 - DEBUG - findfont: score(FontEntry(fname='C:\\Windows\\Fonts\\CASTELAR.TTF', index=0, name='Castellar', style='normal', variant='normal', weight=400, stretch='normal', size='scalable')) = 10.05
2026-08-07 15:08:41,371 - DEBUG - findfont: score(FontEntry(fname='C:\\Windows\\Fonts\\esri_151.ttf', index=0, name='ESRI AMFM Gas', style='normal', variant='normal', weight=400, stretch='normal', size='scalable')) = 10.05
2026-08-07 15:08:41,371 - DEBUG - findfont: score(FontEntry(fname='C:\\Windows\\Fonts\\bahnschrift.ttf', index=0, name='Bahnschrift', style='normal', variant='normal', weight=400, stretch='normal', size='scalable')) = 10.05
2026-08-07 15:08:41,371 - DEBUG - findfont: score(FontEntry(fname='C:\\Windows\\Fonts\\esri_48.ttf', index=0, name='ESRI US MUTCD 2', style='normal', variant='normal', weight=400, stretch='normal', size='scalable')) = 10.05
2026-08-07 15:08:41,371 - DEBUG - findfont: score(FontEntry(fname='C:\\Windows\\Fonts\\TCM_____.TTF', index=0, name='Tw Cen MT', style='normal', variant='normal', weight=400, stretch='normal', size='scalable')) = 10.05
2026-08-07 15:08:41,371 - DEBUG - findfont: score(FontEntry(fname='C:\\Windows\\Fonts\\comici.ttf', index=0, name='Comic Sans MS', style='italic', variant='normal', weight=400, stretch='normal', size='scalable')) = 11.05
2026-08-07 15:08:41,371 - DEBUG - findfont: score(FontEntry(fname='C:\\Program Files\\MapInfo\\Professional\\Python310\\Lib\\site-packages\\matplotlib\\mpl-data\\fonts\\ttf\\cmb10.ttf', index=0, name='cmb10', style='normal', variant='normal', weight=400, stretch='normal', size='scalable')) = 10.05
2026-08-07 15:08:41,371 - DEBUG - findfont: score(FontEntry(fname='C:\\Windows\\Fonts\\esri_375.ttf', index=0, name='ESRI Caves 1', style='normal', variant='normal', weight=400, stretch='normal', size='scalable')) = 10.05
2026-08-07 15:08:41,371 - DEBUG - findfont: score(FontEntry(fname='C:\\Windows\\Fonts\\FRABKIT.TTF', index=0, name='Franklin Gothic Book', style='italic', variant='normal', weight=400, stretch='normal', size='scalable')) = 11.05
2026-08-07 15:08:41,371 - DEBUG - findfont: score(FontEntry(fname='C:\\Windows\\Fonts\\PrecisionSans_W_Lt.ttf', index=0, name='Precision Sans W', style='normal', variant='normal', weight=300, stretch='normal', size='scalable')) = 10.145
2026-08-07 15:08:41,371 - DEBUG - findfont: score(FontEntry(fname='C:\\Windows\\Fonts\\PrecisionSans_W_Lt.ttf', index=0, name='Precision Sans W Light', style='normal', variant='normal', weight=400, stretch='normal', size='scalable')) = 10.05
2026-08-07 15:08:41,371 - DEBUG - findfont: score(FontEntry(fname='C:\\Windows\\Fonts\\georgiaz.ttf', index=0, name='Georgia', style='italic', variant='normal', weight=700, stretch='normal', size='scalable')) = 11.335
2026-08-07 15:08:41,371 - DEBUG - findfont: score(FontEntry(fname='C:\\Windows\\Fonts\\VLADIMIR.TTF', index=0, name='Vladimir Script', style='normal', variant='normal', weight=400, stretch='normal', size='scalable')) = 10.05
2026-08-07 15:08:41,371 - DEBUG - findfont: score(FontEntry(fname='C:\\Windows\\Fonts\\Candaral.ttf', index=0, name='Candara', style='normal', variant='normal', weight=400, stretch='normal', size='scalable')) = 10.05
2026-08-07 15:08:41,371 - DEBUG - findfont: score(FontEntry(fname='C:\\Windows\\Fonts\\Candaral.ttf', index=0, name='Candara Light', style='normal', variant='normal', weight=400, stretch='normal', size='scalable')) = 10.05
2026-08-07 15:08:41,371 - DEBUG - findfont: score(FontEntry(fname='C:\\Windows\\Fonts\\SNAP____.TTF', index=0, name='Snap ITC', style='normal', variant='normal', weight=400, stretch='normal', size='scalable')) = 10.05
2026-08-07 15:08:41,371 - DEBUG - findfont: score(FontEntry(fname='C:\\Windows\\Fonts\\l_10646.ttf', index=0, name='Lucida Sans Unicode', style='normal', variant='normal', weight=400, stretch='normal', size='scalable')) = 10.05
2026-08-07 15:08:41,371 - DEBUG - findfont: score(FontEntry(fname='C:\\Program Files\\MapInfo\\Professional\\Python310\\Lib\\site-packages\\matplotlib\\mpl-data\\fonts\\ttf\\cmr10.ttf', index=0, name='cmr10', style='normal', variant='normal', weight=400, stretch='normal', size='scalable')) = 10.05
2026-08-07 15:08:41,371 - DEBUG - findfont: score(FontEntry(fname='C:\\Windows\\Fonts\\FTLTLT.TTF', index=0, name='Footlight MT Light', style='normal', variant='normal', weight=300, stretch='normal', size='scalable')) = 10.145
2026-08-07 15:08:41,371 - DEBUG - findfont: score(FontEntry(fname='C:\\Windows\\Fonts\\himalaya.ttf', index=0, name='Microsoft Himalaya', style='normal', variant='normal', weight=400, stretch='normal', size='scalable')) = 10.05
2026-08-07 15:08:41,371 - DEBUG - findfont: score(FontEntry(fname='C:\\Windows\\Fonts\\malgun.ttf', index=0, name='Malgun Gothic', style='normal', variant='normal', weight=400, stretch='normal', size='scalable')) = 10.05
2026-08-07 15:08:41,371 - DEBUG - findfont: score(FontEntry(fname='C:\\Windows\\Fonts\\segoeuisl.ttf', index=0, name='Segoe UI', style='normal', variant='normal', weight=350, stretch='normal', size='scalable')) = 10.0975
2026-08-07 15:08:41,371 - DEBUG - findfont: score(FontEntry(fname='C:\\Windows\\Fonts\\segoeuisl.ttf', index=0, name='Segoe UI Semilight', style='normal', variant='normal', weight=400, stretch='normal', size='scalable')) = 10.05
2026-08-07 15:08:41,371 - DEBUG - findfont: score(FontEntry(fname='C:\\Windows\\Fonts\\esri_30s.ttf', index=0, name='ESRI ArcPad', style='normal', variant='normal', weight=400, stretch='normal', size='scalable')) = 10.05
2026-08-07 15:08:41,371 - DEBUG - findfont: score(FontEntry(fname='C:\\Windows\\Fonts\\georgiai.ttf', index=0, name='Georgia', style='italic', variant='normal', weight=400, stretch='normal', size='scalable')) = 11.05
2026-08-07 15:08:41,371 - DEBUG - findfont: score(FontEntry(fname='C:\\Windows\\Fonts\\segoeuil.ttf', index=0, name='Segoe UI', style='normal', variant='normal', weight=300, stretch='normal', size='scalable')) = 10.145
2026-08-07 15:08:41,371 - DEBUG - findfont: score(FontEntry(fname='C:\\Windows\\Fonts\\segoeuil.ttf', index=0, name='Segoe UI Light', style='normal', variant='normal', weight=400, stretch='normal', size='scalable')) = 10.05
2026-08-07 15:08:41,371 - DEBUG - findfont: score(FontEntry(fname='C:\\Windows\\Fonts\\HARNGTON.TTF', index=0, name='Harrington', style='normal', variant='normal', weight=400, stretch='normal', size='scalable')) = 10.05
2026-08-07 15:08:41,371 - DEBUG - findfont: score(FontEntry(fname='C:\\Windows\\Fonts\\ERS_v2_Infrastructures_S3_sym.ttf', index=0, name='ERS v2 Infrastructures Stage 03', style='normal', variant='normal', weight=400, stretch='normal', size='scalable')) = 10.05
2026-08-07 15:08:41,371 - DEBUG - findfont: score(FontEntry(fname='C:\\Program Files\\MapInfo\\Professional\\Python310\\Lib\\site-packages\\matplotlib\\mpl-data\\fonts\\ttf\\DejaVuSansMono-BoldOblique.ttf', index=0, name='DejaVu Sans Mono', style='oblique', variant='normal', weight=700, stretch='normal', size='scalable')) = 11.335
2026-08-07 15:08:41,371 - DEBUG - findfont: score(FontEntry(fname='C:\\Windows\\Fonts\\ARIALNBI.TTF', index=0, name='Arial', style='italic', variant='normal', weight=700, stretch='condensed', size='scalable')) = 7.8986363636363635
2026-08-07 15:08:41,371 - DEBUG - findfont: score(FontEntry(fname='C:\\Windows\\Fonts\\ARIALNBI.TTF', index=0, name='Arial Narrow', style='italic', variant='normal', weight=700, stretch='condensed', size='scalable')) = 11.535
2026-08-07 15:08:41,371 - DEBUG - findfont: score(FontEntry(fname='C:\\Windows\\Fonts\\georgia.ttf', index=0, name='Georgia', style='normal', variant='normal', weight=400, stretch='normal', size='scalable')) = 10.05
2026-08-07 15:08:41,371 - DEBUG - findfont: score(FontEntry(fname='C:\\Windows\\Fonts\\OUTLOOK.TTF', index=0, name='MS Outlook', style='normal', variant='normal', weight=400, stretch='normal', size='scalable')) = 10.05
2026-08-07 15:08:41,371 - DEBUG - findfont: score(FontEntry(fname='C:\\Windows\\Fonts\\THNN____.TTF', index=0, name='Thai', style='normal', variant='normal', weight=400, stretch='normal', size='scalable')) = 10.05
2026-08-07 15:08:41,371 - DEBUG - findfont: score(FontEntry(fname='C:\\Windows\\Fonts\\TCCM____.TTF', index=0, name='Tw Cen MT Condensed', style='normal', variant='normal', weight=400, stretch='condensed', size='scalable')) = 10.25
2026-08-07 15:08:41,371 - DEBUG - findfont: score(FontEntry(fname='C:\\Windows\\Fonts\\MTEXTRA.TTF', index=0, name='MT Extra', style='normal', variant='normal', weight=400, stretch='normal', size='scalable')) = 10.05
2026-08-07 15:08:41,371 - DEBUG - findfont: score(FontEntry(fname='C:\\Windows\\Fonts\\CURLZ___.TTF', index=0, name='Curlz MT', style='normal', variant='normal', weight=400, stretch='normal', size='scalable')) = 10.05
2026-08-07 15:08:41,371 - DEBUG - findfont: score(FontEntry(fname='C:\\Windows\\Fonts\\GILB____.TTF', index=0, name='Gill Sans MT', style='normal', variant='normal', weight=700, stretch='normal', size='scalable')) = 10.335
2026-08-07 15:08:41,371 - DEBUG - findfont: score(FontEntry(fname='C:\\Windows\\Fonts\\FRABK.TTF', index=0, name='Franklin Gothic Book', style='normal', variant='normal', weight=400, stretch='normal', size='scalable')) = 10.05
2026-08-07 15:08:41,371 - DEBUG - findfont: score(FontEntry(fname='C:\\Windows\\Fonts\\corbelb.ttf', index=0, name='Corbel', style='normal', variant='normal', weight=700, stretch='normal', size='scalable')) = 10.335
2026-08-07 15:08:41,371 - DEBUG - findfont: score(FontEntry(fname='C:\\Windows\\Fonts\\BOD_CR.TTF', index=0, name='Bodoni MT', style='normal', variant='normal', weight=400, stretch='condensed', size='scalable')) = 10.25
2026-08-07 15:08:41,371 - DEBUG - findfont: score(FontEntry(fname='C:\\Windows\\Fonts\\BOD_CR.TTF', index=0, name='Bodoni MT Condensed', style='normal', variant='normal', weight=400, stretch='condensed', size='scalable')) = 10.25
2026-08-07 15:08:41,371 - DEBUG - findfont: score(FontEntry(fname='C:\\Windows\\Fonts\\DUBAI-BOLD.TTF', index=0, name='Dubai', style='normal', variant='normal', weight=700, stretch='normal', size='scalable')) = 10.335
2026-08-07 15:08:41,371 - DEBUG - findfont: score(FontEntry(fname='C:\\Windows\\Fonts\\CHILLER.TTF', index=0, name='Chiller', style='normal', variant='normal', weight=400, stretch='normal', size='scalable')) = 10.05
2026-08-07 15:08:41,371 - DEBUG - findfont: score(FontEntry(fname='C:\\Windows\\Fonts\\ELEPHNTI.TTF', index=0, name='Elephant', style='italic', variant='normal', weight=400, stretch='normal', size='scalable')) = 11.05
2026-08-07 15:08:41,371 - DEBUG - findfont: score(FontEntry(fname='C:\\Windows\\Fonts\\JOKERMAN.TTF', index=0, name='Jokerman', style='normal', variant='normal', weight=400, stretch='normal', size='scalable')) = 10.05
2026-08-07 15:08:41,371 - DEBUG - findfont: score(FontEntry(fname='C:\\Windows\\Fonts\\Etgee___.ttf', index=0, name='ET GeoExplore', style='normal', variant='normal', weight=400, stretch='normal', size='scalable')) = 10.05
2026-08-07 15:08:41,371 - DEBUG - findfont: score(FontEntry(fname='C:\\Windows\\Fonts\\esri_730.ttf', index=0, name='ESRI Conservation', style='normal', variant='normal', weight=400, stretch='normal', size='scalable')) = 10.05
2026-08-07 15:08:41,371 - DEBUG - findfont: score(FontEntry(fname='C:\\Windows\\Fonts\\Candarab.ttf', index=0, name='Candara', style='normal', variant='normal', weight=700, stretch='normal', size='scalable')) = 10.335
2026-08-07 15:08:41,371 - DEBUG - findfont: score(FontEntry(fname='C:\\Windows\\Fonts\\BSSYM7.TTF', index=0, name='Bookshelf Symbol 7', style='normal', variant='normal', weight=400, stretch='normal', size='scalable')) = 10.05
2026-08-07 15:08:41,371 - DEBUG - findfont: score(FontEntry(fname='C:\\Windows\\Fonts\\esri_131.ttf', index=0, name='ESRI SDS 1.95 2', style='normal', variant='normal', weight=400, stretch='normal', size='scalable')) = 10.05
2026-08-07 15:08:41,371 - DEBUG - findfont: score(FontEntry(fname='C:\\Windows\\Fonts\\Label-EZ.ttf', index=0, name='Label-EZ Symbols', style='normal', variant='normal', weight=400, stretch='normal', size='scalable')) = 10.05
2026-08-07 15:08:41,371 - DEBUG - findfont: score(FontEntry(fname='C:\\Windows\\Fonts\\ARAN____.TTF', index=0, name='Arabic1', style='normal', variant='normal', weight=400, stretch='normal', size='scalable')) = 10.05
2026-08-07 15:08:41,371 - DEBUG - findfont: score(FontEntry(fname='C:\\Windows\\Fonts\\arial.ttf', index=0, name='Arial', style='normal', variant='normal', weight=400, stretch='normal', size='scalable')) = 6.413636363636363
2026-08-07 15:08:41,371 - DEBUG - findfont: score(FontEntry(fname='C:\\Windows\\Fonts\\malgunsl.ttf', index=0, name='Malgun Gothic', style='normal', variant='normal', weight=300, stretch='normal', size='scalable')) = 10.145
2026-08-07 15:08:41,371 - DEBUG - findfont: score(FontEntry(fname='C:\\Windows\\Fonts\\malgunsl.ttf', index=0, name='Malgun Gothic Semilight', style='normal', variant='normal', weight=400, stretch='normal', size='scalable')) = 10.05
2026-08-07 15:08:41,371 - DEBUG - findfont: score(FontEntry(fname='C:\\Windows\\Fonts\\PAPYRUS.TTF', index=0, name='Papyrus', style='normal', variant='normal', weight=400, stretch='normal', size='scalable')) = 10.05
2026-08-07 15:08:41,371 - DEBUG - findfont: score(FontEntry(fname='C:\\Program Files\\MapInfo\\Professional\\Python310\\Lib\\site-packages\\matplotlib\\mpl-data\\fonts\\ttf\\STIXNonUniBolIta.ttf', index=0, name='STIXNonUnicode', style='italic', variant='normal', weight=700, stretch='normal', size='scalable')) = 11.335
2026-08-07 15:08:41,371 - DEBUG - findfont: score(FontEntry(fname='C:\\Windows\\Fonts\\FELIXTI.TTF', index=0, name='Felix Titling', style='normal', variant='normal', weight=400, stretch='normal', size='scalable')) = 10.05
2026-08-07 15:08:41,371 - DEBUG - findfont: score(FontEntry(fname='C:\\Windows\\Fonts\\Etstruct.ttf', index=0, name='ET Structural', style='normal', variant='normal', weight=400, stretch='normal', size='scalable')) = 10.05
2026-08-07 15:08:41,371 - DEBUG - findfont: score(FontEntry(fname='C:\\Windows\\Fonts\\ARLRDBD.TTF', index=0, name='Arial Rounded MT Bold', style='normal', variant='normal', weight=400, stretch='normal', size='scalable')) = 10.05
2026-08-07 15:08:41,371 - DEBUG - findfont: score(FontEntry(fname='C:\\Windows\\Fonts\\ANTQUAI.TTF', index=0, name='Book Antiqua', style='italic', variant='normal', weight=400, stretch='normal', size='scalable')) = 11.05
2026-08-07 15:08:41,371 - DEBUG - findfont: score(FontEntry(fname='C:\\Windows\\Fonts\\consolai.ttf', index=0, name='Consolas', style='italic', variant='normal', weight=400, stretch='normal', size='scalable')) = 11.05
2026-08-07 15:08:41,371 - DEBUG - findfont: score(FontEntry(fname='C:\\Windows\\Fonts\\ariblk.ttf', index=0, name='Arial', style='normal', variant='normal', weight=900, stretch='normal', size='scalable')) = 6.888636363636364
2026-08-07 15:08:41,371 - DEBUG - findfont: score(FontEntry(fname='C:\\Windows\\Fonts\\ariblk.ttf', index=0, name='Arial Black', style='normal', variant='normal', weight=400, stretch='normal', size='scalable')) = 10.05
2026-08-07 15:08:41,371 - DEBUG - findfont: score(FontEntry(fname='C:\\Windows\\Fonts\\esri_40.ttf', index=0, name='ESRI North', style='normal', variant='normal', weight=400, stretch='normal', size='scalable')) = 10.05
2026-08-07 15:08:41,371 - DEBUG - findfont: score(FontEntry(fname='C:\\Windows\\Fonts\\ETMOBILE.TTF', index=0, name='ET Mobile', style='normal', variant='normal', weight=400, stretch='normal', size='scalable')) = 10.05
2026-08-07 15:08:41,371 - DEBUG - findfont: score(FontEntry(fname='C:\\Windows\\Fonts\\ETMOBILE.TTF', index=0, name='Map Symbols', style='normal', variant='normal', weight=400, stretch='normal', size='scalable')) = 10.05
2026-08-07 15:08:41,371 - DEBUG - findfont: score(FontEntry(fname='C:\\Windows\\Fonts\\JAKR____.TTF', index=0, name='JapaneseKana', style='normal', variant='normal', weight=400, stretch='normal', size='scalable')) = 10.05
2026-08-07 15:08:41,371 - DEBUG - findfont: score(FontEntry(fname='C:\\Windows\\Fonts\\esri_652.ttf', index=0, name='ESRI US Forestry 2', style='normal', variant='normal', weight=400, stretch='normal', size='scalable')) = 10.05
2026-08-07 15:08:41,371 - DEBUG - findfont: score(FontEntry(fname='C:\\Windows\\Fonts\\esri_223.ttf', index=0, name='ESRI IGL Font23', style='normal', variant='normal', weight=400, stretch='normal', size='scalable')) = 10.05
2026-08-07 15:08:41,371 - DEBUG - findfont: score(FontEntry(fname='C:\\Windows\\Fonts\\ROCKB.TTF', index=0, name='Rockwell', style='normal', variant='normal', weight=700, stretch='normal', size='scalable')) = 10.335
2026-08-07 15:08:41,371 - DEBUG - findfont: score(FontEntry(fname='C:\\Windows\\Fonts\\arialbd.ttf', index=0, name='Arial', style='normal', variant='normal', weight=700, stretch='normal', size='scalable')) = 6.698636363636363
2026-08-07 15:08:41,371 - DEBUG - findfont: score(FontEntry(fname='C:\\Windows\\Fonts\\tahoma.ttf', index=0, name='Tahoma', style='normal', variant='normal', weight=400, stretch='normal', size='scalable')) = 10.05
2026-08-07 15:08:41,371 - DEBUG - findfont: score(FontEntry(fname='C:\\Windows\\Fonts\\Trimble GPS Pathfinder.ttf', index=0, name='Trimble GPS Pathfinder', style='normal', variant='normal', weight=400, stretch='normal', size='scalable')) = 10.05
2026-08-07 15:08:41,371 - DEBUG - findfont: score(FontEntry(fname='C:\\Windows\\Fonts\\BELLI.TTF', index=0, name='Bell MT', style='italic', variant='normal', weight=400, stretch='normal', size='scalable')) = 11.05
2026-08-07 15:08:41,371 - DEBUG - findfont: score(FontEntry(fname='C:\\Windows\\Fonts\\GOTHICI.TTF', index=0, name='Century Gothic', style='italic', variant='normal', weight=400, stretch='normal', size='scalable')) = 11.05
2026-08-07 15:08:41,371 - DEBUG - findfont: score(FontEntry(fname='C:\\Windows\\Fonts\\LBRITEI.TTF', index=0, name='Lucida Bright', style='italic', variant='normal', weight=400, stretch='normal', size='scalable')) = 11.05
2026-08-07 15:08:41,371 - DEBUG - findfont: score(FontEntry(fname='C:\\Windows\\Fonts\\GOTHICBI.TTF', index=0, name='Century Gothic', style='italic', variant='normal', weight=700, stretch='normal', size='scalable')) = 11.335
2026-08-07 15:08:41,371 - DEBUG - findfont: score(FontEntry(fname='C:\\Windows\\Fonts\\BOOKOSI.TTF', index=0, name='Bookman Old Style', style='italic', variant='normal', weight=300, stretch='normal', size='scalable')) = 11.145
2026-08-07 15:08:41,371 - DEBUG - findfont: score(FontEntry(fname='C:\\Windows\\Fonts\\ARIALN.TTF', index=0, name='Arial', style='normal', variant='normal', weight=400, stretch='condensed', size='scalable')) = 6.613636363636363
2026-08-07 15:08:41,371 - DEBUG - findfont: score(FontEntry(fname='C:\\Windows\\Fonts\\ARIALN.TTF', index=0, name='Arial Narrow', style='normal', variant='normal', weight=400, stretch='condensed', size='scalable')) = 10.25
2026-08-07 15:08:41,371 - DEBUG - findfont: score(FontEntry(fname='C:\\Windows\\Fonts\\TCBI____.TTF', index=0, name='Tw Cen MT', style='italic', variant='normal', weight=700, stretch='normal', size='scalable')) = 11.335
2026-08-07 15:08:41,371 - DEBUG - findfont: score(FontEntry(fname='C:\\Windows\\Fonts\\TCB_____.TTF', index=0, name='Tw Cen MT', style='normal', variant='normal', weight=700, stretch='normal', size='scalable')) = 10.335
2026-08-07 15:08:41,371 - DEBUG - findfont: score(FontEntry(fname='C:\\Windows\\Fonts\\corbelz.ttf', index=0, name='Corbel', style='italic', variant='normal', weight=700, stretch='normal', size='scalable')) = 11.335
2026-08-07 15:08:41,371 - DEBUG - findfont: score(FontEntry(fname='C:\\Windows\\Fonts\\KUNSTLER.TTF', index=0, name='Kunstler Script', style='normal', variant='normal', weight=400, stretch='normal', size='scalable')) = 10.05
2026-08-07 15:08:41,371 - DEBUG - findfont: score(FontEntry(fname='C:\\Windows\\Fonts\\VIVALDII.TTF', index=0, name='Vivaldi', style='italic', variant='normal', weight=400, stretch='normal', size='scalable')) = 11.05
2026-08-07 15:08:41,371 - DEBUG - findfont: score(FontEntry(fname='C:\\Windows\\Fonts\\CALISTI.TTF', index=0, name='Calisto MT', style='italic', variant='normal', weight=400, stretch='normal', size='scalable')) = 11.05
2026-08-07 15:08:41,371 - DEBUG - findfont: score(FontEntry(fname='C:\\Windows\\Fonts\\esri_500.ttf', index=0, name='ESRI Geology AGSO 1', style='normal', variant='normal', weight=400, stretch='normal', size='scalable')) = 10.05
2026-08-07 15:08:41,371 - DEBUG - findfont: score(FontEntry(fname='C:\\Windows\\Fonts\\GARA.TTF', index=0, name='Garamond', style='normal', variant='normal', weight=400, stretch='normal', size='scalable')) = 10.05
2026-08-07 15:08:41,371 - DEBUG - findfont: score(FontEntry(fname='C:\\Windows\\Fonts\\LHANDW.TTF', index=0, name='Lucida Handwriting', style='italic', variant='normal', weight=400, stretch='normal', size='scalable')) = 11.05
2026-08-07 15:08:41,371 - DEBUG - findfont: score(FontEntry(fname='C:\\Windows\\Fonts\\Candara.ttf', index=0, name='Candara', style='normal', variant='normal', weight=400, stretch='normal', size='scalable')) = 10.05
2026-08-07 15:08:41,371 - DEBUG - findfont: score(FontEntry(fname='C:\\Program Files\\MapInfo\\Professional\\Python310\\Lib\\site-packages\\matplotlib\\mpl-data\\fonts\\ttf\\STIXSizTwoSymReg.ttf', index=0, name='STIXSizeTwoSym', style='normal', variant='normal', weight=400, stretch='normal', size='scalable')) = 10.05
2026-08-07 15:08:41,371 - DEBUG - findfont: score(FontEntry(fname='C:\\Windows\\Fonts\\esri_29.ttf', index=0, name='ESRI Public1', style='normal', variant='normal', weight=400, stretch='normal', size='scalable')) = 10.05
2026-08-07 15:08:41,371 - DEBUG - findfont: score(FontEntry(fname='C:\\Windows\\Fonts\\stateshields.ttf', index=0, name='State Highway Shields', style='normal', variant='normal', weight=400, stretch='normal', size='scalable')) = 10.05
2026-08-07 15:08:41,371 - DEBUG - findfont: score(FontEntry(fname='C:\\Windows\\Fonts\\ROCKI.TTF', index=0, name='Rockwell', style='italic', variant='normal', weight=400, stretch='normal', size='scalable')) = 11.05
2026-08-07 15:08:41,371 - DEBUG - findfont: score(FontEntry(fname='C:\\Windows\\Fonts\\esri_133.ttf', index=0, name='ESRI SDS 2.00 2', style='normal', variant='normal', weight=400, stretch='normal', size='scalable')) = 10.05
2026-08-07 15:08:41,371 - DEBUG - findfont: score(FontEntry(fname='C:\\Windows\\Fonts\\timesbi.ttf', index=0, name='Times New Roman', style='italic', variant='normal', weight=700, stretch='normal', size='scalable')) = 11.335
2026-08-07 15:08:41,371 - DEBUG - findfont: score(FontEntry(fname='C:\\Windows\\Fonts\\esri_44.ttf', index=0, name='ESRI Shields', style='normal', variant='normal', weight=400, stretch='normal', size='scalable')) = 10.05
2026-08-07 15:08:41,371 - DEBUG - findfont: score(FontEntry(fname='C:\\Windows\\Fonts\\tahomabd.ttf', index=0, name='Tahoma', style='normal', variant='normal', weight=700, stretch='normal', size='scalable')) = 10.335
2026-08-07 15:08:41,371 - DEBUG - findfont: score(FontEntry(fname='C:\\Windows\\Fonts\\TTMITC__.TTF', index=0, name='MapInfo Transportation', style='normal', variant='normal', weight=400, stretch='normal', size='scalable')) = 10.05
2026-08-07 15:08:41,371 - DEBUG - findfont: score(FontEntry(fname='C:\\Program Files\\MapInfo\\Professional\\Python310\\Lib\\site-packages\\matplotlib\\mpl-data\\fonts\\ttf\\STIXSizThreeSymBol.ttf', index=0, name='STIXSizeThreeSym', style='normal', variant='normal', weight=700, stretch='normal', size='scalable')) = 10.335
2026-08-07 15:08:41,371 - DEBUG - findfont: score(FontEntry(fname='C:\\Windows\\Fonts\\esri_837.ttf', index=0, name='ESRI ERS Operations S1', style='normal', variant='normal', weight=400, stretch='normal', size='scalable')) = 10.05
2026-08-07 15:08:41,371 - DEBUG - findfont: score(FontEntry(fname='C:\\Windows\\Fonts\\LeelawUI.ttf', index=0, name='Leelawadee UI', style='normal', variant='normal', weight=400, stretch='normal', size='scalable')) = 10.05
2026-08-07 15:08:41,371 - DEBUG - findfont: score(FontEntry(fname='C:\\Windows\\Fonts\\NIAGENG.TTF', index=0, name='Niagara Engraved', style='normal', variant='normal', weight=400, stretch='normal', size='scalable')) = 10.05
2026-08-07 15:08:41,371 - DEBUG - findfont: score(FontEntry(fname='C:\\Windows\\Fonts\\MISTRAL.TTF', index=0, name='Mistral', style='normal', variant='normal', weight=400, stretch='normal', size='scalable')) = 10.05
2026-08-07 15:08:41,371 - DEBUG - findfont: score(FontEntry(fname='C:\\Windows\\Fonts\\GARAIT.TTF', index=0, name='Garamond', style='italic', variant='normal', weight=400, stretch='normal', size='scalable')) = 11.05
2026-08-07 15:08:41,387 - DEBUG - findfont: score(FontEntry(fname='C:\\Program Files\\MapInfo\\Professional\\Python310\\Lib\\site-packages\\matplotlib\\mpl-data\\fonts\\ttf\\cmsy10.ttf', index=0, name='cmsy10', style='normal', variant='normal', weight=400, stretch='normal', size='scalable')) = 10.05
2026-08-07 15:08:41,387 - DEBUG - findfont: score(FontEntry(fname='C:\\Windows\\Fonts\\verdana.ttf', index=0, name='Verdana', style='normal', variant='normal', weight=400, stretch='normal', size='scalable')) = 3.6863636363636365
2026-08-07 15:08:41,387 - DEBUG - findfont: score(FontEntry(fname='C:\\Program Files\\MapInfo\\Professional\\Python310\\Lib\\site-packages\\matplotlib\\mpl-data\\fonts\\ttf\\cmss10.ttf', index=0, name='cmss10', style='normal', variant='normal', weight=400, stretch='normal', size='scalable')) = 10.05
2026-08-07 15:08:41,387 - DEBUG - findfont: score(FontEntry(fname='C:\\Program Files\\MapInfo\\Professional\\Python310\\Lib\\site-packages\\matplotlib\\mpl-data\\fonts\\ttf\\STIXGeneralBolIta.ttf', index=0, name='STIXGeneral', style='italic', variant='normal', weight=700, stretch='normal', size='scalable')) = 11.335
2026-08-07 15:08:41,387 - DEBUG - findfont: score(FontEntry(fname='C:\\Windows\\Fonts\\GILBI___.TTF', index=0, name='Gill Sans MT', style='italic', variant='normal', weight=700, stretch='normal', size='scalable')) = 11.335
2026-08-07 15:08:41,387 - DEBUG - findfont: score(FontEntry(fname='C:\\Windows\\Fonts\\consola.ttf', index=0, name='Consolas', style='normal', variant='normal', weight=400, stretch='normal', size='scalable')) = 10.05
2026-08-07 15:08:41,387 - DEBUG - findfont: score(FontEntry(fname='C:\\Windows\\Fonts\\LATINWD.TTF', index=0, name='Wide Latin', style='normal', variant='normal', weight=400, stretch='expanded', size='scalable')) = 10.25
2026-08-07 15:08:41,387 - DEBUG - findfont: score(FontEntry(fname='C:\\Windows\\Fonts\\LSANS.TTF', index=0, name='Lucida Sans', style='normal', variant='normal', weight=400, stretch='normal', size='scalable')) = 10.05
2026-08-07 15:08:41,387 - DEBUG - findfont: score(FontEntry(fname='C:\\Windows\\Fonts\\esri_4.ttf', index=0, name='ESRI Oil, Gas, & Water', style='normal', variant='normal', weight=400, stretch='normal', size='scalable')) = 10.05
2026-08-07 15:08:41,387 - DEBUG - findfont: score(FontEntry(fname='C:\\Windows\\Fonts\\Nirmala.ttc', index=0, name='Nirmala UI', style='normal', variant='normal', weight=400, stretch='normal', size='scalable')) = 10.05
2026-08-07 15:08:41,387 - DEBUG - findfont: score(FontEntry(fname='C:\\Windows\\Fonts\\Nirmala.ttc', index=1, name='Nirmala UI', style='normal', variant='normal', weight=700, stretch='normal', size='scalable')) = 10.335
2026-08-07 15:08:41,387 - DEBUG - findfont: score(FontEntry(fname='C:\\Windows\\Fonts\\Nirmala.ttc', index=2, name='Nirmala UI', style='normal', variant='normal', weight=350, stretch='normal', size='scalable')) = 10.0975
2026-08-07 15:08:41,387 - DEBUG - findfont: score(FontEntry(fname='C:\\Windows\\Fonts\\Nirmala.ttc', index=2, name='Nirmala UI Semilight', style='normal', variant='normal', weight=400, stretch='normal', size='scalable')) = 10.05
2026-08-07 15:08:41,387 - DEBUG - findfont: score(FontEntry(fname='C:\\Windows\\Fonts\\Nirmala.ttc', index=3, name='Nirmala Text', style='normal', variant='normal', weight=400, stretch='normal', size='scalable')) = 10.05
2026-08-07 15:08:41,387 - DEBUG - findfont: score(FontEntry(fname='C:\\Windows\\Fonts\\Nirmala.ttc', index=4, name='Nirmala Text', style='normal', variant='normal', weight=700, stretch='normal', size='scalable')) = 10.335
2026-08-07 15:08:41,387 - DEBUG - findfont: score(FontEntry(fname='C:\\Windows\\Fonts\\Nirmala.ttc', index=5, name='Nirmala Text', style='normal', variant='normal', weight=350, stretch='normal', size='scalable')) = 10.0975
2026-08-07 15:08:41,387 - DEBUG - findfont: score(FontEntry(fname='C:\\Windows\\Fonts\\Nirmala.ttc', index=5, name='Nirmala Text Semilight', style='normal', variant='normal', weight=400, stretch='normal', size='scalable')) = 10.05
2026-08-07 15:08:41,387 - DEBUG - findfont: score(FontEntry(fname='C:\\Windows\\Fonts\\esri_801.ttf', index=0, name='ESRI Enviro Hazard Analysis', style='normal', variant='normal', weight=400, stretch='normal', size='scalable')) = 10.05
2026-08-07 15:08:41,387 - DEBUG - findfont: score(FontEntry(fname='C:\\Windows\\Fonts\\javatext.ttf', index=0, name='Javanese Text', style='normal', variant='normal', weight=400, stretch='normal', size='scalable')) = 10.05
2026-08-07 15:08:41,387 - DEBUG - findfont: score(FontEntry(fname='C:\\Program Files\\MapInfo\\Professional\\Python310\\Lib\\site-packages\\matplotlib\\mpl-data\\fonts\\ttf\\DejaVuSansMono-Oblique.ttf', index=0, name='DejaVu Sans Mono', style='oblique', variant='normal', weight=400, stretch='normal', size='scalable')) = 11.05
2026-08-07 15:08:41,387 - DEBUG - findfont: score(FontEntry(fname='C:\\Windows\\Fonts\\FREESCPT.TTF', index=0, name='Freestyle Script', style='normal', variant='normal', weight=400, stretch='normal', size='scalable')) = 10.05
2026-08-07 15:08:41,387 - DEBUG - findfont: score(FontEntry(fname='C:\\Windows\\Fonts\\corbell.ttf', index=0, name='Corbel', style='normal', variant='normal', weight=300, stretch='normal', size='scalable')) = 10.145
2026-08-07 15:08:41,387 - DEBUG - findfont: score(FontEntry(fname='C:\\Windows\\Fonts\\corbell.ttf', index=0, name='Corbel Light', style='normal', variant='normal', weight=400, stretch='normal', size='scalable')) = 10.05
2026-08-07 15:08:41,387 - DEBUG - findfont: score(FontEntry(fname='C:\\Windows\\Fonts\\esri_33.ttf', index=0, name='ESRI Climate & Precipitation', style='normal', variant='normal', weight=400, stretch='normal', size='scalable')) = 10.05
2026-08-07 15:08:41,387 - DEBUG - findfont: score(FontEntry(fname='C:\\Windows\\Fonts\\FRADMCN.TTF', index=0, name='Franklin Gothic Demi Cond', style='normal', variant='normal', weight=400, stretch='condensed', size='scalable')) = 10.25
2026-08-07 15:08:41,387 - DEBUG - findfont: score(FontEntry(fname='C:\\Windows\\Fonts\\GILLUBCD.TTF', index=0, name='Gill Sans Ultra Bold Condensed', style='normal', variant='normal', weight=400, stretch='condensed', size='scalable')) = 10.25
2026-08-07 15:08:41,387 - DEBUG - findfont: score(FontEntry(fname='C:\\Windows\\Fonts\\LBRITEDI.TTF', index=0, name='Lucida Bright', style='italic', variant='normal', weight=600, stretch='normal', size='scalable')) = 11.24
2026-08-07 15:08:41,387 - DEBUG - findfont: score(FontEntry(fname='C:\\Windows\\Fonts\\segoeui.ttf', index=0, name='Segoe UI', style='normal', variant='normal', weight=400, stretch='normal', size='scalable')) = 10.05
2026-08-07 15:08:41,387 - DEBUG - findfont: score(FontEntry(fname='C:\\Windows\\Fonts\\esri_27Mcr_2.ttf', index=0, name='ESRI Mil2525C Modifiers', style='normal', variant='normal', weight=400, stretch='normal', size='scalable')) = 10.05
2026-08-07 15:08:41,387 - DEBUG - findfont: score(FontEntry(fname='C:\\Program Files\\MapInfo\\Professional\\Python310\\Lib\\site-packages\\matplotlib\\mpl-data\\fonts\\ttf\\DejaVuSans-Oblique.ttf', index=0, name='DejaVu Sans', style='oblique', variant='normal', weight=400, stretch='normal', size='scalable')) = 1.05
2026-08-07 15:08:41,387 - DEBUG - findfont: score(FontEntry(fname='C:\\Windows\\Fonts\\GARABD.TTF', index=0, name='Garamond', style='normal', variant='normal', weight=700, stretch='normal', size='scalable')) = 10.335
2026-08-07 15:08:41,387 - DEBUG - findfont: score(FontEntry(fname='C:\\Windows\\Fonts\\COOPBL.TTF', index=0, name='Cooper Black', style='normal', variant='normal', weight=400, stretch='normal', size='scalable')) = 10.05
2026-08-07 15:08:41,387 - DEBUG - findfont: score(FontEntry(fname='C:\\Windows\\Fonts\\BOD_PSTC.TTF', index=0, name='Bodoni MT', style='normal', variant='normal', weight=300, stretch='normal', size='scalable')) = 10.145
2026-08-07 15:08:41,387 - DEBUG - findfont: score(FontEntry(fname='C:\\Windows\\Fonts\\BOD_PSTC.TTF', index=0, name='Bodoni MT Poster Compressed', style='normal', variant='normal', weight=400, stretch='normal', size='scalable')) = 10.05
2026-08-07 15:08:41,387 - DEBUG - findfont: score(FontEntry(fname='C:\\Windows\\Fonts\\seguihis.ttf', index=0, name='Segoe UI Historic', style='normal', variant='normal', weight=400, stretch='normal', size='scalable')) = 10.05
2026-08-07 15:08:41,387 - DEBUG - findfont: score(FontEntry(fname='C:\\Windows\\Fonts\\LTYPE.TTF', index=0, name='Lucida Sans Typewriter', style='normal', variant='normal', weight=400, stretch='normal', size='scalable')) = 10.05
2026-08-07 15:08:41,387 - DEBUG - findfont: score(FontEntry(fname='C:\\Windows\\Fonts\\CENTAUR.TTF', index=0, name='Centaur', style='normal', variant='normal', weight=400, stretch='normal', size='scalable')) = 10.05
2026-08-07 15:08:41,387 - DEBUG - findfont: score(FontEntry(fname='C:\\Program Files\\MapInfo\\Professional\\Python310\\Lib\\site-packages\\matplotlib\\mpl-data\\fonts\\ttf\\STIXSizFourSymBol.ttf', index=0, name='STIXSizeFourSym', style='normal', variant='normal', weight=700, stretch='normal', size='scalable')) = 10.335
2026-08-07 15:08:41,387 - DEBUG - findfont: score(FontEntry(fname='C:\\Program Files\\MapInfo\\Professional\\Python310\\Lib\\site-packages\\matplotlib\\mpl-data\\fonts\\ttf\\STIXSizFiveSymReg.ttf', index=0, name='STIXSizeFiveSym', style='normal', variant='normal', weight=400, stretch='normal', size='scalable')) = 10.05
2026-08-07 15:08:41,387 - DEBUG - findfont: score(FontEntry(fname='C:\\Windows\\Fonts\\msyi.ttf', index=0, name='Microsoft Yi Baiti', style='normal', variant='normal', weight=400, stretch='normal', size='scalable')) = 10.05
2026-08-07 15:08:41,387 - DEBUG - findfont: score(FontEntry(fname='C:\\Windows\\Fonts\\Milsym01.ttf', index=0, name='Mil Symbols 01', style='normal', variant='normal', weight=400, stretch='normal', size='scalable')) = 10.05
2026-08-07 15:08:41,387 - DEBUG - findfont: score(FontEntry(fname='C:\\Windows\\Fonts\\mvboli.ttf', index=0, name='MV Boli', style='normal', variant='normal', weight=400, stretch='normal', size='scalable')) = 10.05
2026-08-07 15:08:41,387 - DEBUG - findfont: score(FontEntry(fname='C:\\Windows\\Fonts\\Gabriola.ttf', index=0, name='Gabriola', style='normal', variant='normal', weight=400, stretch='normal', size='scalable')) = 10.05
2026-08-07 15:08:41,387 - DEBUG - findfont: score(FontEntry(fname='C:\\Windows\\Fonts\\calibrii.ttf', index=0, name='Calibri', style='italic', variant='normal', weight=400, stretch='normal', size='scalable')) = 11.05
2026-08-07 15:08:41,387 - DEBUG - findfont: score(FontEntry(fname='C:\\Windows\\Fonts\\esri_19.ttf', index=0, name='ESRI MilMod 02', style='normal', variant='normal', weight=400, stretch='normal', size='scalable')) = 10.05
2026-08-07 15:08:41,387 - DEBUG - findfont: score(FontEntry(fname='C:\\Windows\\Fonts\\esri_161.ttf', index=0, name='ESRI Pipeline US 1', style='normal', variant='normal', weight=400, stretch='normal', size='scalable')) = 10.05
2026-08-07 15:08:41,387 - DEBUG - findfont: score(FontEntry(fname='C:\\Windows\\Fonts\\constani.ttf', index=0, name='Constantia', style='italic', variant='normal', weight=400, stretch='normal', size='scalable')) = 11.05
2026-08-07 15:08:41,387 - DEBUG - findfont: score(FontEntry(fname='C:\\Windows\\Fonts\\FRSCRIPT.TTF', index=0, name='French Script MT', style='normal', variant='normal', weight=400, stretch='normal', size='scalable')) = 10.05
2026-08-07 15:08:41,387 - DEBUG - findfont: score(FontEntry(fname='C:\\Windows\\Fonts\\esri_220.ttf', index=0, name='ESRI IGL Font20', style='normal', variant='normal', weight=400, stretch='normal', size='scalable')) = 10.05
2026-08-07 15:08:41,387 - DEBUG - findfont: score(FontEntry(fname='C:\\Program Files\\MapInfo\\Professional\\Python310\\Lib\\site-packages\\matplotlib\\mpl-data\\fonts\\ttf\\STIXNonUniBol.ttf', index=0, name='STIXNonUnicode', style='normal', variant='normal', weight=700, stretch='normal', size='scalable')) = 10.335
2026-08-07 15:08:41,387 - DEBUG - findfont: score(FontEntry(fname='C:\\Windows\\Fonts\\esri_16.ttf', index=0, name='ESRI NIMA City Graphic PT', style='normal', variant='normal', weight=400, stretch='normal', size='scalable')) = 10.05
2026-08-07 15:08:41,387 - DEBUG - findfont: score(FontEntry(fname='C:\\Windows\\Fonts\\comicz.ttf', index=0, name='Comic Sans MS', style='italic', variant='normal', weight=700, stretch='normal', size='scalable')) = 11.335
2026-08-07 15:08:41,387 - DEBUG - findfont: score(FontEntry(fname='C:\\Windows\\Fonts\\ERASBD.TTF', index=0, name='Eras Bold ITC', style='normal', variant='normal', weight=400, stretch='normal', size='scalable')) = 10.05
2026-08-07 15:08:41,387 - DEBUG - findfont: score(FontEntry(fname='C:\\Windows\\Fonts\\PALSCRI.TTF', index=0, name='Palace Script MT', style='normal', variant='normal', weight=400, stretch='normal', size='scalable')) = 10.05
2026-08-07 15:08:41,387 - DEBUG - findfont: score(FontEntry(fname='C:\\Windows\\Fonts\\Milsym03.ttf', index=0, name='Mil Symbols 03', style='normal', variant='normal', weight=400, stretch='normal', size='scalable')) = 10.05
2026-08-07 15:08:41,387 - DEBUG - findfont: score(FontEntry(fname='C:\\Windows\\Fonts\\Milsym04.ttf', index=0, name='Mil Symbols 04', style='normal', variant='normal', weight=400, stretch='normal', size='scalable')) = 10.05
2026-08-07 15:08:41,387 - DEBUG - findfont: score(FontEntry(fname='C:\\Windows\\Fonts\\consolab.ttf', index=0, name='Consolas', style='normal', variant='normal', weight=700, stretch='normal', size='scalable')) = 10.335
2026-08-07 15:08:41,387 - DEBUG - findfont: score(FontEntry(fname='C:\\Windows\\Fonts\\ELEPHNT.TTF', index=0, name='Elephant', style='normal', variant='normal', weight=400, stretch='normal', size='scalable')) = 10.05
2026-08-07 15:08:41,387 - DEBUG - findfont: score(FontEntry(fname='C:\\Windows\\Fonts\\TTMIPOI.ttf', index=0, name='MapInfo Points of Interest', style='normal', variant='normal', weight=400, stretch='normal', size='scalable')) = 10.05
2026-08-07 15:08:41,387 - DEBUG - findfont: score(FontEntry(fname='C:\\Windows\\Fonts\\trebucbi.ttf', index=0, name='Trebuchet MS', style='italic', variant='normal', weight=700, stretch='normal', size='scalable')) = 11.335
2026-08-07 15:08:41,387 - DEBUG - findfont: score(FontEntry(fname='C:\\Windows\\Fonts\\PrecisionSans_W_Bd.ttf', index=0, name='Precision Sans W', style='normal', variant='normal', weight=700, stretch='normal', size='scalable')) = 10.335
2026-08-07 15:08:41,387 - DEBUG - findfont: score(FontEntry(fname='C:\\Windows\\Fonts\\ebrimabd.ttf', index=0, name='Ebrima', style='normal', variant='normal', weight=700, stretch='normal', size='scalable')) = 10.335
2026-08-07 15:08:41,387 - DEBUG - findfont: score(FontEntry(fname='C:\\Windows\\Fonts\\LBRITED.TTF', index=0, name='Lucida Bright', style='normal', variant='normal', weight=600, stretch='normal', size='scalable')) = 10.24
2026-08-07 15:08:41,387 - DEBUG - findfont: score(FontEntry(fname='C:\\Windows\\Fonts\\ERS_v2_Natural_Events_sym.ttf', index=0, name='ERS v2 Natural Events', style='normal', variant='normal', weight=400, stretch='normal', size='scalable')) = 10.05
2026-08-07 15:08:41,387 - DEBUG - findfont: score(FontEntry(fname='C:\\Windows\\Fonts\\seguibli.ttf', index=0, name='Segoe UI', style='italic', variant='normal', weight=900, stretch='normal', size='scalable')) = 11.525
2026-08-07 15:08:41,387 - DEBUG - findfont: score(FontEntry(fname='C:\\Windows\\Fonts\\seguibli.ttf', index=0, name='Segoe UI Black', style='italic', variant='normal', weight=400, stretch='normal', size='scalable')) = 11.05
2026-08-07 15:08:41,387 - DEBUG - findfont: score(FontEntry(fname='C:\\Windows\\Fonts\\esri_130.ttf', index=0, name='ESRI SDS 1.95 1', style='normal', variant='normal', weight=400, stretch='normal', size='scalable')) = 10.05
2026-08-07 15:08:41,387 - DEBUG - findfont: score(FontEntry(fname='C:\\Windows\\Fonts\\BOD_I.TTF', index=0, name='Bodoni MT', style='italic', variant='normal', weight=400, stretch='normal', size='scalable')) = 11.05
2026-08-07 15:08:41,387 - DEBUG - findfont: score(FontEntry(fname='C:\\Windows\\Fonts\\JUICE___.TTF', index=0, name='Juice ITC', style='normal', variant='normal', weight=400, stretch='normal', size='scalable')) = 10.05
2026-08-07 15:08:41,387 - DEBUG - findfont: score(FontEntry(fname='C:\\Windows\\Fonts\\courbd.ttf', index=0, name='Courier New', style='normal', variant='normal', weight=700, stretch='normal', size='scalable')) = 10.335
2026-08-07 15:08:41,387 - DEBUG - findfont: score(FontEntry(fname='C:\\Windows\\Fonts\\AGENCYB.TTF', index=0, name='Agency FB', style='normal', variant='normal', weight=700, stretch='normal', size='scalable')) = 10.335
2026-08-07 15:08:41,387 - DEBUG - findfont: score(FontEntry(fname='C:\\Windows\\Fonts\\TTMIGAS.ttf', index=0, name='MapInfo Gas', style='normal', variant='normal', weight=400, stretch='normal', size='scalable')) = 10.05
2026-08-07 15:08:41,387 - DEBUG - findfont: score(FontEntry(fname='C:\\Windows\\Fonts\\LTYPEB.TTF', index=0, name='Lucida Sans Typewriter', style='normal', variant='normal', weight=600, stretch='normal', size='scalable')) = 10.24
2026-08-07 15:08:41,387 - DEBUG - findfont: score(FontEntry(fname='C:\\Windows\\Fonts\\GLECB.TTF', index=0, name='Gloucester MT Extra Condensed', style='normal', variant='normal', weight=400, stretch='condensed', size='scalable')) = 10.25
2026-08-07 15:08:41,387 - DEBUG - findfont: score(FontEntry(fname='C:\\Windows\\Fonts\\Milmod02.ttf', index=0, name='Mil SymMod 02', style='normal', variant='normal', weight=400, stretch='normal', size='scalable')) = 10.05
2026-08-07 15:08:41,387 - DEBUG - findfont: score(FontEntry(fname='C:\\Program Files\\MapInfo\\Professional\\Python310\\Lib\\site-packages\\matplotlib\\mpl-data\\fonts\\ttf\\DejaVuSans-BoldOblique.ttf', index=0, name='DejaVu Sans', style='oblique', variant='normal', weight=700, stretch='normal', size='scalable')) = 1.335
2026-08-07 15:08:41,387 - DEBUG - findfont: score(FontEntry(fname='C:\\Windows\\Fonts\\INFROMAN.TTF', index=0, name='Informal Roman', style='normal', variant='normal', weight=400, stretch='normal', size='scalable')) = 10.05
2026-08-07 15:08:41,387 - DEBUG - findfont: score(FontEntry(fname='C:\\Windows\\Fonts\\MAPSYM.TTF', index=0, name='Map Symbols', style='normal', variant='normal', weight=400, stretch='normal', size='scalable')) = 10.05
2026-08-07 15:08:41,387 - DEBUG - findfont: score(FontEntry(fname='C:\\Windows\\Fonts\\timesi.ttf', index=0, name='Times New Roman', style='italic', variant='normal', weight=400, stretch='normal', size='scalable')) = 11.05
2026-08-07 15:08:41,387 - DEBUG - findfont: score(FontEntry(fname='C:\\Windows\\Fonts\\CALIFI.TTF', index=0, name='Californian FB', style='italic', variant='normal', weight=400, stretch='normal', size='scalable')) = 11.05
2026-08-07 15:08:41,398 - DEBUG - findfont: score(FontEntry(fname='C:\\Program Files\\MapInfo\\Professional\\Python310\\Lib\\site-packages\\matplotlib\\mpl-data\\fonts\\ttf\\DejaVuSansMono-Bold.ttf', index=0, name='DejaVu Sans Mono', style='normal', variant='normal', weight=700, stretch='normal', size='scalable')) = 10.335
2026-08-07 15:08:41,398 - DEBUG - findfont: score(FontEntry(fname='C:\\Windows\\Fonts\\lucon.ttf', index=0, name='Lucida Console', style='normal', variant='normal', weight=400, stretch='normal', size='scalable')) = 10.05
2026-08-07 15:08:41,398 - DEBUG - findfont: score(FontEntry(fname='C:\\Windows\\Fonts\\esri_1.ttf', index=0, name='ESRI Cartography', style='normal', variant='normal', weight=400, stretch='normal', size='scalable')) = 10.05
2026-08-07 15:08:41,398 - DEBUG - findfont: score(FontEntry(fname='C:\\Windows\\Fonts\\OCRAEXT.TTF', index=0, name='OCR A Extended', style='normal', variant='normal', weight=400, stretch='expanded', size='scalable')) = 10.25
2026-08-07 15:08:41,398 - DEBUG - findfont: score(FontEntry(fname='C:\\Windows\\Fonts\\MapInfo_dispersed_groups.ttf', index=0, name='MapInfo Dispersed Groups', style='normal', variant='normal', weight=400, stretch='normal', size='scalable')) = 10.05
2026-08-07 15:08:41,398 - DEBUG - findfont: score(FontEntry(fname='C:\\Windows\\Fonts\\MapInfo_dispersed_groups.ttf', index=0, name='MapInfo Symbols', style='normal', variant='normal', weight=400, stretch='normal', size='scalable')) = 10.05
2026-08-07 15:08:41,398 - DEBUG - findfont: score(FontEntry(fname='C:\\Windows\\Fonts\\esri_153.ttf', index=0, name='ESRI AMFM Water', style='normal', variant='normal', weight=400, stretch='normal', size='scalable')) = 10.05
2026-08-07 15:08:41,398 - DEBUG - findfont: score(FontEntry(fname='C:\\Windows\\Fonts\\esri_12.ttf', index=0, name='ESRI NIMA DNC PT', style='normal', variant='normal', weight=400, stretch='normal', size='scalable')) = 10.05
2026-08-07 15:08:41,398 - DEBUG - findfont: score(FontEntry(fname='C:\\Windows\\Fonts\\consolaz.ttf', index=0, name='Consolas', style='italic', variant='normal', weight=700, stretch='normal', size='scalable')) = 11.335
2026-08-07 15:08:41,398 - DEBUG - findfont: score(FontEntry(fname='C:\\Windows\\Fonts\\framd.ttf', index=0, name='Franklin Gothic Medium', style='normal', variant='normal', weight=400, stretch='normal', size='scalable')) = 10.05
2026-08-07 15:08:41,398 - DEBUG - findfont: score(FontEntry(fname='C:\\Windows\\Fonts\\RURN____.TTF', index=0, name='Russian1', style='normal', variant='normal', weight=400, stretch='normal', size='scalable')) = 10.05
2026-08-07 15:08:41,398 - DEBUG - findfont: score(FontEntry(fname='C:\\Windows\\Fonts\\SCHLBKBI.TTF', index=0, name='Century Schoolbook', style='italic', variant='normal', weight=700, stretch='normal', size='scalable')) = 11.335
2026-08-07 15:08:41,398 - DEBUG - findfont: score(FontEntry(fname='C:\\Windows\\Fonts\\GOUDOSI.TTF', index=0, name='Goudy Old Style', style='italic', variant='normal', weight=400, stretch='normal', size='scalable')) = 11.05
2026-08-07 15:08:41,398 - DEBUG - findfont: score(FontEntry(fname='C:\\Windows\\Fonts\\segoeuii.ttf', index=0, name='Segoe UI', style='italic', variant='normal', weight=400, stretch='normal', size='scalable')) = 11.05
2026-08-07 15:08:41,398 - DEBUG - findfont: score(FontEntry(fname='C:\\Windows\\Fonts\\esri_13.ttf', index=0, name='ESRI NIMA DNC LN', style='normal', variant='normal', weight=400, stretch='normal', size='scalable')) = 10.05
2026-08-07 15:08:41,398 - DEBUG - findfont: score(FontEntry(fname='C:\\Windows\\Fonts\\esri_159.ttf', index=0, name='ESRI Hydrants', style='normal', variant='normal', weight=400, stretch='normal', size='scalable')) = 10.05
2026-08-07 15:08:41,398 - DEBUG - findfont: score(FontEntry(fname='C:\\Windows\\Fonts\\impact.ttf', index=0, name='Impact', style='normal', variant='normal', weight=400, stretch='normal', size='scalable')) = 10.05
2026-08-07 15:08:41,398 - DEBUG - findfont: score(FontEntry(fname='C:\\Windows\\Fonts\\BOOKOS.TTF', index=0, name='Bookman Old Style', style='normal', variant='normal', weight=300, stretch='normal', size='scalable')) = 10.145
2026-08-07 15:08:41,398 - DEBUG - findfont: score(FontEntry(fname='C:\\Windows\\Fonts\\ERS_v2_Operations_S1_sym.ttf', index=0, name='ERS v2 Operations Stage 01', style='normal', variant='normal', weight=400, stretch='normal', size='scalable')) = 10.05
2026-08-07 15:08:41,398 - DEBUG - findfont: score(FontEntry(fname='C:\\Windows\\Fonts\\ebrima.ttf', index=0, name='Ebrima', style='normal', variant='normal', weight=400, stretch='normal', size='scalable')) = 10.05
2026-08-07 15:08:41,398 - DEBUG - findfont: score(FontEntry(fname='C:\\Windows\\Fonts\\ITCEDSCR.TTF', index=0, name='Edwardian Script ITC', style='normal', variant='normal', weight=400, stretch='normal', size='scalable')) = 10.05
2026-08-07 15:08:41,398 - DEBUG - findfont: score(FontEntry(fname='C:\\Program Files\\MapInfo\\Professional\\Python310\\Lib\\site-packages\\matplotlib\\mpl-data\\fonts\\ttf\\STIXGeneralBol.ttf', index=0, name='STIXGeneral', style='normal', variant='normal', weight=700, stretch='normal', size='scalable')) = 10.335
2026-08-07 15:08:41,398 - DEBUG - findfont: score(FontEntry(fname='C:\\Windows\\Fonts\\segoepr.ttf', index=0, name='Segoe Print', style='normal', variant='normal', weight=400, stretch='normal', size='scalable')) = 10.05
2026-08-07 15:08:41,398 - DEBUG - findfont: score(FontEntry(fname='C:\\Windows\\Fonts\\BRLNSDB.TTF', index=0, name='Berlin Sans FB Demi', style='normal', variant='normal', weight=700, stretch='normal', size='scalable')) = 10.335
2026-08-07 15:08:41,398 - DEBUG - findfont: score(FontEntry(fname='C:\\Windows\\Fonts\\esri_405.ttf', index=0, name='ESRI Elements', style='normal', variant='normal', weight=400, stretch='normal', size='scalable')) = 10.05
2026-08-07 15:08:41,398 - DEBUG - findfont: score(FontEntry(fname='C:\\Program Files\\MapInfo\\Professional\\Python310\\Lib\\site-packages\\matplotlib\\mpl-data\\fonts\\ttf\\DejaVuSansDisplay.ttf', index=0, name='DejaVu Sans Display', style='normal', variant='normal', weight=400, stretch='normal', size='scalable')) = 10.05
2026-08-07 15:08:41,398 - DEBUG - findfont: score(FontEntry(fname='C:\\Windows\\Fonts\\ERS_v2_Infrastructures_S1_sym.ttf', index=0, name='ERS v2 Infrastructures Stage 01', style='normal', variant='normal', weight=400, stretch='normal', size='scalable')) = 10.05
2026-08-07 15:08:41,398 - DEBUG - findfont: score(FontEntry(fname='C:\\Windows\\Fonts\\FRAMDCN.TTF', index=0, name='Franklin Gothic Medium Cond', style='normal', variant='normal', weight=400, stretch='condensed', size='scalable')) = 10.25
2026-08-07 15:08:41,398 - DEBUG - findfont: score(FontEntry(fname='C:\\Windows\\Fonts\\NIAGSOL.TTF', index=0, name='Niagara Solid', style='normal', variant='normal', weight=400, stretch='normal', size='scalable')) = 10.05
2026-08-07 15:08:41,398 - DEBUG - findfont: score(FontEntry(fname='C:\\Windows\\Fonts\\SHOWG.TTF', index=0, name='Showcard Gothic', style='normal', variant='normal', weight=400, stretch='normal', size='scalable')) = 10.05
2026-08-07 15:08:41,398 - DEBUG - findfont: score(FontEntry(fname='C:\\Windows\\Fonts\\LSANSDI.TTF', index=0, name='Lucida Sans', style='italic', variant='normal', weight=600, stretch='normal', size='scalable')) = 11.24
2026-08-07 15:08:41,398 - DEBUG - findfont: score(FontEntry(fname='C:\\Windows\\Fonts\\esri_24.ttf', index=0, name='ESRI MilSym 04', style='normal', variant='normal', weight=400, stretch='normal', size='scalable')) = 10.05
2026-08-07 15:08:41,398 - DEBUG - findfont: score(FontEntry(fname='C:\\Windows\\Fonts\\TCMI____.TTF', index=0, name='Tw Cen MT', style='italic', variant='normal', weight=400, stretch='normal', size='scalable')) = 11.05
2026-08-07 15:08:41,398 - DEBUG - findfont: score(FontEntry(fname='C:\\Windows\\Fonts\\PrecisionSans_W_MdIt.ttf', index=0, name='Precision Sans W', style='italic', variant='normal', weight=500, stretch='normal', size='scalable')) = 11.145
2026-08-07 15:08:41,398 - DEBUG - findfont: score(FontEntry(fname='C:\\Windows\\Fonts\\PrecisionSans_W_MdIt.ttf', index=0, name='Precision Sans W Medium', style='italic', variant='normal', weight=400, stretch='normal', size='scalable')) = 11.05
2026-08-07 15:08:41,398 - DEBUG - findfont: score(FontEntry(fname='C:\\Windows\\Fonts\\BELL.TTF', index=0, name='Bell MT', style='normal', variant='normal', weight=400, stretch='normal', size='scalable')) = 10.05
2026-08-07 15:08:41,398 - DEBUG - findfont: score(FontEntry(fname='C:\\Windows\\Fonts\\Milsym05.ttf', index=0, name='Mil Symbols 05', style='normal', variant='normal', weight=400, stretch='normal', size='scalable')) = 10.05
2026-08-07 15:08:41,398 - DEBUG - findfont: score(FontEntry(fname='C:\\Windows\\Fonts\\palabi.ttf', index=0, name='Palatino Linotype', style='italic', variant='normal', weight=700, stretch='normal', size='scalable')) = 11.335
2026-08-07 15:08:41,398 - DEBUG - findfont: score(FontEntry(fname='C:\\Windows\\Fonts\\BRITANIC.TTF', index=0, name='Britannic Bold', style='normal', variant='normal', weight=400, stretch='normal', size='scalable')) = 10.05
2026-08-07 15:08:41,398 - DEBUG - findfont: score(FontEntry(fname='C:\\Windows\\Fonts\\GLSNECB.TTF', index=0, name='Gill Sans MT Ext Condensed Bold', style='normal', variant='normal', weight=400, stretch='condensed', size='scalable')) = 10.25
2026-08-07 15:08:41,398 - DEBUG - findfont: score(FontEntry(fname='C:\\Windows\\Fonts\\RAGE.TTF', index=0, name='Rage Italic', style='italic', variant='normal', weight=400, stretch='normal', size='scalable')) = 11.05
2026-08-07 15:08:41,403 - DEBUG - findfont: score(FontEntry(fname='C:\\Windows\\Fonts\\LFAXI.TTF', index=0, name='Lucida Fax', style='italic', variant='normal', weight=400, stretch='normal', size='scalable')) = 11.05
2026-08-07 15:08:41,403 - DEBUG - findfont: score(FontEntry(fname='C:\\Windows\\Fonts\\segmdl2.ttf', index=0, name='Segoe MDL2 Assets', style='normal', variant='normal', weight=400, stretch='normal', size='scalable')) = 10.05
2026-08-07 15:08:41,403 - DEBUG - findfont: score(FontEntry(fname='C:\\Program Files\\MapInfo\\Professional\\Python310\\Lib\\site-packages\\matplotlib\\mpl-data\\fonts\\ttf\\DejaVuSans.ttf', index=0, name='DejaVu Sans', style='normal', variant='normal', weight=400, stretch='normal', size='scalable')) = 0.05
2026-08-07 15:08:41,403 - DEBUG - findfont: score(FontEntry(fname='C:\\Windows\\Fonts\\MAGNETOB.TTF', index=0, name='Magneto', style='normal', variant='normal', weight=700, stretch='normal', size='scalable')) = 10.335
2026-08-07 15:08:41,403 - DEBUG - findfont: score(FontEntry(fname='C:\\Windows\\Fonts\\GRPN____.TTF', index=0, name='GreekPlus', style='normal', variant='normal', weight=400, stretch='normal', size='scalable')) = 10.05
2026-08-07 15:08:41,403 - DEBUG - findfont: score(FontEntry(fname='C:\\Windows\\Fonts\\esri_25.ttf', index=0, name='ESRI MilSym 05', style='normal', variant='normal', weight=400, stretch='normal', size='scalable')) = 10.05
2026-08-07 15:08:41,403 - DEBUG - findfont: score(FontEntry(fname='C:\\Windows\\Fonts\\ANTQUABI.TTF', index=0, name='Book Antiqua', style='italic', variant='normal', weight=700, stretch='normal', size='scalable')) = 11.335
2026-08-07 15:08:41,403 - DEBUG - findfont: score(FontEntry(fname='C:\\Windows\\Fonts\\segoeprb.ttf', index=0, name='Segoe Print', style='normal', variant='normal', weight=700, stretch='normal', size='scalable')) = 10.335
2026-08-07 15:08:41,403 - DEBUG - findfont: score(FontEntry(fname='C:\\Windows\\Fonts\\trebuc.ttf', index=0, name='Trebuchet MS', style='normal', variant='normal', weight=400, stretch='normal', size='scalable')) = 10.05
2026-08-07 15:08:41,403 - DEBUG - findfont: score(FontEntry(fname='C:\\Windows\\Fonts\\PrecisionSans_W_BdIt.ttf', index=0, name='Precision Sans W', style='italic', variant='normal', weight=700, stretch='normal', size='scalable')) = 11.335
2026-08-07 15:08:41,403 - DEBUG - findfont: score(FontEntry(fname='C:\\Windows\\Fonts\\LeelUIsl.ttf', index=0, name='Leelawadee UI', style='normal', variant='normal', weight=350, stretch='normal', size='scalable')) = 10.0975
2026-08-07 15:08:41,403 - DEBUG - findfont: score(FontEntry(fname='C:\\Windows\\Fonts\\LeelUIsl.ttf', index=0, name='Leelawadee UI Semilight', style='normal', variant='normal', weight=400, stretch='normal', size='scalable')) = 10.05
2026-08-07 15:08:41,403 - DEBUG - findfont: score(FontEntry(fname='C:\\Windows\\Fonts\\BRLNSR.TTF', index=0, name='Berlin Sans FB', style='normal', variant='normal', weight=400, stretch='normal', size='scalable')) = 10.05
2026-08-07 15:08:41,403 - DEBUG - findfont: score(FontEntry(fname='C:\\Program Files\\MapInfo\\Professional\\Python310\\Lib\\site-packages\\matplotlib\\mpl-data\\fonts\\ttf\\DejaVuSerif-Bold.ttf', index=0, name='DejaVu Serif', style='normal', variant='normal', weight=700, stretch='normal', size='scalable')) = 10.335
2026-08-07 15:08:41,403 - DEBUG - findfont: score(FontEntry(fname='C:\\Windows\\Fonts\\esri_5.ttf', index=0, name='ESRI Weather', style='normal', variant='normal', weight=400, stretch='normal', size='scalable')) = 10.05
2026-08-07 15:08:41,403 - DEBUG - findfont: score(FontEntry(fname='C:\\Windows\\Fonts\\calibrili.ttf', index=0, name='Calibri', style='italic', variant='normal', weight=300, stretch='normal', size='scalable')) = 11.145
2026-08-07 15:08:41,403 - DEBUG - findfont: score(FontEntry(fname='C:\\Windows\\Fonts\\calibrili.ttf', index=0, name='Calibri Light', style='italic', variant='normal', weight=400, stretch='normal', size='scalable')) = 11.05
2026-08-07 15:08:41,403 - DEBUG - findfont: score(FontEntry(fname='C:\\Windows\\Fonts\\ROCC____.TTF', index=0, name='Rockwell Condensed', style='normal', variant='normal', weight=400, stretch='condensed', size='scalable')) = 10.25
2026-08-07 15:08:41,403 - DEBUG - findfont: score(FontEntry(fname='C:\\Windows\\Fonts\\OLDENGL.TTF', index=0, name='Old English Text MT', style='normal', variant='normal', weight=400, stretch='normal', size='scalable')) = 10.05
2026-08-07 15:08:41,403 - DEBUG - findfont: score(FontEntry(fname='C:\\Windows\\Fonts\\ERS_v2_Incidents_sym.ttf', index=0, name='ERS v2 Incidents', style='normal', variant='normal', weight=400, stretch='normal', size='scalable')) = 10.05
2026-08-07 15:08:41,403 - DEBUG - findfont: score(FontEntry(fname='C:\\Windows\\Fonts\\PERTILI.TTF', index=0, name='Perpetua Titling MT', style='normal', variant='normal', weight=300, stretch='normal', size='scalable')) = 10.145
2026-08-07 15:08:41,403 - DEBUG - findfont: score(FontEntry(fname='C:\\Windows\\Fonts\\ROCKBI.TTF', index=0, name='Rockwell', style='italic', variant='normal', weight=700, stretch='normal', size='scalable')) = 11.335
2026-08-07 15:08:41,403 - DEBUG - findfont: score(FontEntry(fname='C:\\Windows\\Fonts\\esri_800.ttf', index=0, name='ESRI Enviro Hazard Incident', style='normal', variant='normal', weight=400, stretch='normal', size='scalable')) = 10.05
2026-08-07 15:08:41,403 - DEBUG - findfont: score(FontEntry(fname='C:\\Windows\\Fonts\\HTOWERTI.TTF', index=0, name='High Tower Text', style='italic', variant='normal', weight=400, stretch='normal', size='scalable')) = 11.05
2026-08-07 15:08:41,403 - DEBUG - findfont: score(FontEntry(fname='C:\\Windows\\Fonts\\AGENCYR.TTF', index=0, name='Agency FB', style='normal', variant='normal', weight=400, stretch='normal', size='scalable')) = 10.05
2026-08-07 15:08:41,403 - DEBUG - findfont: score(FontEntry(fname='C:\\Windows\\Fonts\\segoesc.ttf', index=0, name='Segoe Script', style='normal', variant='normal', weight=400, stretch='normal', size='scalable')) = 10.05
2026-08-07 15:08:41,403 - DEBUG - findfont: score(FontEntry(fname='C:\\Windows\\Fonts\\ITCBLKAD.TTF', index=0, name='Blackadder ITC', style='normal', variant='normal', weight=400, stretch='normal', size='scalable')) = 10.05
2026-08-07 15:08:41,403 - DEBUG - findfont: score(FontEntry(fname='C:\\Windows\\Fonts\\HTOWERT.TTF', index=0, name='High Tower Text', style='normal', variant='normal', weight=400, stretch='normal', size='scalable')) = 10.05
2026-08-07 15:08:41,403 - DEBUG - findfont: score(FontEntry(fname='C:\\Windows\\Fonts\\calibri.ttf', index=0, name='Calibri', style='normal', variant='normal', weight=400, stretch='normal', size='scalable')) = 10.05
2026-08-07 15:08:41,403 - DEBUG - findfont: score(FontEntry(fname='C:\\Windows\\Fonts\\GILSANUB.TTF', index=0, name='Gill Sans Ultra Bold', style='normal', variant='normal', weight=400, stretch='normal', size='scalable')) = 10.05
2026-08-07 15:08:41,403 - DEBUG - findfont: score(FontEntry(fname='C:\\Windows\\Fonts\\TTMIERH.ttf', index=0, name='MapInfo ER Hazmat', style='normal', variant='normal', weight=400, stretch='normal', size='scalable')) = 10.05
2026-08-07 15:08:41,403 - DEBUG - findfont: score(FontEntry(fname='C:\\Windows\\Fonts\\msyhl.ttc', index=0, name='Microsoft YaHei', style='normal', variant='normal', weight=290, stretch='normal', size='scalable')) = 10.1545
2026-08-07 15:08:41,403 - DEBUG - findfont: score(FontEntry(fname='C:\\Windows\\Fonts\\msyhl.ttc', index=0, name='Microsoft YaHei Light', style='normal', variant='normal', weight=400, stretch='normal', size='scalable')) = 10.05
2026-08-07 15:08:41,403 - DEBUG - findfont: score(FontEntry(fname='C:\\Windows\\Fonts\\msyhl.ttc', index=1, name='Microsoft YaHei UI', style='normal', variant='normal', weight=290, stretch='normal', size='scalable')) = 10.1545
2026-08-07 15:08:41,403 - DEBUG - findfont: score(FontEntry(fname='C:\\Windows\\Fonts\\msyhl.ttc', index=1, name='Microsoft YaHei UI Light', style='normal', variant='normal', weight=400, stretch='normal', size='scalable')) = 10.05
2026-08-07 15:08:41,403 - DEBUG - findfont: score(FontEntry(fname='C:\\Windows\\Fonts\\constanz.ttf', index=0, name='Constantia', style='italic', variant='normal', weight=700, stretch='normal', size='scalable')) = 11.335
2026-08-07 15:08:41,403 - DEBUG - findfont: score(FontEntry(fname='C:\\Windows\\Fonts\\Milsym02.ttf', index=0, name='Mil Symbols 02', style='normal', variant='normal', weight=400, stretch='normal', size='scalable')) = 10.05
2026-08-07 15:08:41,403 - DEBUG - findfont: score(FontEntry(fname='C:\\Windows\\Fonts\\FRAHV.TTF', index=0, name='Franklin Gothic Heavy', style='normal', variant='normal', weight=400, stretch='normal', size='scalable')) = 10.05
2026-08-07 15:08:41,403 - DEBUG - findfont: score(FontEntry(fname='C:\\Program Files\\MapInfo\\Professional\\Python310\\Lib\\site-packages\\matplotlib\\mpl-data\\fonts\\ttf\\STIXSizOneSymReg.ttf', index=0, name='STIXSizeOneSym', style='normal', variant='normal', weight=400, stretch='normal', size='scalable')) = 10.05
2026-08-07 15:08:41,403 - DEBUG - findfont: score(FontEntry(fname='C:\\Windows\\Fonts\\COLONNA.TTF', index=0, name='Colonna MT', style='normal', variant='normal', weight=400, stretch='normal', size='scalable')) = 10.05
2026-08-07 15:08:41,403 - DEBUG - findfont: score(FontEntry(fname='C:\\Windows\\Fonts\\verdanab.ttf', index=0, name='Verdana', style='normal', variant='normal', weight=700, stretch='normal', size='scalable')) = 3.9713636363636367
2026-08-07 15:08:41,403 - DEBUG - findfont: score(FontEntry(fname='C:\\Windows\\Fonts\\times.ttf', index=0, name='Times New Roman', style='normal', variant='normal', weight=400, stretch='normal', size='scalable')) = 10.05
2026-08-07 15:08:41,403 - DEBUG - findfont: score(FontEntry(fname='C:\\Windows\\Fonts\\constanb.ttf', index=0, name='Constantia', style='normal', variant='normal', weight=700, stretch='normal', size='scalable')) = 10.335
2026-08-07 15:08:41,403 - DEBUG - findfont: score(FontEntry(fname='C:\\Windows\\Fonts\\ERS_v2_Infrastructures_S4_sym.ttf', index=0, name='ERS v2 Infrastructures Stage 04', style='normal', variant='normal', weight=400, stretch='normal', size='scalable')) = 10.05
2026-08-07 15:08:41,403 - DEBUG - findfont: score(FontEntry(fname='C:\\Windows\\Fonts\\PrecisionSans_W_Md.ttf', index=0, name='Precision Sans W', style='normal', variant='normal', weight=500, stretch='normal', size='scalable')) = 10.145
2026-08-07 15:08:41,403 - DEBUG - findfont: score(FontEntry(fname='C:\\Windows\\Fonts\\PrecisionSans_W_Md.ttf', index=0, name='Precision Sans W Medium', style='normal', variant='normal', weight=400, stretch='normal', size='scalable')) = 10.05
2026-08-07 15:08:41,403 - DEBUG - findfont: score(FontEntry(fname='C:\\Windows\\Fonts\\corbeli.ttf', index=0, name='Corbel', style='italic', variant='normal', weight=400, stretch='normal', size='scalable')) = 11.05
2026-08-07 15:08:41,403 - DEBUG - findfont: score(FontEntry(fname='C:\\Windows\\Fonts\\calibril.ttf', index=0, name='Calibri', style='normal', variant='normal', weight=300, stretch='normal', size='scalable')) = 10.145
2026-08-07 15:08:41,403 - DEBUG - findfont: score(FontEntry(fname='C:\\Windows\\Fonts\\calibril.ttf', index=0, name='Calibri Light', style='normal', variant='normal', weight=400, stretch='normal', size='scalable')) = 10.05
2026-08-07 15:08:41,403 - DEBUG - findfont: score(FontEntry(fname='C:\\Windows\\Fonts\\ARMON___.TTF', index=0, name='Armenian4', style='normal', variant='normal', weight=400, stretch='normal', size='scalable')) = 10.05
2026-08-07 15:08:41,403 - DEBUG - findfont: score(FontEntry(fname='C:\\Program Files\\MapInfo\\Professional\\Python310\\Lib\\site-packages\\matplotlib\\mpl-data\\fonts\\ttf\\cmtt10.ttf', index=0, name='cmtt10', style='normal', variant='normal', weight=400, stretch='normal', size='scalable')) = 10.05
2026-08-07 15:08:41,403 - DEBUG - findfont: score(FontEntry(fname='C:\\Windows\\Fonts\\MapInfo World POI.ttf', index=0, name='MapInfo World POI', style='normal', variant='normal', weight=400, stretch='normal', size='scalable')) = 10.05
2026-08-07 15:08:41,403 - DEBUG - findfont: score(FontEntry(fname='C:\\Windows\\Fonts\\phagspa.ttf', index=0, name='Microsoft PhagsPa', style='normal', variant='normal', weight=400, stretch='normal', size='scalable')) = 10.05
2026-08-07 15:08:41,403 - DEBUG - findfont: score(FontEntry(fname='C:\\Windows\\Fonts\\BKANT.TTF', index=0, name='Book Antiqua', style='normal', variant='normal', weight=400, stretch='normal', size='scalable')) = 10.05
2026-08-07 15:08:41,403 - DEBUG - findfont: score(FontEntry(fname='C:\\Windows\\Fonts\\TTMIMI__.TTF', index=0, name='MapInfo Miscellaneous', style='normal', variant='normal', weight=400, stretch='normal', size='scalable')) = 10.05
2026-08-07 15:08:41,403 - DEBUG - findfont: score(FontEntry(fname='C:\\Windows\\Fonts\\msyhbd.ttc', index=0, name='Microsoft YaHei', style='normal', variant='normal', weight=700, stretch='normal', size='scalable')) = 10.335
2026-08-07 15:08:41,403 - DEBUG - findfont: score(FontEntry(fname='C:\\Windows\\Fonts\\msyhbd.ttc', index=1, name='Microsoft YaHei UI', style='normal', variant='normal', weight=700, stretch='normal', size='scalable')) = 10.335
2026-08-07 15:08:41,403 - DEBUG - findfont: score(FontEntry(fname='C:\\Windows\\Fonts\\PERI____.TTF', index=0, name='Perpetua', style='italic', variant='normal', weight=400, stretch='normal', size='scalable')) = 11.05
2026-08-07 15:08:41,403 - DEBUG - findfont: score(FontEntry(fname='C:\\Windows\\Fonts\\gadugi.ttf', index=0, name='Gadugi', style='normal', variant='normal', weight=400, stretch='normal', size='scalable')) = 10.05
2026-08-07 15:08:41,403 - DEBUG - findfont: score(FontEntry(fname='C:\\Windows\\Fonts\\taile.ttf', index=0, name='Microsoft Tai Le', style='normal', variant='normal', weight=400, stretch='normal', size='scalable')) = 10.05
2026-08-07 15:08:41,403 - DEBUG - findfont: score(FontEntry(fname='C:\\Windows\\Fonts\\Etstc___.ttf', index=0, name='ET Structural Canada', style='normal', variant='normal', weight=400, stretch='normal', size='scalable')) = 10.05
2026-08-07 15:08:41,403 - DEBUG - findfont: score(FontEntry(fname='C:\\Windows\\Fonts\\ONYX.TTF', index=0, name='Onyx', style='normal', variant='normal', weight=400, stretch='normal', size='scalable')) = 10.05
2026-08-07 15:08:41,403 - DEBUG - findfont: score(FontEntry(fname='C:\\Windows\\Fonts\\YuGothL.ttc', index=0, name='Yu Gothic', style='normal', variant='normal', weight=300, stretch='normal', size='scalable')) = 10.145
2026-08-07 15:08:41,403 - DEBUG - findfont: score(FontEntry(fname='C:\\Windows\\Fonts\\YuGothL.ttc', index=0, name='Yu Gothic Light', style='normal', variant='normal', weight=400, stretch='normal', size='scalable')) = 10.05
2026-08-07 15:08:41,403 - DEBUG - findfont: score(FontEntry(fname='C:\\Windows\\Fonts\\YuGothL.ttc', index=1, name='Yu Gothic UI', style='normal', variant='normal', weight=300, stretch='normal', size='scalable')) = 10.145
2026-08-07 15:08:41,403 - DEBUG - findfont: score(FontEntry(fname='C:\\Windows\\Fonts\\YuGothL.ttc', index=1, name='Yu Gothic UI Light', style='normal', variant='normal', weight=400, stretch='normal', size='scalable')) = 10.05
2026-08-07 15:08:41,403 - DEBUG - findfont: score(FontEntry(fname='C:\\Windows\\Fonts\\ETWATER_.TTF', index=0, name='ET Water', style='normal', variant='normal', weight=400, stretch='normal', size='scalable')) = 10.05
2026-08-07 15:08:41,403 - DEBUG - findfont: score(FontEntry(fname='C:\\Program Files\\MapInfo\\Professional\\Python310\\Lib\\site-packages\\matplotlib\\mpl-data\\fonts\\ttf\\DejaVuSansMono.ttf', index=0, name='DejaVu Sans Mono', style='normal', variant='normal', weight=400, stretch='normal', size='scalable')) = 10.05
2026-08-07 15:08:41,403 - DEBUG - findfont: score(FontEntry(fname='C:\\Windows\\Fonts\\Mapst_0.ttf', index=0, name='MapSheets', style='normal', variant='normal', weight=400, stretch='normal', size='scalable')) = 10.05
2026-08-07 15:08:41,403 - DEBUG - findfont: score(FontEntry(fname='C:\\Windows\\Fonts\\ariali.ttf', index=0, name='Arial', style='italic', variant='normal', weight=400, stretch='normal', size='scalable')) = 7.413636363636363
2026-08-07 15:08:41,403 - DEBUG - findfont: score(FontEntry(fname='C:\\Windows\\Fonts\\ROCKEB.TTF', index=0, name='Rockwell Extra Bold', style='normal', variant='normal', weight=800, stretch='normal', size='scalable')) = 10.43
2026-08-07 15:08:41,403 - DEBUG - findfont: score(FontEntry(fname='C:\\Windows\\Fonts\\webdings.ttf', index=0, name='Webdings', style='normal', variant='normal', weight=400, stretch='normal', size='scalable')) = 10.05
2026-08-07 15:08:41,403 - DEBUG - findfont: score(FontEntry(fname='C:\\Windows\\Fonts\\YuGothM.ttc', index=0, name='Yu Gothic', style='normal', variant='normal', weight=500, stretch='normal', size='scalable')) = 10.145
2026-08-07 15:08:41,403 - DEBUG - findfont: score(FontEntry(fname='C:\\Windows\\Fonts\\YuGothM.ttc', index=0, name='Yu Gothic Medium', style='normal', variant='normal', weight=400, stretch='normal', size='scalable')) = 10.05
2026-08-07 15:08:41,403 - DEBUG - findfont: score(FontEntry(fname='C:\\Windows\\Fonts\\YuGothM.ttc', index=1, name='Yu Gothic UI', style='normal', variant='normal', weight=400, stretch='normal', size='scalable')) = 10.05
2026-08-07 15:08:41,403 - DEBUG - findfont: score(FontEntry(fname='C:\\Windows\\Fonts\\ERASLGHT.TTF', index=0, name='Eras Light ITC', style='normal', variant='normal', weight=400, stretch='normal', size='scalable')) = 10.05
2026-08-07 15:08:41,403 - DEBUG - findfont: score(FontEntry(fname='C:\\Windows\\Fonts\\corbel.ttf', index=0, name='Corbel', style='normal', variant='normal', weight=400, stretch='normal', size='scalable')) = 10.05
2026-08-07 15:08:41,403 - DEBUG - findfont: score(FontEntry(fname='C:\\Program Files\\MapInfo\\Professional\\Python310\\Lib\\site-packages\\matplotlib\\mpl-data\\fonts\\ttf\\DejaVuSerif-Italic.ttf', index=0, name='DejaVu Serif', style='italic', variant='normal', weight=400, stretch='normal', size='scalable')) = 11.05
2026-08-07 15:08:41,403 - DEBUG - findfont: score(FontEntry(fname='C:\\Windows\\Fonts\\TCCB____.TTF', index=0, name='Tw Cen MT Condensed', style='normal', variant='normal', weight=700, stretch='condensed', size='scalable')) = 10.535
2026-08-07 15:08:41,403 - DEBUG - findfont: score(FontEntry(fname='C:\\Windows\\Fonts\\palai.ttf', index=0, name='Palatino Linotype', style='italic', variant='normal', weight=400, stretch='normal', size='scalable')) = 11.05
2026-08-07 15:08:41,403 - DEBUG - findfont: score(FontEntry(fname='C:\\Windows\\Fonts\\TTMIAR__.TTF', index=0, name='MapInfo Arrows', style='normal', variant='normal', weight=400, stretch='normal', size='scalable')) = 10.05
2026-08-07 15:08:41,403 - DEBUG - findfont: score(FontEntry(fname='C:\\Windows\\Fonts\\LFAXDI.TTF', index=0, name='Lucida Fax', style='italic', variant='normal', weight=600, stretch='normal', size='scalable')) = 11.24
2026-08-07 15:08:41,403 - DEBUG - findfont: score(FontEntry(fname='C:\\Windows\\Fonts\\LSANSI.TTF', index=0, name='Lucida Sans', style='italic', variant='normal', weight=400, stretch='normal', size='scalable')) = 11.05
2026-08-07 15:08:41,403 - DEBUG - findfont: score(FontEntry(fname='C:\\Windows\\Fonts\\esri_144.ttf', index=0, name='ESRI Arrowhead', style='normal', variant='normal', weight=400, stretch='normal', size='scalable')) = 10.05
2026-08-07 15:08:41,403 - DEBUG - findfont: score(FontEntry(fname='C:\\Windows\\Fonts\\PLAYBILL.TTF', index=0, name='Playbill', style='normal', variant='normal', weight=400, stretch='normal', size='scalable')) = 10.05
2026-08-07 15:08:41,403 - DEBUG - findfont: score(FontEntry(fname='C:\\Windows\\Fonts\\CALISTBI.TTF', index=0, name='Calisto MT', style='italic', variant='normal', weight=700, stretch='normal', size='scalable')) = 11.335
2026-08-07 15:08:41,403 - DEBUG - findfont: score(FontEntry(fname='C:\\Windows\\Fonts\\seguisbi.ttf', index=0, name='Segoe UI', style='italic', variant='normal', weight=600, stretch='normal', size='scalable')) = 11.24
2026-08-07 15:08:41,403 - DEBUG - findfont: score(FontEntry(fname='C:\\Windows\\Fonts\\seguisbi.ttf', index=0, name='Segoe UI Semibold', style='italic', variant='normal', weight=400, stretch='normal', size='scalable')) = 11.05
2026-08-07 15:08:41,403 - DEBUG - findfont: score(FontEntry(fname='C:\\Windows\\Fonts\\GOUDOS.TTF', index=0, name='Goudy Old Style', style='normal', variant='normal', weight=400, stretch='normal', size='scalable')) = 10.05
2026-08-07 15:08:41,403 - DEBUG - findfont: score(FontEntry(fname='C:\\Windows\\Fonts\\ANTQUAB.TTF', index=0, name='Book Antiqua', style='normal', variant='normal', weight=700, stretch='normal', size='scalable')) = 10.335
2026-08-07 15:08:41,403 - DEBUG - findfont: score(FontEntry(fname='C:\\Windows\\Fonts\\PrecisionSans_W_Rg.ttf', index=0, name='Precision Sans W', style='normal', variant='normal', weight=400, stretch='normal', size='scalable')) = 10.05
2026-08-07 15:08:41,403 - DEBUG - findfont: score(FontEntry(fname='C:\\Windows\\Fonts\\esri_802.ttf', index=0, name='ESRI Enviro Hazard Sites', style='normal', variant='normal', weight=400, stretch='normal', size='scalable')) = 10.05
2026-08-07 15:08:41,403 - DEBUG - findfont: score(FontEntry(fname='C:\\Windows\\Fonts\\esri_22.ttf', index=0, name='ESRI MilSym 02', style='normal', variant='normal', weight=400, stretch='normal', size='scalable')) = 10.05
2026-08-07 15:08:41,403 - DEBUG - findfont: score(FontEntry(fname='C:\\Windows\\Fonts\\esri_7.ttf', index=0, name='ESRI Geology', style='normal', variant='normal', weight=400, stretch='normal', size='scalable')) = 10.05
2026-08-07 15:08:41,403 - DEBUG - findfont: score(FontEntry(fname='C:\\Windows\\Fonts\\trebucit.ttf', index=0, name='Trebuchet MS', style='italic', variant='normal', weight=400, stretch='normal', size='scalable')) = 11.05
2026-08-07 15:08:41,403 - DEBUG - findfont: score(FontEntry(fname='C:\\Windows\\Fonts\\TEMPSITC.TTF', index=0, name='Tempus Sans ITC', style='normal', variant='normal', weight=400, stretch='normal', size='scalable')) = 10.05
2026-08-07 15:08:41,403 - DEBUG - findfont: score(FontEntry(fname='C:\\Windows\\Fonts\\MTCORSVA.TTF', index=0, name='Monotype Corsiva', style='normal', variant='normal', weight=400, stretch='normal', size='scalable')) = 10.05
2026-08-07 15:08:41,403 - DEBUG - findfont: score(FontEntry(fname='C:\\Windows\\Fonts\\BRADHITC.TTF', index=0, name='Bradley Hand ITC', style='normal', variant='normal', weight=400, stretch='normal', size='scalable')) = 10.05
2026-08-07 15:08:41,403 - DEBUG - findfont: score(FontEntry(fname='C:\\Windows\\Fonts\\Etbasic___.ttf', index=0, name='ET Basic', style='normal', variant='normal', weight=400, stretch='normal', size='scalable')) = 10.05
2026-08-07 15:08:41,403 - DEBUG - findfont: score(FontEntry(fname='C:\\Windows\\Fonts\\Etbasic___.ttf', index=0, name='ET GeoExplore', style='normal', variant='normal', weight=400, stretch='normal', size='scalable')) = 10.05
2026-08-07 15:08:41,403 - DEBUG - findfont: score(FontEntry(fname='C:\\Windows\\Fonts\\esri_224.ttf', index=0, name='ESRI IGL Font24', style='normal', variant='normal', weight=400, stretch='normal', size='scalable')) = 10.05
2026-08-07 15:08:41,403 - DEBUG - findfont: score(FontEntry(fname='C:\\Windows\\Fonts\\comicbd.ttf', index=0, name='Comic Sans MS', style='normal', variant='normal', weight=700, stretch='normal', size='scalable')) = 10.335
2026-08-07 15:08:41,403 - DEBUG - findfont: score(FontEntry(fname='C:\\Windows\\Fonts\\BAUHS93.TTF', index=0, name='Bauhaus 93', style='normal', variant='normal', weight=400, stretch='normal', size='scalable')) = 10.05
2026-08-07 15:08:41,403 - DEBUG - findfont: score(FontEntry(fname='C:\\Windows\\Fonts\\seguisym.ttf', index=0, name='Segoe UI Symbol', style='normal', variant='normal', weight=400, stretch='normal', size='scalable')) = 10.05
2026-08-07 15:08:41,403 - DEBUG - findfont: score(FontEntry(fname='C:\\Windows\\Fonts\\esri_20.ttf', index=0, name='ESRI MilRed 01', style='normal', variant='normal', weight=400, stretch='normal', size='scalable')) = 10.05
2026-08-07 15:08:41,403 - DEBUG - findfont: score(FontEntry(fname='C:\\Windows\\Fonts\\verdanaz.ttf', index=0, name='Verdana', style='italic', variant='normal', weight=700, stretch='normal', size='scalable')) = 4.971363636363637
2026-08-07 15:08:41,403 - DEBUG - findfont: score(FontEntry(fname='C:\\Windows\\Fonts\\GOUDOSB.TTF', index=0, name='Goudy Old Style', style='normal', variant='normal', weight=700, stretch='normal', size='scalable')) = 10.335
2026-08-07 15:08:41,403 - DEBUG - findfont: score(FontEntry(fname='C:\\Windows\\Fonts\\PERTIBD.TTF', index=0, name='Perpetua Titling MT', style='normal', variant='normal', weight=700, stretch='normal', size='scalable')) = 10.335
2026-08-07 15:08:41,403 - DEBUG - findfont: score(FontEntry(fname='C:\\Windows\\Fonts\\LCALLIG.TTF', index=0, name='Lucida Calligraphy', style='italic', variant='normal', weight=400, stretch='normal', size='scalable')) = 11.05
2026-08-07 15:08:41,403 - DEBUG - findfont: score(FontEntry(fname='C:\\Windows\\Fonts\\esri_105.ttf', index=0, name='ESRI Meteorological 01', style='normal', variant='normal', weight=400, stretch='normal', size='scalable')) = 10.05
2026-08-07 15:08:41,403 - DEBUG - findfont: score(FontEntry(fname='C:\\Windows\\Fonts\\simsun.ttc', index=0, name='SimSun', style='normal', variant='normal', weight=400, stretch='normal', size='scalable')) = 10.05
2026-08-07 15:08:41,403 - DEBUG - findfont: score(FontEntry(fname='C:\\Windows\\Fonts\\simsun.ttc', index=1, name='NSimSun', style='normal', variant='normal', weight=400, stretch='normal', size='scalable')) = 10.05
2026-08-07 15:08:41,403 - DEBUG - findfont: score(FontEntry(fname='C:\\Windows\\Fonts\\TTMIER.ttf', index=0, name='MapInfo ER Incident Centers', style='normal', variant='normal', weight=400, stretch='normal', size='scalable')) = 10.05
2026-08-07 15:08:41,403 - DEBUG - findfont: score(FontEntry(fname='C:\\Windows\\Fonts\\gadugib.ttf', index=0, name='Gadugi', style='normal', variant='normal', weight=700, stretch='normal', size='scalable')) = 10.335
2026-08-07 15:08:41,403 - DEBUG - findfont: score(FontEntry(fname='C:\\Windows\\Fonts\\WINGDNG2.TTF', index=0, name='Wingdings 2', style='normal', variant='normal', weight=400, stretch='normal', size='scalable')) = 10.05
2026-08-07 15:08:41,403 - DEBUG - findfont: score(FontEntry(fname='C:\\Windows\\Fonts\\esri_121.ttf', index=0, name='ESRI Ordnance Survey', style='normal', variant='normal', weight=400, stretch='normal', size='scalable')) = 10.05
2026-08-07 15:08:41,403 - DEBUG - findfont: score(FontEntry(fname='C:\\Windows\\Fonts\\ARIALNB.TTF', index=0, name='Arial', style='normal', variant='normal', weight=700, stretch='condensed', size='scalable')) = 6.8986363636363635
2026-08-07 15:08:41,403 - DEBUG - findfont: score(FontEntry(fname='C:\\Windows\\Fonts\\ARIALNB.TTF', index=0, name='Arial Narrow', style='normal', variant='normal', weight=700, stretch='condensed', size='scalable')) = 10.535
2026-08-07 15:08:41,403 - DEBUG - findfont: score(FontEntry(fname='C:\\Windows\\Fonts\\canadashields.TTF', index=0, name='Canadian Shields', style='normal', variant='normal', weight=400, stretch='normal', size='scalable')) = 10.05
2026-08-07 15:08:41,403 - DEBUG - findfont: score(FontEntry(fname='C:\\Windows\\Fonts\\CALIFR.TTF', index=0, name='Californian FB', style='normal', variant='normal', weight=400, stretch='normal', size='scalable')) = 10.05
2026-08-07 15:08:41,403 - DEBUG - findfont: score(FontEntry(fname='C:\\Windows\\Fonts\\RAVIE.TTF', index=0, name='Ravie', style='normal', variant='normal', weight=400, stretch='normal', size='scalable')) = 10.05
2026-08-07 15:08:41,403 - DEBUG - findfont: score(FontEntry(fname='C:\\Windows\\Fonts\\esri_26.ttf', index=0, name='ESRI MilMod 01', style='normal', variant='normal', weight=400, stretch='normal', size='scalable')) = 10.05
2026-08-07 15:08:41,403 - DEBUG - findfont: score(FontEntry(fname='C:\\Windows\\Fonts\\esri_804.ttf', index=0, name='ESRI Fire Incident NFPA', style='normal', variant='normal', weight=400, stretch='normal', size='scalable')) = 10.05
2026-08-07 15:08:41,403 - DEBUG - findfont: score(FontEntry(fname='C:\\Windows\\Fonts\\TTMIOG__.TTF', index=0, name='MapInfo Oil&Gas', style='normal', variant='normal', weight=400, stretch='normal', size='scalable')) = 10.05
2026-08-07 15:08:41,403 - DEBUG - findfont: score(FontEntry(fname='C:\\Windows\\Fonts\\Etstu___.ttf', index=0, name='ET Structural USA', style='normal', variant='normal', weight=400, stretch='normal', size='scalable')) = 10.05
2026-08-07 15:08:41,403 - DEBUG - findfont: score(FontEntry(fname='C:\\Windows\\Fonts\\ERS_v2_Operations_S2_sym.ttf', index=0, name='ERS v2 Operations Stage 02', style='normal', variant='normal', weight=400, stretch='normal', size='scalable')) = 10.05
2026-08-07 15:08:41,403 - DEBUG - findfont: score(FontEntry(fname='C:\\Windows\\Fonts\\SitkaVF.ttf', index=0, name='Sitka', style='normal', variant='normal', weight=400, stretch='normal', size='scalable')) = 10.05
2026-08-07 15:08:41,419 - DEBUG - findfont: score(FontEntry(fname='C:\\Windows\\Fonts\\SitkaVF.ttf', index=0, name='Sitka Text', style='normal', variant='normal', weight=400, stretch='normal', size='scalable')) = 10.05
2026-08-07 15:08:41,419 - DEBUG - findfont: score(FontEntry(fname='C:\\Program Files\\MapInfo\\Professional\\Python310\\Lib\\site-packages\\matplotlib\\mpl-data\\fonts\\ttf\\STIXGeneral.ttf', index=0, name='STIXGeneral', style='normal', variant='normal', weight=400, stretch='normal', size='scalable')) = 10.05
2026-08-07 15:08:41,419 - DEBUG - findfont: score(FontEntry(fname='C:\\Windows\\Fonts\\Candarali.ttf', index=0, name='Candara', style='italic', variant='normal', weight=400, stretch='normal', size='scalable')) = 11.05
2026-08-07 15:08:41,419 - DEBUG - findfont: score(FontEntry(fname='C:\\Windows\\Fonts\\Candarali.ttf', index=0, name='Candara Light', style='italic', variant='normal', weight=400, stretch='normal', size='scalable')) = 11.05
2026-08-07 15:08:41,419 - DEBUG - findfont: score(FontEntry(fname='C:\\Windows\\Fonts\\trebucbd.ttf', index=0, name='Trebuchet MS', style='normal', variant='normal', weight=700, stretch='normal', size='scalable')) = 10.335
2026-08-07 15:08:41,419 - DEBUG - findfont: score(FontEntry(fname='C:\\Program Files\\MapInfo\\Professional\\Python310\\Lib\\site-packages\\matplotlib\\mpl-data\\fonts\\ttf\\cmmi10.ttf', index=0, name='cmmi10', style='normal', variant='normal', weight=400, stretch='normal', size='scalable')) = 10.05
2026-08-07 15:08:41,419 - DEBUG - findfont: score(FontEntry(fname='C:\\Windows\\Fonts\\msjhl.ttc', index=0, name='Microsoft JhengHei', style='normal', variant='normal', weight=290, stretch='normal', size='scalable')) = 10.1545
2026-08-07 15:08:41,419 - DEBUG - findfont: score(FontEntry(fname='C:\\Windows\\Fonts\\msjhl.ttc', index=0, name='Microsoft JhengHei Light', style='normal', variant='normal', weight=400, stretch='normal', size='scalable')) = 10.05
2026-08-07 15:08:41,419 - DEBUG - findfont: score(FontEntry(fname='C:\\Windows\\Fonts\\msjhl.ttc', index=1, name='Microsoft JhengHei UI', style='normal', variant='normal', weight=290, stretch='normal', size='scalable')) = 10.1545
2026-08-07 15:08:41,419 - DEBUG - findfont: score(FontEntry(fname='C:\\Windows\\Fonts\\msjhl.ttc', index=1, name='Microsoft JhengHei UI Light', style='normal', variant='normal', weight=400, stretch='normal', size='scalable')) = 10.05
2026-08-07 15:08:41,419 - DEBUG - findfont: score(FontEntry(fname='C:\\Windows\\Fonts\\GIL_____.TTF', index=0, name='Gill Sans MT', style='normal', variant='normal', weight=400, stretch='normal', size='scalable')) = 10.05
2026-08-07 15:08:41,419 - DEBUG - findfont: score(FontEntry(fname='C:\\Windows\\Fonts\\PrecisionSans_W_LtIt.ttf', index=0, name='Precision Sans W', style='italic', variant='normal', weight=300, stretch='normal', size='scalable')) = 11.145
2026-08-07 15:08:41,419 - DEBUG - findfont: score(FontEntry(fname='C:\\Windows\\Fonts\\PrecisionSans_W_LtIt.ttf', index=0, name='Precision Sans W Light', style='italic', variant='normal', weight=400, stretch='normal', size='scalable')) = 11.05
2026-08-07 15:08:41,419 - DEBUG - findfont: score(FontEntry(fname='C:\\Windows\\Fonts\\esri_3.ttf', index=0, name='ESRI Geometric Symbols', style='normal', variant='normal', weight=400, stretch='normal', size='scalable')) = 10.05
2026-08-07 15:08:41,419 - DEBUG - findfont: score(FontEntry(fname='C:\\Windows\\Fonts\\ERS_v2_Operations_S3_sym.ttf', index=0, name='ERS v2 Operations Stage 03', style='normal', variant='normal', weight=400, stretch='normal', size='scalable')) = 10.05
2026-08-07 15:08:41,419 - DEBUG - findfont: score(FontEntry(fname='C:\\Windows\\Fonts\\cour.ttf', index=0, name='Courier New', style='normal', variant='normal', weight=400, stretch='normal', size='scalable')) = 10.05
2026-08-07 15:08:41,419 - DEBUG - findfont: score(FontEntry(fname='C:\\Windows\\Fonts\\esri_376.ttf', index=0, name='ESRI Caves 2', style='normal', variant='normal', weight=400, stretch='normal', size='scalable')) = 10.05
2026-08-07 15:08:41,419 - DEBUG - findfont: score(FontEntry(fname='C:\\Windows\\Fonts\\BOOKOSBI.TTF', index=0, name='Bookman Old Style', style='italic', variant='normal', weight=600, stretch='normal', size='scalable')) = 11.24
2026-08-07 15:08:41,419 - DEBUG - findfont: score(FontEntry(fname='C:\\Windows\\Fonts\\segoescb.ttf', index=0, name='Segoe Script', style='normal', variant='normal', weight=700, stretch='normal', size='scalable')) = 10.335
2026-08-07 15:08:41,419 - DEBUG - findfont: score(FontEntry(fname='C:\\Program Files\\MapInfo\\Professional\\Python310\\Lib\\site-packages\\matplotlib\\mpl-data\\fonts\\ttf\\STIXGeneralItalic.ttf', index=0, name='STIXGeneral', style='italic', variant='normal', weight=400, stretch='normal', size='scalable')) = 11.05
2026-08-07 15:08:41,421 - DEBUG - findfont: score(FontEntry(fname='C:\\Windows\\Fonts\\PARCHM.TTF', index=0, name='Parchment', style='normal', variant='normal', weight=400, stretch='normal', size='scalable')) = 10.05
2026-08-07 15:08:41,421 - DEBUG - findfont: score(FontEntry(fname='C:\\Windows\\Fonts\\SCRIPTBL.TTF', index=0, name='Script MT Bold', style='normal', variant='normal', weight=700, stretch='normal', size='scalable')) = 10.335
2026-08-07 15:08:41,421 - DEBUG - findfont: score(FontEntry(fname='C:\\Windows\\Fonts\\GILC____.TTF', index=0, name='Gill Sans MT Condensed', style='normal', variant='normal', weight=400, stretch='condensed', size='scalable')) = 10.25
2026-08-07 15:08:41,421 - DEBUG - findfont: score(FontEntry(fname='C:\\Windows\\Fonts\\esri_17.ttf', index=0, name='ESRI NIMA City Graphic LN', style='normal', variant='normal', weight=400, stretch='normal', size='scalable')) = 10.05
2026-08-07 15:08:41,421 - DEBUG - findfont: score(FontEntry(fname='C:\\Windows\\Fonts\\cambriai.ttf', index=0, name='Cambria', style='italic', variant='normal', weight=400, stretch='normal', size='scalable')) = 11.05
2026-08-07 15:08:41,421 - DEBUG - findfont: score(FontEntry(fname='C:\\Windows\\Fonts\\esri_216.ttf', index=0, name='ESRI IGL Font16', style='normal', variant='normal', weight=400, stretch='normal', size='scalable')) = 10.05
2026-08-07 15:08:41,421 - DEBUG - findfont: score(FontEntry(fname='C:\\Windows\\Fonts\\LTYPEO.TTF', index=0, name='Lucida Sans Typewriter', style='oblique', variant='normal', weight=400, stretch='normal', size='scalable')) = 11.05
2026-08-07 15:08:41,421 - DEBUG - findfont: score(FontEntry(fname='C:\\Program Files\\MapInfo\\Professional\\Python310\\Lib\\site-packages\\matplotlib\\mpl-data\\fonts\\ttf\\STIXSizTwoSymBol.ttf', index=0, name='STIXSizeTwoSym', style='normal', variant='normal', weight=700, stretch='normal', size='scalable')) = 10.335
2026-08-07 15:08:41,421 - DEBUG - findfont: score(FontEntry(fname='C:\\Windows\\Fonts\\BOD_CB.TTF', index=0, name='Bodoni MT', style='normal', variant='normal', weight=700, stretch='condensed', size='scalable')) = 10.535
2026-08-07 15:08:41,421 - DEBUG - findfont: score(FontEntry(fname='C:\\Windows\\Fonts\\BOD_CB.TTF', index=0, name='Bodoni MT Condensed', style='normal', variant='normal', weight=700, stretch='condensed', size='scalable')) = 10.535
2026-08-07 15:08:41,421 - DEBUG - findfont: score(FontEntry(fname='C:\\Windows\\Fonts\\SitkaVF-Italic.ttf', index=0, name='Sitka', style='italic', variant='normal', weight=400, stretch='normal', size='scalable')) = 11.05
2026-08-07 15:08:41,421 - DEBUG - findfont: score(FontEntry(fname='C:\\Windows\\Fonts\\SitkaVF-Italic.ttf', index=0, name='Sitka Text', style='italic', variant='normal', weight=400, stretch='normal', size='scalable')) = 11.05
2026-08-07 15:08:41,421 - DEBUG - findfont: score(FontEntry(fname='C:\\Windows\\Fonts\\esri_15.ttf', index=0, name='ESRI NIMA VMAP1&2 LN', style='normal', variant='normal', weight=400, stretch='normal', size='scalable')) = 10.05
2026-08-07 15:08:41,421 - DEBUG - findfont: score(FontEntry(fname='C:\\Windows\\Fonts\\ETGAS.ttf', index=0, name='ET GAS Symbols', style='normal', variant='normal', weight=400, stretch='normal', size='scalable')) = 10.05
2026-08-07 15:08:41,421 - DEBUG - findfont: score(FontEntry(fname='C:\\Windows\\Fonts\\TTMIWE__.TTF', index=0, name='MapInfo Weather', style='normal', variant='normal', weight=400, stretch='normal', size='scalable')) = 10.05
2026-08-07 15:08:41,421 - DEBUG - findfont: score(FontEntry(fname='C:\\Windows\\Fonts\\TTMIRE__.TTF', index=0, name='MapInfo Real Estate', style='normal', variant='normal', weight=400, stretch='normal', size='scalable')) = 10.05
2026-08-07 15:08:41,421 - DEBUG - findfont: score(FontEntry(fname='C:\\Windows\\Fonts\\VINERITC.TTF', index=0, name='Viner Hand ITC', style='normal', variant='normal', weight=400, stretch='normal', size='scalable')) = 10.05
2026-08-07 15:08:41,421 - DEBUG - findfont: score(FontEntry(fname='C:\\Windows\\Fonts\\CALIST.TTF', index=0, name='Calisto MT', style='normal', variant='normal', weight=400, stretch='normal', size='scalable')) = 10.05
2026-08-07 15:08:41,421 - DEBUG - findfont: score(FontEntry(fname='C:\\Windows\\Fonts\\esri_21.ttf', index=0, name='ESRI MilSym 01', style='normal', variant='normal', weight=400, stretch='normal', size='scalable')) = 10.05
2026-08-07 15:08:41,421 - DEBUG - findfont: score(FontEntry(fname='C:\\Windows\\Fonts\\LSANSD.TTF', index=0, name='Lucida Sans', style='normal', variant='normal', weight=600, stretch='normal', size='scalable')) = 10.24
2026-08-07 15:08:41,421 - DEBUG - findfont: score(FontEntry(fname='C:\\Windows\\Fonts\\COPRGTL.TTF', index=0, name='Copperplate Gothic Light', style='normal', variant='normal', weight=400, stretch='normal', size='scalable')) = 10.05
2026-08-07 15:08:41,421 - DEBUG - findfont: score(FontEntry(fname='C:\\Windows\\Fonts\\HARLOWSI.TTF', index=0, name='Harlow Solid Italic', style='italic', variant='normal', weight=400, stretch='normal', size='scalable')) = 11.05
2026-08-07 15:08:41,421 - DEBUG - findfont: score(FontEntry(fname='C:\\Windows\\Fonts\\msgothic.ttc', index=0, name='MS Gothic', style='normal', variant='normal', weight=400, stretch='normal', size='scalable')) = 10.05
2026-08-07 15:08:41,421 - DEBUG - findfont: score(FontEntry(fname='C:\\Windows\\Fonts\\msgothic.ttc', index=1, name='MS UI Gothic', style='normal', variant='normal', weight=400, stretch='normal', size='scalable')) = 10.05
2026-08-07 15:08:41,421 - DEBUG - findfont: score(FontEntry(fname='C:\\Windows\\Fonts\\msgothic.ttc', index=2, name='MS PGothic', style='normal', variant='normal', weight=400, stretch='normal', size='scalable')) = 10.05
2026-08-07 15:08:41,421 - DEBUG - findfont: score(FontEntry(fname='C:\\Windows\\Fonts\\esri_225.ttf', index=0, name='ESRI IGL Font25', style='normal', variant='normal', weight=400, stretch='normal', size='scalable')) = 10.05
2026-08-07 15:08:41,421 - DEBUG - findfont: score(FontEntry(fname='C:\\Windows\\Fonts\\esri_803.ttf', index=0, name='ESRI Hazardous Materials', style='normal', variant='normal', weight=400, stretch='normal', size='scalable')) = 10.05
2026-08-07 15:08:41,421 - DEBUG - findfont: score(FontEntry(fname='C:\\Windows\\Fonts\\phagspab.ttf', index=0, name='Microsoft PhagsPa', style='normal', variant='normal', weight=700, stretch='normal', size='scalable')) = 10.335
2026-08-07 15:08:41,421 - DEBUG - findfont: score(FontEntry(fname='C:\\Windows\\Fonts\\esri_150.ttf', index=0, name='ESRI AMFM Electric', style='normal', variant='normal', weight=400, stretch='normal', size='scalable')) = 10.05
2026-08-07 15:08:41,421 - DEBUG - findfont: score(FontEntry(fname='C:\\Windows\\Fonts\\georgiab.ttf', index=0, name='Georgia', style='normal', variant='normal', weight=700, stretch='normal', size='scalable')) = 10.335
2026-08-07 15:08:41,421 - DEBUG - findfont: score(FontEntry(fname='C:\\Windows\\Fonts\\FRADMIT.TTF', index=0, name='Franklin Gothic Demi', style='italic', variant='normal', weight=400, stretch='normal', size='scalable')) = 11.05
2026-08-07 15:08:41,421 - DEBUG - findfont: score(FontEntry(fname='C:\\Windows\\Fonts\\BOD_R.TTF', index=0, name='Bodoni MT', style='normal', variant='normal', weight=400, stretch='normal', size='scalable')) = 10.05
2026-08-07 15:08:41,421 - DEBUG - findfont: score(FontEntry(fname='C:\\Windows\\Fonts\\LBRITE.TTF', index=0, name='Lucida Bright', style='normal', variant='normal', weight=400, stretch='normal', size='scalable')) = 10.05
2026-08-07 15:08:41,421 - DEBUG - findfont: score(FontEntry(fname='C:\\Windows\\Fonts\\REFSAN.TTF', index=0, name='MS Reference Sans Serif', style='normal', variant='normal', weight=400, stretch='normal', size='scalable')) = 10.05
2026-08-07 15:08:41,421 - DEBUG - findfont: score(FontEntry(fname='C:\\Windows\\Fonts\\MATURASC.TTF', index=0, name='Matura MT Script Capitals', style='normal', variant='normal', weight=400, stretch='normal', size='scalable')) = 10.05
2026-08-07 15:08:41,421 - DEBUG - findfont: score(FontEntry(fname='C:\\Windows\\Fonts\\cambria.ttc', index=0, name='Cambria', style='normal', variant='normal', weight=400, stretch='normal', size='scalable')) = 10.05
2026-08-07 15:08:41,421 - DEBUG - findfont: score(FontEntry(fname='C:\\Windows\\Fonts\\cambria.ttc', index=1, name='Cambria Math', style='normal', variant='normal', weight=400, stretch='normal', size='scalable')) = 10.05
2026-08-07 15:08:41,421 - DEBUG - findfont: score(FontEntry(fname='C:\\Windows\\Fonts\\REFSPCL.TTF', index=0, name='MS Reference Specialty', style='normal', variant='normal', weight=400, stretch='normal', size='scalable')) = 10.05
2026-08-07 15:08:41,421 - DEBUG - findfont: score(FontEntry(fname='C:\\Windows\\Fonts\\cambriab.ttf', index=0, name='Cambria', style='normal', variant='normal', weight=700, stretch='normal', size='scalable')) = 10.335
2026-08-07 15:08:41,421 - DEBUG - findfont: score(FontEntry(fname='C:\\Windows\\Fonts\\WINGDNG3.TTF', index=0, name='Wingdings 3', style='normal', variant='normal', weight=400, stretch='normal', size='scalable')) = 10.05
2026-08-07 15:08:41,421 - DEBUG - findfont: score(FontEntry(fname='C:\\Windows\\Fonts\\SansSerifCollection.ttf', index=0, name='Sans Serif Collection', style='normal', variant='normal', weight=400, stretch='normal', size='scalable')) = 10.05
2026-08-07 15:08:41,421 - DEBUG - findfont: score(FontEntry(fname='C:\\Windows\\Fonts\\CENTURY.TTF', index=0, name='Century', style='normal', variant='normal', weight=400, stretch='normal', size='scalable')) = 10.05
2026-08-07 15:08:41,421 - DEBUG - findfont: score(FontEntry(fname='C:\\Windows\\Fonts\\TTMICG__.TTF', index=0, name='MapInfo Cartographic', style='normal', variant='normal', weight=400, stretch='normal', size='scalable')) = 10.05
2026-08-07 15:08:41,421 - DEBUG - findfont: score(FontEntry(fname='C:\\Windows\\Fonts\\PrecisionSans_W_RgIt.ttf', index=0, name='Precision Sans W', style='italic', variant='normal', weight=400, stretch='normal', size='scalable')) = 11.05
2026-08-07 15:08:41,421 - DEBUG - findfont: score(FontEntry(fname='C:\\Windows\\Fonts\\wingding.ttf', index=0, name='Wingdings', style='normal', variant='normal', weight=400, stretch='normal', size='scalable')) = 10.05
2026-08-07 15:08:41,421 - DEBUG - findfont: score(FontEntry(fname='C:\\Windows\\Fonts\\ITCKRIST.TTF', index=0, name='Kristen ITC', style='normal', variant='normal', weight=400, stretch='normal', size='scalable')) = 10.05
2026-08-07 15:08:41,421 - DEBUG - findfont: score(FontEntry(fname='C:\\Windows\\Fonts\\SegUIVar.ttf', index=0, name='Segoe UI Variable', style='normal', variant='normal', weight=400, stretch='normal', size='scalable')) = 10.05
2026-08-07 15:08:41,421 - DEBUG - findfont: score(FontEntry(fname='C:\\Windows\\Fonts\\corbelli.ttf', index=0, name='Corbel', style='italic', variant='normal', weight=300, stretch='normal', size='scalable')) = 11.145
2026-08-07 15:08:41,421 - DEBUG - findfont: score(FontEntry(fname='C:\\Windows\\Fonts\\corbelli.ttf', index=0, name='Corbel Light', style='italic', variant='normal', weight=400, stretch='normal', size='scalable')) = 11.05
2026-08-07 15:08:41,421 - DEBUG - findfont: score(FontEntry(fname='C:\\Windows\\Fonts\\COPRGTB.TTF', index=0, name='Copperplate Gothic Bold', style='normal', variant='normal', weight=400, stretch='normal', size='scalable')) = 10.05
2026-08-07 15:08:41,421 - DEBUG - findfont: score(FontEntry(fname='C:\\Windows\\Fonts\\symbol.ttf', index=0, name='Symbol', style='normal', variant='normal', weight=400, stretch='normal', size='scalable')) = 10.05
2026-08-07 15:08:41,421 - DEBUG - findfont: score(FontEntry(fname='C:\\Windows\\Fonts\\mingliub.ttc', index=0, name='MingLiU-ExtB', style='normal', variant='normal', weight=400, stretch='normal', size='scalable')) = 10.05
2026-08-07 15:08:41,421 - DEBUG - findfont: score(FontEntry(fname='C:\\Windows\\Fonts\\mingliub.ttc', index=1, name='PMingLiU-ExtB', style='normal', variant='normal', weight=400, stretch='normal', size='scalable')) = 10.05
2026-08-07 15:08:41,421 - DEBUG - findfont: score(FontEntry(fname='C:\\Windows\\Fonts\\mingliub.ttc', index=2, name='MingLiU_HKSCS-ExtB', style='normal', variant='normal', weight=400, stretch='normal', size='scalable')) = 10.05
2026-08-07 15:08:41,421 - DEBUG - findfont: score(FontEntry(fname='C:\\Windows\\Fonts\\mingliub.ttc', index=3, name='MingLiU_MSCS-ExtB', style='normal', variant='normal', weight=400, stretch='normal', size='scalable')) = 10.05
2026-08-07 15:08:41,421 - DEBUG - findfont: score(FontEntry(fname='C:\\Windows\\Fonts\\LFAXD.TTF', index=0, name='Lucida Fax', style='normal', variant='normal', weight=600, stretch='normal', size='scalable')) = 10.24
2026-08-07 15:08:41,421 - DEBUG - findfont: score(FontEntry(fname='C:\\Windows\\Fonts\\CascadiaMono.ttf', index=0, name='Cascadia Mono', style='normal', variant='normal', weight=400, stretch='normal', size='scalable')) = 10.05
2026-08-07 15:08:41,421 - DEBUG - findfont: score(FontEntry(fname='C:\\Windows\\Fonts\\msyh.ttc', index=0, name='Microsoft YaHei', style='normal', variant='normal', weight=400, stretch='normal', size='scalable')) = 10.05
2026-08-07 15:08:41,421 - DEBUG - findfont: score(FontEntry(fname='C:\\Windows\\Fonts\\msyh.ttc', index=1, name='Microsoft YaHei UI', style='normal', variant='normal', weight=400, stretch='normal', size='scalable')) = 10.05
2026-08-07 15:08:41,421 - DEBUG - findfont: score(FontEntry(fname='C:\\Windows\\Fonts\\cambriaz.ttf', index=0, name='Cambria', style='italic', variant='normal', weight=700, stretch='normal', size='scalable')) = 11.335
2026-08-07 15:08:41,421 - DEBUG - findfont: score(FontEntry(fname='C:\\Windows\\Fonts\\IMPRISHA.TTF', index=0, name='Imprint MT Shadow', style='normal', variant='normal', weight=400, stretch='normal', size='scalable')) = 10.05
2026-08-07 15:08:41,421 - DEBUG - findfont: score(FontEntry(fname='C:\\Windows\\Fonts\\HEDN____.TTF', index=0, name='HebrewDove', style='normal', variant='normal', weight=400, stretch='normal', size='scalable')) = 10.05
2026-08-07 15:08:41,421 - DEBUG - findfont: score(FontEntry(fname='C:\\Windows\\Fonts\\POORICH.TTF', index=0, name='Poor Richard', style='normal', variant='normal', weight=400, stretch='normal', size='scalable')) = 10.05
2026-08-07 15:08:41,421 - DEBUG - findfont: score(FontEntry(fname='C:\\Windows\\Fonts\\esri_14.ttf', index=0, name='ESRI NIMA VMAP1&2 PT', style='normal', variant='normal', weight=400, stretch='normal', size='scalable')) = 10.05
2026-08-07 15:08:41,421 - DEBUG - findfont: score(FontEntry(fname='C:\\Windows\\Fonts\\DUBAI-LIGHT.TTF', index=0, name='Dubai', style='normal', variant='normal', weight=300, stretch='normal', size='scalable')) = 10.145
2026-08-07 15:08:41,421 - DEBUG - findfont: score(FontEntry(fname='C:\\Windows\\Fonts\\DUBAI-LIGHT.TTF', index=0, name='Dubai Light', style='normal', variant='normal', weight=400, stretch='normal', size='scalable')) = 10.05
2026-08-07 15:08:41,421 - DEBUG - findfont: score(FontEntry(fname='C:\\Windows\\Fonts\\BOD_B.TTF', index=0, name='Bodoni MT', style='normal', variant='normal', weight=700, stretch='normal', size='scalable')) = 10.335
2026-08-07 15:08:41,421 - DEBUG - findfont: score(FontEntry(fname='C:\\Windows\\Fonts\\esri_2.ttf', index=0, name='ESRI Environmental & Icons', style='normal', variant='normal', weight=400, stretch='normal', size='scalable')) = 10.05
2026-08-07 15:08:41,421 - DEBUG - findfont: score(FontEntry(fname='C:\\Windows\\Fonts\\DUBAI-MEDIUM.TTF', index=0, name='Dubai', style='normal', variant='normal', weight=500, stretch='normal', size='scalable')) = 10.145
2026-08-07 15:08:41,421 - DEBUG - findfont: score(FontEntry(fname='C:\\Windows\\Fonts\\DUBAI-MEDIUM.TTF', index=0, name='Dubai Medium', style='normal', variant='normal', weight=400, stretch='normal', size='scalable')) = 10.05
2026-08-07 15:08:41,421 - DEBUG - findfont: score(FontEntry(fname='C:\\Windows\\Fonts\\BROADW.TTF', index=0, name='Broadway', style='normal', variant='normal', weight=400, stretch='normal', size='scalable')) = 10.05
2026-08-07 15:08:41,421 - DEBUG - findfont: score(FontEntry(fname='C:\\Program Files\\MapInfo\\Professional\\Python310\\Lib\\site-packages\\matplotlib\\mpl-data\\fonts\\ttf\\DejaVuSerif-BoldItalic.ttf', index=0, name='DejaVu Serif', style='italic', variant='normal', weight=700, stretch='normal', size='scalable')) = 11.335
2026-08-07 15:08:41,421 - DEBUG - findfont: score(FontEntry(fname='C:\\Windows\\Fonts\\CALISTB.TTF', index=0, name='Calisto MT', style='normal', variant='normal', weight=700, stretch='normal', size='scalable')) = 10.335
2026-08-07 15:08:41,421 - DEBUG - findfont: score(FontEntry(fname='C:\\Windows\\Fonts\\sylfaen.ttf', index=0, name='Sylfaen', style='normal', variant='normal', weight=400, stretch='normal', size='scalable')) = 10.05
2026-08-07 15:08:41,421 - DEBUG - findfont: score(FontEntry(fname='C:\\Windows\\Fonts\\YuGothB.ttc', index=0, name='Yu Gothic', style='normal', variant='normal', weight=700, stretch='normal', size='scalable')) = 10.335
2026-08-07 15:08:41,421 - DEBUG - findfont: score(FontEntry(fname='C:\\Windows\\Fonts\\YuGothB.ttc', index=1, name='Yu Gothic UI', style='normal', variant='normal', weight=700, stretch='normal', size='scalable')) = 10.335
2026-08-07 15:08:41,421 - DEBUG - findfont: score(FontEntry(fname='C:\\Windows\\Fonts\\YuGothB.ttc', index=2, name='Yu Gothic UI', style='normal', variant='normal', weight=600, stretch='normal', size='scalable')) = 10.24
2026-08-07 15:08:41,421 - DEBUG - findfont: score(FontEntry(fname='C:\\Windows\\Fonts\\YuGothB.ttc', index=2, name='Yu Gothic UI Semibold', style='normal', variant='normal', weight=400, stretch='normal', size='scalable')) = 10.05
2026-08-07 15:08:41,421 - DEBUG - findfont: score(FontEntry(fname='C:\\Windows\\Fonts\\BERNHC.TTF', index=0, name='Bernard MT Condensed', style='normal', variant='normal', weight=400, stretch='condensed', size='scalable')) = 10.25
2026-08-07 15:08:41,421 - DEBUG - findfont: score(FontEntry(fname='C:\\Windows\\Fonts\\GILI____.TTF', index=0, name='Gill Sans MT', style='italic', variant='normal', weight=400, stretch='normal', size='scalable')) = 11.05
2026-08-07 15:08:41,421 - DEBUG - findfont: score(FontEntry(fname='C:\\Windows\\Fonts\\taileb.ttf', index=0, name='Microsoft Tai Le', style='normal', variant='normal', weight=700, stretch='normal', size='scalable')) = 10.335
2026-08-07 15:08:41,433 - DEBUG - findfont: score(FontEntry(fname='C:\\Windows\\Fonts\\LeelaUIb.ttf', index=0, name='Leelawadee UI', style='normal', variant='normal', weight=700, stretch='normal', size='scalable')) = 10.335
2026-08-07 15:08:41,433 - DEBUG - findfont: score(FontEntry(fname='C:\\Program Files\\MapInfo\\Professional\\Python310\\Lib\\site-packages\\matplotlib\\mpl-data\\fonts\\ttf\\STIXNonUniIta.ttf', index=0, name='STIXNonUnicode', style='italic', variant='normal', weight=400, stretch='normal', size='scalable')) = 11.05
2026-08-07 15:08:41,433 - DEBUG - findfont: score(FontEntry(fname='C:\\Windows\\Fonts\\esri_9.ttf', index=0, name='ESRI Transportation & Civic', style='normal', variant='normal', weight=400, stretch='normal', size='scalable')) = 10.05
2026-08-07 15:08:41,433 - DEBUG - findfont: score(FontEntry(fname='C:\\Windows\\Fonts\\esri_651.ttf', index=0, name='ESRI US Forestry 1', style='normal', variant='normal', weight=400, stretch='normal', size='scalable')) = 10.05
2026-08-07 15:08:41,433 - DEBUG - findfont: score(FontEntry(fname='C:\\Windows\\Fonts\\MAIAN.TTF', index=0, name='Maiandra GD', style='normal', variant='normal', weight=400, stretch='normal', size='scalable')) = 10.05
2026-08-07 15:08:41,434 - DEBUG - findfont: score(FontEntry(fname='C:\\Windows\\Fonts\\esri_160.ttf', index=0, name='ESRI Telecom', style='normal', variant='normal', weight=400, stretch='normal', size='scalable')) = 10.05
2026-08-07 15:08:41,434 - DEBUG - findfont: score(FontEntry(fname='C:\\Windows\\Fonts\\segoeuiz.ttf', index=0, name='Segoe UI', style='italic', variant='normal', weight=700, stretch='normal', size='scalable')) = 11.335
2026-08-07 15:08:41,434 - DEBUG - findfont: score(FontEntry(fname='C:\\Windows\\Fonts\\seguili.ttf', index=0, name='Segoe UI', style='italic', variant='normal', weight=300, stretch='normal', size='scalable')) = 11.145
2026-08-07 15:08:41,434 - DEBUG - findfont: score(FontEntry(fname='C:\\Windows\\Fonts\\seguili.ttf', index=0, name='Segoe UI Light', style='italic', variant='normal', weight=400, stretch='normal', size='scalable')) = 11.05
2026-08-07 15:08:41,434 - DEBUG - findfont: score(FontEntry(fname='C:\\Windows\\Fonts\\CascadiaCode.ttf', index=0, name='Cascadia Code', style='normal', variant='normal', weight=400, stretch='normal', size='scalable')) = 10.05
2026-08-07 15:08:41,434 - DEBUG - findfont: score(FontEntry(fname='C:\\Windows\\Fonts\\msjhbd.ttc', index=0, name='Microsoft JhengHei', style='normal', variant='normal', weight=700, stretch='normal', size='scalable')) = 10.335
2026-08-07 15:08:41,434 - DEBUG - findfont: score(FontEntry(fname='C:\\Windows\\Fonts\\msjhbd.ttc', index=1, name='Microsoft JhengHei UI', style='normal', variant='normal', weight=700, stretch='normal', size='scalable')) = 10.335
2026-08-07 15:08:41,434 - DEBUG - findfont: score(FontEntry(fname='C:\\Program Files\\MapInfo\\Professional\\Python310\\Lib\\site-packages\\matplotlib\\mpl-data\\fonts\\ttf\\STIXNonUni.ttf', index=0, name='STIXNonUnicode', style='normal', variant='normal', weight=400, stretch='normal', size='scalable')) = 10.05
2026-08-07 15:08:41,434 - DEBUG - findfont: score(FontEntry(fname='C:\\Windows\\Fonts\\BOD_CBI.TTF', index=0, name='Bodoni MT', style='italic', variant='normal', weight=700, stretch='condensed', size='scalable')) = 11.535
2026-08-07 15:08:41,434 - DEBUG - findfont: score(FontEntry(fname='C:\\Windows\\Fonts\\BOD_CBI.TTF', index=0, name='Bodoni MT Condensed', style='italic', variant='normal', weight=700, stretch='condensed', size='scalable')) = 11.535
2026-08-07 15:08:41,434 - DEBUG - findfont: score(FontEntry(fname='C:\\Windows\\Fonts\\esri_406.ttf', index=0, name='ESRI Commodities', style='normal', variant='normal', weight=400, stretch='normal', size='scalable')) = 10.05
2026-08-07 15:08:41,434 - DEBUG - findfont: score(FontEntry(fname='C:\\Windows\\Fonts\\ntailub.ttf', index=0, name='Microsoft New Tai Lue', style='normal', variant='normal', weight=700, stretch='normal', size='scalable')) = 10.335
2026-08-07 15:08:41,434 - DEBUG - findfont: score(FontEntry(fname='C:\\Program Files\\MapInfo\\Professional\\Python310\\Lib\\site-packages\\matplotlib\\mpl-data\\fonts\\ttf\\DejaVuSerif.ttf', index=0, name='DejaVu Serif', style='normal', variant='normal', weight=400, stretch='normal', size='scalable')) = 10.05
2026-08-07 15:08:41,434 - DEBUG - findfont: score(FontEntry(fname='C:\\Windows\\Fonts\\seguibl.ttf', index=0, name='Segoe UI', style='normal', variant='normal', weight=900, stretch='normal', size='scalable')) = 10.525
2026-08-07 15:08:41,434 - DEBUG - findfont: score(FontEntry(fname='C:\\Windows\\Fonts\\seguibl.ttf', index=0, name='Segoe UI Black', style='normal', variant='normal', weight=400, stretch='normal', size='scalable')) = 10.05
2026-08-07 15:08:41,434 - DEBUG - findfont: score(FontEntry(fname='C:\\Windows\\Fonts\\SCHLBKI.TTF', index=0, name='Century Schoolbook', style='italic', variant='normal', weight=400, stretch='normal', size='scalable')) = 11.05
2026-08-07 15:08:41,434 - DEBUG - findfont: score(FontEntry(fname='C:\\Windows\\Fonts\\MOD20.TTF', index=0, name='Modern No. 20', style='normal', variant='normal', weight=400, stretch='normal', size='scalable')) = 10.05
2026-08-07 15:08:41,434 - DEBUG - findfont: score(FontEntry(fname='C:\\Windows\\Fonts\\esri_152.ttf', index=0, name='ESRI AMFM Sewer', style='normal', variant='normal', weight=400, stretch='normal', size='scalable')) = 10.05
2026-08-07 15:08:41,434 - DEBUG - findfont: score(FontEntry(fname='C:\\Windows\\Fonts\\GOTHICB.TTF', index=0, name='Century Gothic', style='normal', variant='normal', weight=700, stretch='normal', size='scalable')) = 10.335
2026-08-07 15:08:41,434 - DEBUG - findfont: score(FontEntry(fname='C:\\Windows\\Fonts\\ntailu.ttf', index=0, name='Microsoft New Tai Lue', style='normal', variant='normal', weight=400, stretch='normal', size='scalable')) = 10.05
2026-08-07 15:08:41,434 - DEBUG - findfont: score(FontEntry(fname='C:\\Windows\\Fonts\\DUBAI-REGULAR.TTF', index=0, name='Dubai', style='normal', variant='normal', weight=400, stretch='normal', size='scalable')) = 10.05
2026-08-07 15:08:41,434 - DEBUG - findfont: score(FontEntry(fname='C:\\Windows\\Fonts\\PRISTINA.TTF', index=0, name='Pristina', style='normal', variant='normal', weight=400, stretch='normal', size='scalable')) = 10.05
2026-08-07 15:08:41,434 - DEBUG - findfont: score(FontEntry(fname='C:\\Windows\\Fonts\\seguisb.ttf', index=0, name='Segoe UI', style='normal', variant='normal', weight=600, stretch='normal', size='scalable')) = 10.24
2026-08-07 15:08:41,434 - DEBUG - findfont: score(FontEntry(fname='C:\\Windows\\Fonts\\seguisb.ttf', index=0, name='Segoe UI Semibold', style='normal', variant='normal', weight=400, stretch='normal', size='scalable')) = 10.05
2026-08-07 15:08:41,434 - DEBUG - findfont: score(FontEntry(fname='C:\\Windows\\Fonts\\BOOKOSB.TTF', index=0, name='Bookman Old Style', style='normal', variant='normal', weight=600, stretch='normal', size='scalable')) = 10.24
2026-08-07 15:08:41,434 - DEBUG - findfont: score(FontEntry(fname='C:\\Windows\\Fonts\\ROCCB___.TTF', index=0, name='Rockwell Condensed', style='normal', variant='normal', weight=700, stretch='condensed', size='scalable')) = 10.535
2026-08-07 15:08:41,434 - DEBUG - findfont: score(FontEntry(fname='C:\\Windows\\Fonts\\SCHLBKB.TTF', index=0, name='Century Schoolbook', style='normal', variant='normal', weight=700, stretch='normal', size='scalable')) = 10.335
2026-08-07 15:08:41,434 - DEBUG - findfont: score(FontEntry(fname='C:\\Windows\\Fonts\\BELLB.TTF', index=0, name='Bell MT', style='normal', variant='normal', weight=700, stretch='normal', size='scalable')) = 10.335
2026-08-07 15:08:41,434 - DEBUG - findfont: score(FontEntry(fname='C:\\Windows\\Fonts\\ROCK.TTF', index=0, name='Rockwell', style='normal', variant='normal', weight=400, stretch='normal', size='scalable')) = 10.05
2026-08-07 15:08:41,434 - DEBUG - findfont: score(FontEntry(fname='C:\\Windows\\Fonts\\PER_____.TTF', index=0, name='Perpetua', style='normal', variant='normal', weight=400, stretch='normal', size='scalable')) = 10.05
2026-08-07 15:08:41,434 - DEBUG - findfont: score(FontEntry(fname='C:\\Windows\\Fonts\\GOTHIC.TTF', index=0, name='Century Gothic', style='normal', variant='normal', weight=400, stretch='normal', size='scalable')) = 10.05
2026-08-07 15:08:41,434 - DEBUG - findfont: score(FontEntry(fname='C:\\Windows\\Fonts\\arialbi.ttf', index=0, name='Arial', style='italic', variant='normal', weight=700, stretch='normal', size='scalable')) = 7.698636363636363
2026-08-07 15:08:41,434 - DEBUG - findfont: score(FontEntry(fname='C:\\Windows\\Fonts\\pala.ttf', index=0, name='Palatino Linotype', style='normal', variant='normal', weight=400, stretch='normal', size='scalable')) = 10.05
2026-08-07 15:08:41,434 - DEBUG - findfont: score(FontEntry(fname='C:\\Windows\\Fonts\\FRAHVIT.TTF', index=0, name='Franklin Gothic Heavy', style='italic', variant='normal', weight=400, stretch='normal', size='scalable')) = 11.05
2026-08-07 15:08:41,434 - DEBUG - findfont: score(FontEntry(fname='C:\\Windows\\Fonts\\calibriz.ttf', index=0, name='Calibri', style='italic', variant='normal', weight=700, stretch='normal', size='scalable')) = 11.335
2026-08-07 15:08:41,434 - DEBUG - findfont: score(FontEntry(fname='C:\\Windows\\Fonts\\simsunb.ttf', index=0, name='SimSun-ExtB', style='normal', variant='normal', weight=400, stretch='normal', size='scalable')) = 10.05
2026-08-07 15:08:41,434 - DEBUG - findfont: score(FontEntry(fname='C:\\Windows\\Fonts\\ALGER.TTF', index=0, name='Algerian', style='normal', variant='normal', weight=400, stretch='normal', size='scalable')) = 10.05
2026-08-07 15:08:41,434 - DEBUG - findfont: score(FontEntry(fname='C:\\Program Files\\MapInfo\\Professional\\Python310\\Lib\\site-packages\\matplotlib\\mpl-data\\fonts\\ttf\\cmex10.ttf', index=0, name='cmex10', style='normal', variant='normal', weight=400, stretch='normal', size='scalable')) = 10.05
2026-08-07 15:08:41,434 - DEBUG - findfont: score(FontEntry(fname='C:\\Program Files\\MapInfo\\Professional\\Python310\\Lib\\site-packages\\matplotlib\\mpl-data\\fonts\\ttf\\DejaVuSerifDisplay.ttf', index=0, name='DejaVu Serif Display', style='normal', variant='normal', weight=400, stretch='normal', size='scalable')) = 10.05
2026-08-07 15:08:41,434 - DEBUG - findfont: score(FontEntry(fname='C:\\Windows\\Fonts\\msjh.ttc', index=0, name='Microsoft JhengHei', style='normal', variant='normal', weight=400, stretch='normal', size='scalable')) = 10.05
2026-08-07 15:08:41,434 - DEBUG - findfont: score(FontEntry(fname='C:\\Windows\\Fonts\\msjh.ttc', index=1, name='Microsoft JhengHei UI', style='normal', variant='normal', weight=400, stretch='normal', size='scalable')) = 10.05
2026-08-07 15:08:41,434 - DEBUG - findfont: score(FontEntry(fname='C:\\Windows\\Fonts\\Milmod01.ttf', index=0, name='Mil SymMod 01', style='normal', variant='normal', weight=400, stretch='normal', size='scalable')) = 10.05
2026-08-07 15:08:41,434 - DEBUG - findfont: score(FontEntry(fname='C:\\Windows\\Fonts\\BOD_BLAR.TTF', index=0, name='Bodoni MT', style='normal', variant='normal', weight=900, stretch='normal', size='scalable')) = 10.525
2026-08-07 15:08:41,434 - DEBUG - findfont: score(FontEntry(fname='C:\\Windows\\Fonts\\BOD_BLAR.TTF', index=0, name='Bodoni MT Black', style='normal', variant='normal', weight=400, stretch='normal', size='scalable')) = 10.05
2026-08-07 15:08:41,434 - DEBUG - findfont: score(FontEntry(fname='C:\\Windows\\Fonts\\segoeuib.ttf', index=0, name='Segoe UI', style='normal', variant='normal', weight=700, stretch='normal', size='scalable')) = 10.335
2026-08-07 15:08:41,434 - DEBUG - findfont: score(FontEntry(fname='C:\\Windows\\Fonts\\mapisp__.ttf', index=0, name='MapInfo StreetPro', style='normal', variant='normal', weight=400, stretch='normal', size='scalable')) = 10.05
2026-08-07 15:08:41,434 - DEBUG - findfont: score(FontEntry(fname='C:\\Windows\\Fonts\\LFAX.TTF', index=0, name='Lucida Fax', style='normal', variant='normal', weight=400, stretch='normal', size='scalable')) = 10.05
2026-08-07 15:08:41,434 - DEBUG - findfont: score(FontEntry(fname='C:\\Windows\\Fonts\\Candarai.ttf', index=0, name='Candara', style='italic', variant='normal', weight=400, stretch='normal', size='scalable')) = 11.05
2026-08-07 15:08:41,434 - DEBUG - findfont: score(FontEntry(fname='C:\\Windows\\Fonts\\esri_400.ttf', index=0, name='ESRI Geology USGS 95-525', style='normal', variant='normal', weight=400, stretch='normal', size='scalable')) = 10.05
2026-08-07 15:08:41,434 - DEBUG - findfont: score(FontEntry(fname='C:\\Windows\\Fonts\\esri_39.ttf', index=0, name='ESRI Dimensioning', style='normal', variant='normal', weight=400, stretch='normal', size='scalable')) = 10.05
2026-08-07 15:08:41,434 - DEBUG - findfont: score(FontEntry(fname='C:\\Windows\\Fonts\\monbaiti.ttf', index=0, name='Mongolian Baiti', style='normal', variant='normal', weight=400, stretch='normal', size='scalable')) = 10.05
2026-08-07 15:08:41,434 - DEBUG - findfont: score(FontEntry(fname='C:\\Windows\\Fonts\\calibrib.ttf', index=0, name='Calibri', style='normal', variant='normal', weight=700, stretch='normal', size='scalable')) = 10.335
2026-08-07 15:08:41,434 - DEBUG - findfont: Matching sans\-serif:style=normal:variant=normal:weight=normal:stretch=normal:size=8.33 to DejaVu Sans ('C:\\Users\\W0491597\\Documents\\Arun\\TreeAIBox (2)\\TreeAIBox\\.conda\\Lib\\site-packages\\matplotlib\\mpl-data\\fonts\\ttf\\DejaVuSans.ttf') with score of 0.050000.
