2026-08-06 11:47:27,726 - DEBUG - findfont: Matching sans\-serif:style=normal:variant=normal:weight=normal:stretch=normal:size=10.0.
2026-08-06 11:47:27,726 - DEBUG - findfont: score(FontEntry(fname='D:\\Projects\\TreeAIBox\\.venv\\Lib\\site-packages\\matplotlib\\mpl-data\\fonts\\ttf\\DejaVuSans-Oblique.ttf', index=0, name='DejaVu Sans', style='oblique', variant='normal', weight=400, stretch='normal', size='scalable')) = 1.05
2026-08-06 11:47:27,727 - DEBUG - findfont: score(FontEntry(fname='D:\\Projects\\TreeAIBox\\.venv\\Lib\\site-packages\\matplotlib\\mpl-data\\fonts\\ttf\\DejaVuSans-BoldOblique.ttf', index=0, name='DejaVu Sans', style='oblique', variant='normal', weight=700, stretch='normal', size='scalable')) = 1.335
2026-08-06 11:47:27,727 - DEBUG - findfont: score(FontEntry(fname='D:\\Projects\\TreeAIBox\\.venv\\Lib\\site-packages\\matplotlib\\mpl-data\\fonts\\ttf\\STIXNonUniIta.ttf', index=0, name='STIXNonUnicode', style='italic', variant='normal', weight=400, stretch='normal', size='scalable')) = 11.05
2026-08-06 11:47:27,727 - DEBUG - findfont: score(FontEntry(fname='D:\\Projects\\TreeAIBox\\.venv\\Lib\\site-packages\\matplotlib\\mpl-data\\fonts\\ttf\\STIXGeneralItalic.ttf', index=0, name='STIXGeneral', style='italic', variant='normal', weight=400, stretch='normal', size='scalable')) = 11.05
2026-08-06 11:47:27,727 - DEBUG - findfont: score(FontEntry(fname='D:\\Projects\\TreeAIBox\\.venv\\Lib\\site-packages\\matplotlib\\mpl-data\\fonts\\ttf\\DejaVuSansMono-Bold.ttf', index=0, name='DejaVu Sans Mono', style='normal', variant='normal', weight=700, stretch='normal', size='scalable')) = 10.335
2026-08-06 11:47:27,727 - DEBUG - findfont: score(FontEntry(fname='D:\\Projects\\TreeAIBox\\.venv\\Lib\\site-packages\\matplotlib\\mpl-data\\fonts\\ttf\\STIXGeneral.ttf', index=0, name='STIXGeneral', style='normal', variant='normal', weight=400, stretch='normal', size='scalable')) = 10.05
2026-08-06 11:47:27,727 - DEBUG - findfont: score(FontEntry(fname='D:\\Projects\\TreeAIBox\\.venv\\Lib\\site-packages\\matplotlib\\mpl-data\\fonts\\ttf\\cmb10.ttf', index=0, name='cmb10', style='normal', variant='normal', weight=400, stretch='normal', size='scalable')) = 10.05
2026-08-06 11:47:27,728 - DEBUG - findfont: score(FontEntry(fname='D:\\Projects\\TreeAIBox\\.venv\\Lib\\site-packages\\matplotlib\\mpl-data\\fonts\\ttf\\cmmi10.ttf', index=0, name='cmmi10', style='normal', variant='normal', weight=400, stretch='normal', size='scalable')) = 10.05
2026-08-06 11:47:27,728 - DEBUG - findfont: score(FontEntry(fname='D:\\Projects\\TreeAIBox\\.venv\\Lib\\site-packages\\matplotlib\\mpl-data\\fonts\\ttf\\DejaVuSansMono-BoldOblique.ttf', index=0, name='DejaVu Sans Mono', style='oblique', variant='normal', weight=700, stretch='normal', size='scalable')) = 11.335
2026-08-06 11:47:27,728 - DEBUG - findfont: score(FontEntry(fname='D:\\Projects\\TreeAIBox\\.venv\\Lib\\site-packages\\matplotlib\\mpl-data\\fonts\\ttf\\DejaVuSerif.ttf', index=0, name='DejaVu Serif', style='normal', variant='normal', weight=400, stretch='normal', size='scalable')) = 10.05
2026-08-06 11:47:27,728 - DEBUG - findfont: score(FontEntry(fname='D:\\Projects\\TreeAIBox\\.venv\\Lib\\site-packages\\matplotlib\\mpl-data\\fonts\\ttf\\DejaVuSansMono-Oblique.ttf', index=0, name='DejaVu Sans Mono', style='oblique', variant='normal', weight=400, stretch='normal', size='scalable')) = 11.05
2026-08-06 11:47:27,728 - DEBUG - findfont: score(FontEntry(fname='D:\\Projects\\TreeAIBox\\.venv\\Lib\\site-packages\\matplotlib\\mpl-data\\fonts\\ttf\\cmex10.ttf', index=0, name='cmex10', style='normal', variant='normal', weight=400, stretch='normal', size='scalable')) = 10.05
2026-08-06 11:47:27,728 - DEBUG - findfont: score(FontEntry(fname='D:\\Projects\\TreeAIBox\\.venv\\Lib\\site-packages\\matplotlib\\mpl-data\\fonts\\ttf\\STIXSizOneSymBol.ttf', index=0, name='STIXSizeOneSym', style='normal', variant='normal', weight=700, stretch='normal', size='scalable')) = 10.335
2026-08-06 11:47:27,728 - DEBUG - findfont: score(FontEntry(fname='D:\\Projects\\TreeAIBox\\.venv\\Lib\\site-packages\\matplotlib\\mpl-data\\fonts\\ttf\\STIXNonUniBol.ttf', index=0, name='STIXNonUnicode', style='normal', variant='normal', weight=700, stretch='normal', size='scalable')) = 10.335
2026-08-06 11:47:27,729 - DEBUG - findfont: score(FontEntry(fname='D:\\Projects\\TreeAIBox\\.venv\\Lib\\site-packages\\matplotlib\\mpl-data\\fonts\\ttf\\STIXGeneralBol.ttf', index=0, name='STIXGeneral', style='normal', variant='normal', weight=700, stretch='normal', size='scalable')) = 10.335
2026-08-06 11:47:27,729 - DEBUG - findfont: score(FontEntry(fname='D:\\Projects\\TreeAIBox\\.venv\\Lib\\site-packages\\matplotlib\\mpl-data\\fonts\\ttf\\DejaVuSans.ttf', index=0, name='DejaVu Sans', style='normal', variant='normal', weight=400, stretch='normal', size='scalable')) = 0.05
2026-08-06 11:47:27,729 - DEBUG - findfont: score(FontEntry(fname='D:\\Projects\\TreeAIBox\\.venv\\Lib\\site-packages\\matplotlib\\mpl-data\\fonts\\ttf\\STIXNonUni.ttf', index=0, name='STIXNonUnicode', style='normal', variant='normal', weight=400, stretch='normal', size='scalable')) = 10.05
2026-08-06 11:47:27,729 - DEBUG - findfont: score(FontEntry(fname='D:\\Projects\\TreeAIBox\\.venv\\Lib\\site-packages\\matplotlib\\mpl-data\\fonts\\ttf\\STIXSizFourSymBol.ttf', index=0, name='STIXSizeFourSym', style='normal', variant='normal', weight=700, stretch='normal', size='scalable')) = 10.335
2026-08-06 11:47:27,729 - DEBUG - findfont: score(FontEntry(fname='D:\\Projects\\TreeAIBox\\.venv\\Lib\\site-packages\\matplotlib\\mpl-data\\fonts\\ttf\\cmr10.ttf', index=0, name='cmr10', style='normal', variant='normal', weight=400, stretch='normal', size='scalable')) = 10.05
2026-08-06 11:47:27,729 - DEBUG - findfont: score(FontEntry(fname='D:\\Projects\\TreeAIBox\\.venv\\Lib\\site-packages\\matplotlib\\mpl-data\\fonts\\ttf\\STIXSizFiveSymReg.ttf', index=0, name='STIXSizeFiveSym', style='normal', variant='normal', weight=400, stretch='normal', size='scalable')) = 10.05
2026-08-06 11:47:27,729 - DEBUG - findfont: score(FontEntry(fname='D:\\Projects\\TreeAIBox\\.venv\\Lib\\site-packages\\matplotlib\\mpl-data\\fonts\\ttf\\cmti10.ttf', index=0, name='cmti10', style='normal', variant='normal', weight=400, stretch='normal', size='scalable')) = 10.05
2026-08-06 11:47:27,730 - DEBUG - findfont: score(FontEntry(fname='D:\\Projects\\TreeAIBox\\.venv\\Lib\\site-packages\\matplotlib\\mpl-data\\fonts\\ttf\\STIXSizThreeSymBol.ttf', index=0, name='STIXSizeThreeSym', style='normal', variant='normal', weight=700, stretch='normal', size='scalable')) = 10.335
2026-08-06 11:47:27,730 - DEBUG - findfont: score(FontEntry(fname='D:\\Projects\\TreeAIBox\\.venv\\Lib\\site-packages\\matplotlib\\mpl-data\\fonts\\ttf\\cmtt10.ttf', index=0, name='cmtt10', style='normal', variant='normal', weight=400, stretch='normal', size='scalable')) = 10.05
2026-08-06 11:47:27,730 - DEBUG - findfont: score(FontEntry(fname='D:\\Projects\\TreeAIBox\\.venv\\Lib\\site-packages\\matplotlib\\mpl-data\\fonts\\ttf\\STIXSizFourSymReg.ttf', index=0, name='STIXSizeFourSym', style='normal', variant='normal', weight=400, stretch='normal', size='scalable')) = 10.05
2026-08-06 11:47:27,730 - DEBUG - findfont: score(FontEntry(fname='D:\\Projects\\TreeAIBox\\.venv\\Lib\\site-packages\\matplotlib\\mpl-data\\fonts\\ttf\\DejaVuSerif-Italic.ttf', index=0, name='DejaVu Serif', style='italic', variant='normal', weight=400, stretch='normal', size='scalable')) = 11.05
2026-08-06 11:47:27,730 - DEBUG - findfont: score(FontEntry(fname='D:\\Projects\\TreeAIBox\\.venv\\Lib\\site-packages\\matplotlib\\mpl-data\\fonts\\ttf\\cmsy10.ttf', index=0, name='cmsy10', style='normal', variant='normal', weight=400, stretch='normal', size='scalable')) = 10.05
2026-08-06 11:47:27,730 - DEBUG - findfont: score(FontEntry(fname='D:\\Projects\\TreeAIBox\\.venv\\Lib\\site-packages\\matplotlib\\mpl-data\\fonts\\ttf\\DejaVuSerif-BoldItalic.ttf', index=0, name='DejaVu Serif', style='italic', variant='normal', weight=700, stretch='normal', size='scalable')) = 11.335
2026-08-06 11:47:27,730 - DEBUG - findfont: score(FontEntry(fname='D:\\Projects\\TreeAIBox\\.venv\\Lib\\site-packages\\matplotlib\\mpl-data\\fonts\\ttf\\cmss10.ttf', index=0, name='cmss10', style='normal', variant='normal', weight=400, stretch='normal', size='scalable')) = 10.05
2026-08-06 11:47:27,730 - DEBUG - findfont: score(FontEntry(fname='D:\\Projects\\TreeAIBox\\.venv\\Lib\\site-packages\\matplotlib\\mpl-data\\fonts\\ttf\\STIXSizOneSymReg.ttf', index=0, name='STIXSizeOneSym', style='normal', variant='normal', weight=400, stretch='normal', size='scalable')) = 10.05
2026-08-06 11:47:27,730 - DEBUG - findfont: score(FontEntry(fname='D:\\Projects\\TreeAIBox\\.venv\\Lib\\site-packages\\matplotlib\\mpl-data\\fonts\\ttf\\LastResortHE-Regular.ttf', index=0, name='Last Resort High-Efficiency', style='normal', variant='normal', weight=400, stretch='normal', size='scalable')) = 10.05
2026-08-06 11:47:27,731 - DEBUG - findfont: score(FontEntry(fname='D:\\Projects\\TreeAIBox\\.venv\\Lib\\site-packages\\matplotlib\\mpl-data\\fonts\\ttf\\STIXSizTwoSymReg.ttf', index=0, name='STIXSizeTwoSym', style='normal', variant='normal', weight=400, stretch='normal', size='scalable')) = 10.05
2026-08-06 11:47:27,731 - DEBUG - findfont: score(FontEntry(fname='D:\\Projects\\TreeAIBox\\.venv\\Lib\\site-packages\\matplotlib\\mpl-data\\fonts\\ttf\\DejaVuSansDisplay.ttf', index=0, name='DejaVu Sans Display', style='normal', variant='normal', weight=400, stretch='normal', size='scalable')) = 10.05
2026-08-06 11:47:27,731 - DEBUG - findfont: score(FontEntry(fname='D:\\Projects\\TreeAIBox\\.venv\\Lib\\site-packages\\matplotlib\\mpl-data\\fonts\\ttf\\STIXNonUniBolIta.ttf', index=0, name='STIXNonUnicode', style='italic', variant='normal', weight=700, stretch='normal', size='scalable')) = 11.335
2026-08-06 11:47:27,731 - DEBUG - findfont: score(FontEntry(fname='D:\\Projects\\TreeAIBox\\.venv\\Lib\\site-packages\\matplotlib\\mpl-data\\fonts\\ttf\\STIXSizTwoSymBol.ttf', index=0, name='STIXSizeTwoSym', style='normal', variant='normal', weight=700, stretch='normal', size='scalable')) = 10.335
2026-08-06 11:47:27,731 - DEBUG - findfont: score(FontEntry(fname='D:\\Projects\\TreeAIBox\\.venv\\Lib\\site-packages\\matplotlib\\mpl-data\\fonts\\ttf\\DejaVuSansMono.ttf', index=0, name='DejaVu Sans Mono', style='normal', variant='normal', weight=400, stretch='normal', size='scalable')) = 10.05
2026-08-06 11:47:27,731 - DEBUG - findfont: score(FontEntry(fname='D:\\Projects\\TreeAIBox\\.venv\\Lib\\site-packages\\matplotlib\\mpl-data\\fonts\\ttf\\DejaVuSerif-Bold.ttf', index=0, name='DejaVu Serif', style='normal', variant='normal', weight=700, stretch='normal', size='scalable')) = 10.335
2026-08-06 11:47:27,731 - DEBUG - findfont: score(FontEntry(fname='D:\\Projects\\TreeAIBox\\.venv\\Lib\\site-packages\\matplotlib\\mpl-data\\fonts\\ttf\\DejaVuSans-Bold.ttf', index=0, name='DejaVu Sans', style='normal', variant='normal', weight=700, stretch='normal', size='scalable')) = 0.33499999999999996
2026-08-06 11:47:27,731 - DEBUG - findfont: score(FontEntry(fname='D:\\Projects\\TreeAIBox\\.venv\\Lib\\site-packages\\matplotlib\\mpl-data\\fonts\\ttf\\DejaVuSerifDisplay.ttf', index=0, name='DejaVu Serif Display', style='normal', variant='normal', weight=400, stretch='normal', size='scalable')) = 10.05
2026-08-06 11:47:27,731 - DEBUG - findfont: score(FontEntry(fname='D:\\Projects\\TreeAIBox\\.venv\\Lib\\site-packages\\matplotlib\\mpl-data\\fonts\\ttf\\STIXSizThreeSymReg.ttf', index=0, name='STIXSizeThreeSym', style='normal', variant='normal', weight=400, stretch='normal', size='scalable')) = 10.05
2026-08-06 11:47:27,731 - DEBUG - findfont: score(FontEntry(fname='D:\\Projects\\TreeAIBox\\.venv\\Lib\\site-packages\\matplotlib\\mpl-data\\fonts\\ttf\\STIXGeneralBolIta.ttf', index=0, name='STIXGeneral', style='italic', variant='normal', weight=700, stretch='normal', size='scalable')) = 11.335
2026-08-06 11:47:27,731 - DEBUG - findfont: score(FontEntry(fname='C:\\Windows\\Fonts\\TCCB____.TTF', index=0, name='Tw Cen MT Condensed', style='normal', variant='normal', weight=700, stretch='condensed', size='scalable')) = 10.535
2026-08-06 11:47:27,731 - DEBUG - findfont: score(FontEntry(fname='C:\\Windows\\Fonts\\seguibl.ttf', index=0, name='Segoe UI', style='normal', variant='normal', weight=900, stretch='normal', size='scalable')) = 10.525
2026-08-06 11:47:27,731 - DEBUG - findfont: score(FontEntry(fname='C:\\Windows\\Fonts\\seguibl.ttf', index=0, name='Segoe UI Black', style='normal', variant='normal', weight=400, stretch='normal', size='scalable')) = 10.05
2026-08-06 11:47:27,731 - DEBUG - findfont: score(FontEntry(fname='C:\\Windows\\Fonts\\isocpeur.ttf', index=0, name='ISOCPEUR', style='normal', variant='normal', weight=400, stretch='normal', size='scalable')) = 10.05
2026-08-06 11:47:27,731 - DEBUG - findfont: score(FontEntry(fname='C:\\Windows\\Fonts\\LBRITE.TTF', index=0, name='Lucida Bright', style='normal', variant='normal', weight=400, stretch='normal', size='scalable')) = 10.05
2026-08-06 11:47:27,732 - DEBUG - findfont: score(FontEntry(fname='C:\\Windows\\Fonts\\CALIFB.TTF', index=0, name='Californian FB', style='normal', variant='normal', weight=700, stretch='normal', size='scalable')) = 10.335
2026-08-06 11:47:27,732 - DEBUG - findfont: score(FontEntry(fname='C:\\Windows\\Fonts\\Nirmala.ttc', index=0, name='Nirmala UI', style='normal', variant='normal', weight=400, stretch='normal', size='scalable')) = 10.05
2026-08-06 11:47:27,732 - DEBUG - findfont: score(FontEntry(fname='C:\\Windows\\Fonts\\Nirmala.ttc', index=1, name='Nirmala UI', style='normal', variant='normal', weight=700, stretch='normal', size='scalable')) = 10.335
2026-08-06 11:47:27,732 - DEBUG - findfont: score(FontEntry(fname='C:\\Windows\\Fonts\\Nirmala.ttc', index=2, name='Nirmala UI', style='normal', variant='normal', weight=350, stretch='normal', size='scalable')) = 10.0975
2026-08-06 11:47:27,732 - DEBUG - findfont: score(FontEntry(fname='C:\\Windows\\Fonts\\Nirmala.ttc', index=2, name='Nirmala UI Semilight', style='normal', variant='normal', weight=400, stretch='normal', size='scalable')) = 10.05
2026-08-06 11:47:27,732 - DEBUG - findfont: score(FontEntry(fname='C:\\Windows\\Fonts\\Nirmala.ttc', index=3, name='Nirmala Text', style='normal', variant='normal', weight=400, stretch='normal', size='scalable')) = 10.05
2026-08-06 11:47:27,732 - DEBUG - findfont: score(FontEntry(fname='C:\\Windows\\Fonts\\Nirmala.ttc', index=4, name='Nirmala Text', style='normal', variant='normal', weight=700, stretch='normal', size='scalable')) = 10.335
2026-08-06 11:47:27,732 - DEBUG - findfont: score(FontEntry(fname='C:\\Windows\\Fonts\\Nirmala.ttc', index=5, name='Nirmala Text', style='normal', variant='normal', weight=350, stretch='normal', size='scalable')) = 10.0975
2026-08-06 11:47:27,732 - DEBUG - findfont: score(FontEntry(fname='C:\\Windows\\Fonts\\Nirmala.ttc', index=5, name='Nirmala Text Semilight', style='normal', variant='normal', weight=400, stretch='normal', size='scalable')) = 10.05
2026-08-06 11:47:27,732 - DEBUG - findfont: score(FontEntry(fname='C:\\Windows\\Fonts\\HARNGTON.TTF', index=0, name='Harrington', style='normal', variant='normal', weight=400, stretch='normal', size='scalable')) = 10.05
2026-08-06 11:47:27,732 - DEBUG - findfont: score(FontEntry(fname='C:\\Windows\\Fonts\\BRLNSB.TTF', index=0, name='Berlin Sans FB', style='normal', variant='normal', weight=700, stretch='normal', size='scalable')) = 10.335
2026-08-06 11:47:27,732 - DEBUG - findfont: score(FontEntry(fname='C:\\Windows\\Fonts\\romai___.ttf', index=0, name='Romantic', style='italic', variant='normal', weight=400, stretch='normal', size='scalable')) = 11.05
2026-08-06 11:47:27,733 - DEBUG - findfont: score(FontEntry(fname='C:\\Windows\\Fonts\\seguibli.ttf', index=0, name='Segoe UI', style='italic', variant='normal', weight=900, stretch='normal', size='scalable')) = 11.525
2026-08-06 11:47:27,733 - DEBUG - findfont: score(FontEntry(fname='C:\\Windows\\Fonts\\seguibli.ttf', index=0, name='Segoe UI Black', style='italic', variant='normal', weight=400, stretch='normal', size='scalable')) = 11.05
2026-08-06 11:47:27,733 - DEBUG - findfont: score(FontEntry(fname='C:\\Windows\\Fonts\\PERTIBD.TTF', index=0, name='Perpetua Titling MT', style='normal', variant='normal', weight=700, stretch='normal', size='scalable')) = 10.335
2026-08-06 11:47:27,733 - DEBUG - findfont: score(FontEntry(fname='C:\\Windows\\Fonts\\verdanaz.ttf', index=0, name='Verdana', style='italic', variant='normal', weight=700, stretch='normal', size='scalable')) = 4.971363636363637
2026-08-06 11:47:27,733 - DEBUG - findfont: score(FontEntry(fname='C:\\Windows\\Fonts\\simsun.ttc', index=0, name='SimSun', style='normal', variant='normal', weight=400, stretch='normal', size='scalable')) = 10.05
2026-08-06 11:47:27,733 - DEBUG - findfont: score(FontEntry(fname='C:\\Windows\\Fonts\\simsun.ttc', index=1, name='NSimSun', style='normal', variant='normal', weight=400, stretch='normal', size='scalable')) = 10.05
2026-08-06 11:47:27,733 - DEBUG - findfont: score(FontEntry(fname='C:\\Windows\\Fonts\\isocteui.ttf', index=0, name='ISOCTEUR', style='italic', variant='normal', weight=400, stretch='normal', size='scalable')) = 11.05
2026-08-06 11:47:27,733 - DEBUG - findfont: score(FontEntry(fname='C:\\Windows\\Fonts\\arialbi.ttf', index=0, name='Arial', style='italic', variant='normal', weight=700, stretch='normal', size='scalable')) = 7.698636363636363
2026-08-06 11:47:27,734 - DEBUG - findfont: score(FontEntry(fname='C:\\Windows\\Fonts\\CALIST.TTF', index=0, name='Calisto MT', style='normal', variant='normal', weight=400, stretch='normal', size='scalable')) = 10.05
2026-08-06 11:47:27,734 - DEBUG - findfont: score(FontEntry(fname='C:\\Windows\\Fonts\\swisscbi.ttf', index=0, name='Swis721 Cn BT', style='italic', variant='normal', weight=700, stretch='condensed', size='scalable')) = 11.535
2026-08-06 11:47:27,734 - DEBUG - findfont: score(FontEntry(fname='C:\\Windows\\Fonts\\LHANDW.TTF', index=0, name='Lucida Handwriting', style='italic', variant='normal', weight=400, stretch='normal', size='scalable')) = 11.05
2026-08-06 11:47:27,734 - DEBUG - findfont: score(FontEntry(fname='C:\\Windows\\Fonts\\swissk.ttf', index=0, name='Swis721 Blk BT', style='normal', variant='normal', weight=400, stretch='normal', size='scalable')) = 10.05
2026-08-06 11:47:27,734 - DEBUG - findfont: score(FontEntry(fname='C:\\Windows\\Fonts\\CENTAUR.TTF', index=0, name='Centaur', style='normal', variant='normal', weight=400, stretch='normal', size='scalable')) = 10.05
2026-08-06 11:47:27,734 - DEBUG - findfont: score(FontEntry(fname='C:\\Windows\\Fonts\\umath.ttf', index=0, name='UniversalMath1 BT', style='normal', variant='normal', weight=400, stretch='normal', size='scalable')) = 10.05
2026-08-06 11:47:27,734 - DEBUG - findfont: score(FontEntry(fname='C:\\Windows\\Fonts\\TCBI____.TTF', index=0, name='Tw Cen MT', style='italic', variant='normal', weight=700, stretch='normal', size='scalable')) = 11.335
2026-08-06 11:47:27,734 - DEBUG - findfont: score(FontEntry(fname='C:\\Windows\\Fonts\\constan.ttf', index=0, name='Constantia', style='normal', variant='normal', weight=400, stretch='normal', size='scalable')) = 10.05
2026-08-06 11:47:27,734 - DEBUG - findfont: score(FontEntry(fname='C:\\Windows\\Fonts\\romant__.ttf', index=0, name='RomanT', style='normal', variant='normal', weight=400, stretch='normal', size='scalable')) = 10.05
2026-08-06 11:47:27,734 - DEBUG - findfont: score(FontEntry(fname='C:\\Windows\\Fonts\\GILI____.TTF', index=0, name='Gill Sans MT', style='italic', variant='normal', weight=400, stretch='normal', size='scalable')) = 11.05
2026-08-06 11:47:27,734 - DEBUG - findfont: score(FontEntry(fname='C:\\Windows\\Fonts\\seguisli.ttf', index=0, name='Segoe UI', style='italic', variant='normal', weight=350, stretch='normal', size='scalable')) = 11.0975
2026-08-06 11:47:27,735 - DEBUG - findfont: score(FontEntry(fname='C:\\Windows\\Fonts\\seguisli.ttf', index=0, name='Segoe UI Semilight', style='italic', variant='normal', weight=400, stretch='normal', size='scalable')) = 11.05
2026-08-06 11:47:27,735 - DEBUG - findfont: score(FontEntry(fname='C:\\Windows\\Fonts\\monosbi.ttf', index=0, name='Monospac821 BT', style='italic', variant='normal', weight=700, stretch='normal', size='scalable')) = 11.335
2026-08-06 11:47:27,735 - DEBUG - findfont: score(FontEntry(fname='C:\\Windows\\Fonts\\times.ttf', index=0, name='Times New Roman', style='normal', variant='normal', weight=400, stretch='normal', size='scalable')) = 10.05
2026-08-06 11:47:27,735 - DEBUG - findfont: score(FontEntry(fname='C:\\Windows\\Fonts\\MSUIGHUR.TTF', index=0, name='Microsoft Uighur', style='normal', variant='normal', weight=400, stretch='normal', size='scalable')) = 10.05
2026-08-06 11:47:27,735 - DEBUG - findfont: score(FontEntry(fname='C:\\Windows\\Fonts\\romand__.ttf', index=0, name='RomanD', style='normal', variant='normal', weight=400, stretch='normal', size='scalable')) = 10.05
2026-08-06 11:47:27,735 - DEBUG - findfont: score(FontEntry(fname='C:\\Windows\\Fonts\\BOD_R.TTF', index=0, name='Bodoni MT', style='normal', variant='normal', weight=400, stretch='normal', size='scalable')) = 10.05
2026-08-06 11:47:27,735 - DEBUG - findfont: score(FontEntry(fname='C:\\Windows\\Fonts\\OCRAEXT.TTF', index=0, name='OCR A Extended', style='normal', variant='normal', weight=400, stretch='expanded', size='scalable')) = 10.25
2026-08-06 11:47:27,736 - DEBUG - findfont: score(FontEntry(fname='C:\\Windows\\Fonts\\TCMI____.TTF', index=0, name='Tw Cen MT', style='italic', variant='normal', weight=400, stretch='normal', size='scalable')) = 11.05
2026-08-06 11:47:27,736 - DEBUG - findfont: score(FontEntry(fname='C:\\Windows\\Fonts\\consolai.ttf', index=0, name='Consolas', style='italic', variant='normal', weight=400, stretch='normal', size='scalable')) = 11.05
2026-08-06 11:47:27,736 - DEBUG - findfont: score(FontEntry(fname='C:\\Windows\\Fonts\\counb___.ttf', index=0, name='CountryBlueprint', style='normal', variant='normal', weight=400, stretch='normal', size='scalable')) = 10.05
2026-08-06 11:47:27,736 - DEBUG - findfont: score(FontEntry(fname='C:\\Windows\\Fonts\\AMDT_Symbols.ttf', index=0, name='AmdtSymbols', style='normal', variant='normal', weight=400, stretch='normal', size='scalable')) = 10.05
2026-08-06 11:47:27,736 - DEBUG - findfont: score(FontEntry(fname='C:\\Windows\\Fonts\\cambriaz.ttf', index=0, name='Cambria', style='italic', variant='normal', weight=700, stretch='normal', size='scalable')) = 11.335
2026-08-06 11:47:27,736 - DEBUG - findfont: score(FontEntry(fname='C:\\Windows\\Fonts\\swissbi.ttf', index=0, name='Swis721 BT', style='italic', variant='normal', weight=700, stretch='normal', size='scalable')) = 11.335
2026-08-06 11:47:27,736 - DEBUG - findfont: score(FontEntry(fname='C:\\Windows\\Fonts\\GOTHIC.TTF', index=0, name='Century Gothic', style='normal', variant='normal', weight=400, stretch='normal', size='scalable')) = 10.05
2026-08-06 11:47:27,736 - DEBUG - findfont: score(FontEntry(fname='C:\\Windows\\Fonts\\SCHLBKI.TTF', index=0, name='Century Schoolbook', style='italic', variant='normal', weight=400, stretch='normal', size='scalable')) = 11.05
2026-08-06 11:47:27,736 - DEBUG - findfont: score(FontEntry(fname='C:\\Windows\\Fonts\\VINERITC.TTF', index=0, name='Viner Hand ITC', style='normal', variant='normal', weight=400, stretch='normal', size='scalable')) = 10.05
2026-08-06 11:47:27,736 - DEBUG - findfont: score(FontEntry(fname='C:\\Windows\\Fonts\\PERBI___.TTF', index=0, name='Perpetua', style='italic', variant='normal', weight=700, stretch='normal', size='scalable')) = 11.335
2026-08-06 11:47:27,736 - DEBUG - findfont: score(FontEntry(fname='C:\\Windows\\Fonts\\COOPBL.TTF', index=0, name='Cooper Black', style='normal', variant='normal', weight=400, stretch='normal', size='scalable')) = 10.05
2026-08-06 11:47:27,736 - DEBUG - findfont: score(FontEntry(fname='C:\\Windows\\Fonts\\GLECB.TTF', index=0, name='Gloucester MT Extra Condensed', style='normal', variant='normal', weight=400, stretch='condensed', size='scalable')) = 10.25
2026-08-06 11:47:27,737 - DEBUG - findfont: score(FontEntry(fname='C:\\Windows\\Fonts\\BRLNSDB.TTF', index=0, name='Berlin Sans FB Demi', style='normal', variant='normal', weight=700, stretch='normal', size='scalable')) = 10.335
2026-08-06 11:47:27,737 - DEBUG - findfont: score(FontEntry(fname='C:\\Windows\\Fonts\\segoeuib.ttf', index=0, name='Segoe UI', style='normal', variant='normal', weight=700, stretch='normal', size='scalable')) = 10.335
2026-08-06 11:47:27,737 - DEBUG - findfont: score(FontEntry(fname='C:\\Windows\\Fonts\\Artifakt Element Hair.ttf', index=0, name='Artifakt Element', style='normal', variant='normal', weight=100, stretch='normal', size='scalable')) = 10.335
2026-08-06 11:47:27,737 - DEBUG - findfont: score(FontEntry(fname='C:\\Windows\\Fonts\\Artifakt Element Hair.ttf', index=0, name='Artifakt Element Hair', style='normal', variant='normal', weight=400, stretch='normal', size='scalable')) = 10.05
2026-08-06 11:47:27,737 - DEBUG - findfont: score(FontEntry(fname='C:\\Windows\\Fonts\\couri.ttf', index=0, name='Courier New', style='italic', variant='normal', weight=400, stretch='normal', size='scalable')) = 11.05
2026-08-06 11:47:27,737 - DEBUG - findfont: score(FontEntry(fname='C:\\Windows\\Fonts\\txt_____.ttf', index=0, name='Txt', style='normal', variant='normal', weight=400, stretch='normal', size='scalable')) = 10.05
2026-08-06 11:47:27,737 - DEBUG - findfont: score(FontEntry(fname='C:\\Windows\\Fonts\\SitkaVF.ttf', index=0, name='Sitka', style='normal', variant='normal', weight=400, stretch='normal', size='scalable')) = 10.05
2026-08-06 11:47:27,737 - DEBUG - findfont: score(FontEntry(fname='C:\\Windows\\Fonts\\SitkaVF.ttf', index=0, name='Sitka Text', style='normal', variant='normal', weight=400, stretch='normal', size='scalable')) = 10.05
2026-08-06 11:47:27,737 - DEBUG - findfont: score(FontEntry(fname='C:\\Windows\\Fonts\\ERASMD.TTF', index=0, name='Eras Medium ITC', style='normal', variant='normal', weight=400, stretch='normal', size='scalable')) = 10.05
2026-08-06 11:47:27,737 - DEBUG - findfont: score(FontEntry(fname='C:\\Windows\\Fonts\\gothice_.ttf', index=0, name='GothicE', style='normal', variant='normal', weight=400, stretch='normal', size='scalable')) = 10.05
2026-08-06 11:47:27,737 - DEBUG - findfont: score(FontEntry(fname='C:\\Windows\\Fonts\\LSANSD.TTF', index=0, name='Lucida Sans', style='normal', variant='normal', weight=600, stretch='normal', size='scalable')) = 10.24
2026-08-06 11:47:27,738 - DEBUG - findfont: score(FontEntry(fname='C:\\Windows\\Fonts\\Artifakt Element Italic.ttf', index=0, name='Artifakt Element', style='italic', variant='normal', weight=400, stretch='normal', size='scalable')) = 11.05
2026-08-06 11:47:27,738 - DEBUG - findfont: score(FontEntry(fname='C:\\Windows\\Fonts\\greekc__.ttf', index=0, name='GreekC', style='normal', variant='normal', weight=400, stretch='normal', size='scalable')) = 10.05
2026-08-06 11:47:27,738 - DEBUG - findfont: score(FontEntry(fname='C:\\Windows\\Fonts\\Artifakt Element Black Italic.ttf', index=0, name='Artifakt Element', style='italic', variant='normal', weight=800, stretch='normal', size='scalable')) = 11.43
2026-08-06 11:47:27,738 - DEBUG - findfont: score(FontEntry(fname='C:\\Windows\\Fonts\\Artifakt Element Black Italic.ttf', index=0, name='Artifakt Element Black', style='italic', variant='normal', weight=400, stretch='normal', size='scalable')) = 11.05
2026-08-06 11:47:27,738 - DEBUG - findfont: score(FontEntry(fname='C:\\Windows\\Fonts\\BOD_BLAI.TTF', index=0, name='Bodoni MT', style='italic', variant='normal', weight=900, stretch='normal', size='scalable')) = 11.525
2026-08-06 11:47:27,738 - DEBUG - findfont: score(FontEntry(fname='C:\\Windows\\Fonts\\BOD_BLAI.TTF', index=0, name='Bodoni MT Black', style='italic', variant='normal', weight=400, stretch='normal', size='scalable')) = 11.05
2026-08-06 11:47:27,738 - DEBUG - findfont: score(FontEntry(fname='C:\\Windows\\Fonts\\ANTQUABI.TTF', index=0, name='Book Antiqua', style='italic', variant='normal', weight=700, stretch='normal', size='scalable')) = 11.335
2026-08-06 11:47:27,738 - DEBUG - findfont: score(FontEntry(fname='C:\\Windows\\Fonts\\sanssbo_.ttf', index=0, name='SansSerif', style='oblique', variant='normal', weight=700, stretch='normal', size='scalable')) = 11.335
2026-08-06 11:47:27,738 - DEBUG - findfont: score(FontEntry(fname='C:\\Windows\\Fonts\\monotxt_.ttf', index=0, name='Monotxt', style='normal', variant='normal', weight=400, stretch='normal', size='scalable')) = 10.05
2026-08-06 11:47:27,738 - DEBUG - findfont: score(FontEntry(fname='C:\\Windows\\Fonts\\mmrtextb.ttf', index=0, name='Myanmar Text', style='normal', variant='normal', weight=700, stretch='normal', size='scalable')) = 10.335
2026-08-06 11:47:27,738 - DEBUG - findfont: score(FontEntry(fname='C:\\Windows\\Fonts\\ONYX.TTF', index=0, name='Onyx', style='normal', variant='normal', weight=400, stretch='normal', size='scalable')) = 10.05
2026-08-06 11:47:27,738 - DEBUG - findfont: score(FontEntry(fname='C:\\Windows\\Fonts\\symbol.ttf', index=0, name='Symbol', style='normal', variant='normal', weight=400, stretch='normal', size='scalable')) = 10.05
2026-08-06 11:47:27,739 - DEBUG - findfont: score(FontEntry(fname='C:\\Windows\\Fonts\\LEELAWAD.TTF', index=0, name='Leelawadee', style='normal', variant='normal', weight=400, stretch='normal', size='scalable')) = 10.05
2026-08-06 11:47:27,739 - DEBUG - findfont: score(FontEntry(fname='C:\\Windows\\Fonts\\GARABD.TTF', index=0, name='Garamond', style='normal', variant='normal', weight=700, stretch='normal', size='scalable')) = 10.335
2026-08-06 11:47:27,739 - DEBUG - findfont: score(FontEntry(fname='C:\\Windows\\Fonts\\MATURASC.TTF', index=0, name='Matura MT Script Capitals', style='normal', variant='normal', weight=400, stretch='normal', size='scalable')) = 10.05
2026-08-06 11:47:27,739 - DEBUG - findfont: score(FontEntry(fname='C:\\Windows\\Fonts\\italicc_.ttf', index=0, name='ItalicC', style='italic', variant='normal', weight=400, stretch='normal', size='scalable')) = 11.05
2026-08-06 11:47:27,739 - DEBUG - findfont: score(FontEntry(fname='C:\\Windows\\Fonts\\Artifakt Element Thin Italic.ttf', index=0, name='Artifakt Element', style='italic', variant='normal', weight=200, stretch='normal', size='scalable')) = 11.24
2026-08-06 11:47:27,739 - DEBUG - findfont: score(FontEntry(fname='C:\\Windows\\Fonts\\Artifakt Element Thin Italic.ttf', index=0, name='Artifakt Element Thin', style='italic', variant='normal', weight=400, stretch='normal', size='scalable')) = 11.05
2026-08-06 11:47:27,739 - DEBUG - findfont: score(FontEntry(fname='C:\\Windows\\Fonts\\Artifakt Element Book Italic.ttf', index=0, name='Artifakt Element', style='italic', variant='normal', weight=450, stretch='normal', size='scalable')) = 11.0975
2026-08-06 11:47:27,739 - DEBUG - findfont: score(FontEntry(fname='C:\\Windows\\Fonts\\Artifakt Element Book Italic.ttf', index=0, name='Artifakt Element Book', style='italic', variant='normal', weight=400, stretch='normal', size='scalable')) = 11.05
2026-08-06 11:47:27,739 - DEBUG - findfont: score(FontEntry(fname='C:\\Windows\\Fonts\\ROCKB.TTF', index=0, name='Rockwell', style='normal', variant='normal', weight=700, stretch='normal', size='scalable')) = 10.335
2026-08-06 11:47:27,739 - DEBUG - findfont: score(FontEntry(fname='C:\\Windows\\Fonts\\AMGDT___.ttf', index=0, name='AMGDT', style='normal', variant='normal', weight=400, stretch='normal', size='scalable')) = 10.05
2026-08-06 11:47:27,740 - DEBUG - findfont: score(FontEntry(fname='C:\\Windows\\Fonts\\syastro_.ttf', index=0, name='Syastro', style='normal', variant='normal', weight=400, stretch='normal', size='scalable')) = 10.05
2026-08-06 11:47:27,740 - DEBUG - findfont: score(FontEntry(fname='C:\\Windows\\Fonts\\SegUIVar.ttf', index=0, name='Segoe UI Variable', style='normal', variant='normal', weight=400, stretch='normal', size='scalable')) = 10.05
2026-08-06 11:47:27,740 - DEBUG - findfont: score(FontEntry(fname='C:\\Windows\\Fonts\\HTOWERT.TTF', index=0, name='High Tower Text', style='normal', variant='normal', weight=400, stretch='normal', size='scalable')) = 10.05
2026-08-06 11:47:27,740 - DEBUG - findfont: score(FontEntry(fname='C:\\Windows\\Fonts\\comic.ttf', index=0, name='Comic Sans MS', style='normal', variant='normal', weight=400, stretch='normal', size='scalable')) = 10.05
2026-08-06 11:47:27,740 - DEBUG - findfont: score(FontEntry(fname='C:\\Windows\\Fonts\\CHILLER.TTF', index=0, name='Chiller', style='normal', variant='normal', weight=400, stretch='normal', size='scalable')) = 10.05
2026-08-06 11:47:27,740 - DEBUG - findfont: score(FontEntry(fname='C:\\Windows\\Fonts\\Artifakt Element Book.ttf', index=0, name='Artifakt Element', style='normal', variant='normal', weight=450, stretch='normal', size='scalable')) = 10.0975
2026-08-06 11:47:27,740 - DEBUG - findfont: score(FontEntry(fname='C:\\Windows\\Fonts\\Artifakt Element Book.ttf', index=0, name='Artifakt Element Book', style='normal', variant='normal', weight=400, stretch='normal', size='scalable')) = 10.05
2026-08-06 11:47:27,740 - DEBUG - findfont: score(FontEntry(fname='C:\\Windows\\Fonts\\GILSANUB.TTF', index=0, name='Gill Sans Ultra Bold', style='normal', variant='normal', weight=400, stretch='normal', size='scalable')) = 10.05
2026-08-06 11:47:27,740 - DEBUG - findfont: score(FontEntry(fname='C:\\Windows\\Fonts\\PER_____.TTF', index=0, name='Perpetua', style='normal', variant='normal', weight=400, stretch='normal', size='scalable')) = 10.05
2026-08-06 11:47:27,740 - DEBUG - findfont: score(FontEntry(fname='C:\\Windows\\Fonts\\simsunb.ttf', index=0, name='SimSun-ExtB', style='normal', variant='normal', weight=400, stretch='normal', size='scalable')) = 10.05
2026-08-06 11:47:27,740 - DEBUG - findfont: score(FontEntry(fname='C:\\Windows\\Fonts\\bgothl.ttf', index=0, name='BankGothic Lt BT', style='normal', variant='normal', weight=400, stretch='normal', size='scalable')) = 10.05
2026-08-06 11:47:27,740 - DEBUG - findfont: score(FontEntry(fname='C:\\Windows\\Fonts\\BOOKOS.TTF', index=0, name='Bookman Old Style', style='normal', variant='normal', weight=300, stretch='normal', size='scalable')) = 10.145
2026-08-06 11:47:27,740 - DEBUG - findfont: score(FontEntry(fname='C:\\Windows\\Fonts\\mtproxy3.ttf', index=0, name='Proxy 3', style='normal', variant='normal', weight=400, stretch='normal', size='scalable')) = 10.05
2026-08-06 11:47:27,740 - DEBUG - findfont: score(FontEntry(fname='C:\\Windows\\Fonts\\swiss.ttf', index=0, name='Swis721 BT', style='normal', variant='normal', weight=400, stretch='normal', size='scalable')) = 10.05
2026-08-06 11:47:27,741 - DEBUG - findfont: score(FontEntry(fname='C:\\Windows\\Fonts\\isocteur.ttf', index=0, name='ISOCTEUR', style='normal', variant='normal', weight=400, stretch='normal', size='scalable')) = 10.05
2026-08-06 11:47:27,741 - DEBUG - findfont: score(FontEntry(fname='C:\\Windows\\Fonts\\REFSPCL.TTF', index=0, name='MS Reference Specialty', style='normal', variant='normal', weight=400, stretch='normal', size='scalable')) = 10.05
2026-08-06 11:47:27,741 - DEBUG - findfont: score(FontEntry(fname='C:\\Windows\\Fonts\\swissko.ttf', index=0, name='Swis721 BlkOul BT', style='normal', variant='normal', weight=400, stretch='normal', size='scalable')) = 10.05
2026-08-06 11:47:27,741 - DEBUG - findfont: score(FontEntry(fname='C:\\Windows\\Fonts\\CascadiaMono.ttf', index=0, name='Cascadia Mono', style='normal', variant='normal', weight=400, stretch='normal', size='scalable')) = 10.05
2026-08-06 11:47:27,741 - DEBUG - findfont: score(FontEntry(fname='C:\\Windows\\Fonts\\seguisbi.ttf', index=0, name='Segoe UI', style='italic', variant='normal', weight=600, stretch='normal', size='scalable')) = 11.24
2026-08-06 11:47:27,741 - DEBUG - findfont: score(FontEntry(fname='C:\\Windows\\Fonts\\seguisbi.ttf', index=0, name='Segoe UI Semibold', style='italic', variant='normal', weight=400, stretch='normal', size='scalable')) = 11.05
2026-08-06 11:47:27,741 - DEBUG - findfont: score(FontEntry(fname='C:\\Windows\\Fonts\\msjhbd.ttc', index=0, name='Microsoft JhengHei', style='normal', variant='normal', weight=700, stretch='normal', size='scalable')) = 10.335
2026-08-06 11:47:27,741 - DEBUG - findfont: score(FontEntry(fname='C:\\Windows\\Fonts\\msjhbd.ttc', index=1, name='Microsoft JhengHei UI', style='normal', variant='normal', weight=700, stretch='normal', size='scalable')) = 10.335
2026-08-06 11:47:27,741 - DEBUG - findfont: score(FontEntry(fname='C:\\Windows\\Fonts\\segoesc.ttf', index=0, name='Segoe Script', style='normal', variant='normal', weight=400, stretch='normal', size='scalable')) = 10.05
2026-08-06 11:47:27,741 - DEBUG - findfont: score(FontEntry(fname='C:\\Windows\\Fonts\\BOD_CBI.TTF', index=0, name='Bodoni MT', style='italic', variant='normal', weight=700, stretch='condensed', size='scalable')) = 11.535
2026-08-06 11:47:27,741 - DEBUG - findfont: score(FontEntry(fname='C:\\Windows\\Fonts\\BOD_CBI.TTF', index=0, name='Bodoni MT Condensed', style='italic', variant='normal', weight=700, stretch='condensed', size='scalable')) = 11.535
2026-08-06 11:47:27,741 - DEBUG - findfont: score(FontEntry(fname='C:\\Windows\\Fonts\\GARAIT.TTF', index=0, name='Garamond', style='italic', variant='normal', weight=400, stretch='normal', size='scalable')) = 11.05
2026-08-06 11:47:27,741 - DEBUG - findfont: score(FontEntry(fname='C:\\Windows\\Fonts\\trebuc.ttf', index=0, name='Trebuchet MS', style='normal', variant='normal', weight=400, stretch='normal', size='scalable')) = 10.05
2026-08-06 11:47:27,741 - DEBUG - findfont: score(FontEntry(fname='C:\\Windows\\Fonts\\ITCBLKAD.TTF', index=0, name='Blackadder ITC', style='normal', variant='normal', weight=400, stretch='normal', size='scalable')) = 10.05
2026-08-06 11:47:27,741 - DEBUG - findfont: score(FontEntry(fname='C:\\Windows\\Fonts\\CENTURY.TTF', index=0, name='Century', style='normal', variant='normal', weight=400, stretch='normal', size='scalable')) = 10.05
2026-08-06 11:47:27,742 - DEBUG - findfont: score(FontEntry(fname='C:\\Windows\\Fonts\\mtproxy9.ttf', index=0, name='Proxy 9', style='normal', variant='normal', weight=400, stretch='normal', size='scalable')) = 10.05
2026-08-06 11:47:27,742 - DEBUG - findfont: score(FontEntry(fname='C:\\Windows\\Fonts\\AGENCYB.TTF', index=0, name='Agency FB', style='normal', variant='normal', weight=700, stretch='normal', size='scalable')) = 10.335
2026-08-06 11:47:27,742 - DEBUG - findfont: score(FontEntry(fname='C:\\Windows\\Fonts\\calibriz.ttf', index=0, name='Calibri', style='italic', variant='normal', weight=700, stretch='normal', size='scalable')) = 11.335
2026-08-06 11:47:27,742 - DEBUG - findfont: score(FontEntry(fname='C:\\Windows\\Fonts\\malgunsl.ttf', index=0, name='Malgun Gothic', style='normal', variant='normal', weight=300, stretch='normal', size='scalable')) = 10.145
2026-08-06 11:47:27,742 - DEBUG - findfont: score(FontEntry(fname='C:\\Windows\\Fonts\\malgunsl.ttf', index=0, name='Malgun Gothic Semilight', style='normal', variant='normal', weight=400, stretch='normal', size='scalable')) = 10.05
2026-08-06 11:47:27,742 - DEBUG - findfont: score(FontEntry(fname='C:\\Windows\\Fonts\\BAUHS93.TTF', index=0, name='Bauhaus 93', style='normal', variant='normal', weight=400, stretch='normal', size='scalable')) = 10.05
2026-08-06 11:47:27,742 - DEBUG - findfont: score(FontEntry(fname='C:\\Windows\\Fonts\\SNAP____.TTF', index=0, name='Snap ITC', style='normal', variant='normal', weight=400, stretch='normal', size='scalable')) = 10.05
2026-08-06 11:47:27,742 - DEBUG - findfont: score(FontEntry(fname='C:\\Windows\\Fonts\\arialbd.ttf', index=0, name='Arial', style='normal', variant='normal', weight=700, stretch='normal', size='scalable')) = 6.698636363636363
2026-08-06 11:47:27,742 - DEBUG - findfont: score(FontEntry(fname='C:\\Windows\\Fonts\\malgun.ttf', index=0, name='Malgun Gothic', style='normal', variant='normal', weight=400, stretch='normal', size='scalable')) = 10.05
2026-08-06 11:47:27,743 - DEBUG - findfont: score(FontEntry(fname='C:\\Windows\\Fonts\\GOUDOS.TTF', index=0, name='Goudy Old Style', style='normal', variant='normal', weight=400, stretch='normal', size='scalable')) = 10.05
2026-08-06 11:47:27,743 - DEBUG - findfont: score(FontEntry(fname='C:\\Windows\\Fonts\\LTYPE.TTF', index=0, name='Lucida Sans Typewriter', style='normal', variant='normal', weight=400, stretch='normal', size='scalable')) = 10.05
2026-08-06 11:47:27,743 - DEBUG - findfont: score(FontEntry(fname='C:\\Windows\\Fonts\\symeteo_.ttf', index=0, name='Symeteo', style='normal', variant='normal', weight=400, stretch='normal', size='scalable')) = 10.05
2026-08-06 11:47:27,743 - DEBUG - findfont: score(FontEntry(fname='C:\\Windows\\Fonts\\PLAYBILL.TTF', index=0, name='Playbill', style='normal', variant='normal', weight=400, stretch='normal', size='scalable')) = 10.05
2026-08-06 11:47:27,743 - DEBUG - findfont: score(FontEntry(fname='C:\\Windows\\Fonts\\eurro___.ttf', index=0, name='EuroRoman', style='oblique', variant='normal', weight=400, stretch='normal', size='scalable')) = 11.05
2026-08-06 11:47:27,743 - DEBUG - findfont: score(FontEntry(fname='C:\\Windows\\Fonts\\LCALLIG.TTF', index=0, name='Lucida Calligraphy', style='italic', variant='normal', weight=400, stretch='normal', size='scalable')) = 11.05
2026-08-06 11:47:27,743 - DEBUG - findfont: score(FontEntry(fname='C:\\Windows\\Fonts\\segoepr.ttf', index=0, name='Segoe Print', style='normal', variant='normal', weight=400, stretch='normal', size='scalable')) = 10.05
2026-08-06 11:47:27,743 - DEBUG - findfont: score(FontEntry(fname='C:\\Windows\\Fonts\\msyhl.ttc', index=0, name='Microsoft YaHei', style='normal', variant='normal', weight=290, stretch='normal', size='scalable')) = 10.1545
2026-08-06 11:47:27,744 - DEBUG - findfont: score(FontEntry(fname='C:\\Windows\\Fonts\\msyhl.ttc', index=0, name='Microsoft YaHei Light', style='normal', variant='normal', weight=400, stretch='normal', size='scalable')) = 10.05
2026-08-06 11:47:27,744 - DEBUG - findfont: score(FontEntry(fname='C:\\Windows\\Fonts\\msyhl.ttc', index=1, name='Microsoft YaHei UI', style='normal', variant='normal', weight=290, stretch='normal', size='scalable')) = 10.1545
2026-08-06 11:47:27,744 - DEBUG - findfont: score(FontEntry(fname='C:\\Windows\\Fonts\\msyhl.ttc', index=1, name='Microsoft YaHei UI Light', style='normal', variant='normal', weight=400, stretch='normal', size='scalable')) = 10.05
2026-08-06 11:47:27,744 - DEBUG - findfont: score(FontEntry(fname='C:\\Windows\\Fonts\\isoct2__.ttf', index=0, name='ISOCT2', style='normal', variant='normal', weight=400, stretch='normal', size='scalable')) = 10.05
2026-08-06 11:47:27,744 - DEBUG - findfont: score(FontEntry(fname='C:\\Windows\\Fonts\\FRADM.TTF', index=0, name='Franklin Gothic Demi', style='normal', variant='normal', weight=400, stretch='normal', size='scalable')) = 10.05
2026-08-06 11:47:27,744 - DEBUG - findfont: score(FontEntry(fname='C:\\Windows\\Fonts\\CALIFI.TTF', index=0, name='Californian FB', style='italic', variant='normal', weight=400, stretch='normal', size='scalable')) = 11.05
2026-08-06 11:47:27,744 - DEBUG - findfont: score(FontEntry(fname='C:\\Windows\\Fonts\\ARIALNI.TTF', index=0, name='Arial', style='italic', variant='normal', weight=400, stretch='condensed', size='scalable')) = 7.613636363636363
2026-08-06 11:47:27,744 - DEBUG - findfont: score(FontEntry(fname='C:\\Windows\\Fonts\\ARIALNI.TTF', index=0, name='Arial Narrow', style='italic', variant='normal', weight=400, stretch='condensed', size='scalable')) = 11.25
2026-08-06 11:47:27,745 - DEBUG - findfont: score(FontEntry(fname='C:\\Windows\\Fonts\\taile.ttf', index=0, name='Microsoft Tai Le', style='normal', variant='normal', weight=400, stretch='normal', size='scalable')) = 10.05
2026-08-06 11:47:27,745 - DEBUG - findfont: score(FontEntry(fname='C:\\Windows\\Fonts\\Artifakt Element Hair Italic.ttf', index=0, name='Artifakt Element', style='italic', variant='normal', weight=100, stretch='normal', size='scalable')) = 11.335
2026-08-06 11:47:27,745 - DEBUG - findfont: score(FontEntry(fname='C:\\Windows\\Fonts\\Artifakt Element Hair Italic.ttf', index=0, name='Artifakt Element Hair', style='italic', variant='normal', weight=400, stretch='normal', size='scalable')) = 11.05
2026-08-06 11:47:27,745 - DEBUG - findfont: score(FontEntry(fname='C:\\Windows\\Fonts\\swisscki.ttf', index=0, name='Swis721 BlkCn BT', style='italic', variant='normal', weight=400, stretch='condensed', size='scalable')) = 11.25
2026-08-06 11:47:27,745 - DEBUG - findfont: score(FontEntry(fname='C:\\Windows\\Fonts\\gothici_.ttf', index=0, name='GothicI', style='normal', variant='normal', weight=400, stretch='normal', size='scalable')) = 10.05
2026-08-06 11:47:27,745 - DEBUG - findfont: score(FontEntry(fname='C:\\Windows\\Fonts\\dutchi.ttf', index=0, name='Dutch801 Rm BT', style='italic', variant='normal', weight=400, stretch='normal', size='scalable')) = 11.05
2026-08-06 11:47:27,745 - DEBUG - findfont: score(FontEntry(fname='C:\\Windows\\Fonts\\mingliub.ttc', index=0, name='MingLiU-ExtB', style='normal', variant='normal', weight=400, stretch='normal', size='scalable')) = 10.05
2026-08-06 11:47:27,745 - DEBUG - findfont: score(FontEntry(fname='C:\\Windows\\Fonts\\mingliub.ttc', index=1, name='PMingLiU-ExtB', style='normal', variant='normal', weight=400, stretch='normal', size='scalable')) = 10.05
2026-08-06 11:47:27,745 - DEBUG - findfont: score(FontEntry(fname='C:\\Windows\\Fonts\\mingliub.ttc', index=2, name='MingLiU_HKSCS-ExtB', style='normal', variant='normal', weight=400, stretch='normal', size='scalable')) = 10.05
2026-08-06 11:47:27,745 - DEBUG - findfont: score(FontEntry(fname='C:\\Windows\\Fonts\\mingliub.ttc', index=3, name='MingLiU_MSCS-ExtB', style='normal', variant='normal', weight=400, stretch='normal', size='scalable')) = 10.05
2026-08-06 11:47:27,745 - DEBUG - findfont: score(FontEntry(fname='C:\\Windows\\Fonts\\GARA.TTF', index=0, name='Garamond', style='normal', variant='normal', weight=400, stretch='normal', size='scalable')) = 10.05
2026-08-06 11:47:27,745 - DEBUG - findfont: score(FontEntry(fname='C:\\Windows\\Fonts\\GLSNECB.TTF', index=0, name='Gill Sans MT Ext Condensed Bold', style='normal', variant='normal', weight=400, stretch='condensed', size='scalable')) = 10.25
2026-08-06 11:47:27,746 - DEBUG - findfont: score(FontEntry(fname='C:\\Windows\\Fonts\\REFSAN.TTF', index=0, name='MS Reference Sans Serif', style='normal', variant='normal', weight=400, stretch='normal', size='scalable')) = 10.05
2026-08-06 11:47:27,746 - DEBUG - findfont: score(FontEntry(fname='C:\\Windows\\Fonts\\SCRIPTBL.TTF', index=0, name='Script MT Bold', style='normal', variant='normal', weight=700, stretch='normal', size='scalable')) = 10.335
2026-08-06 11:47:27,746 - DEBUG - findfont: score(FontEntry(fname='C:\\Windows\\Fonts\\LSANSI.TTF', index=0, name='Lucida Sans', style='italic', variant='normal', weight=400, stretch='normal', size='scalable')) = 11.05
2026-08-06 11:47:27,746 - DEBUG - findfont: score(FontEntry(fname='C:\\Windows\\Fonts\\AcadEref.ttf', index=0, name='AcadEref', style='normal', variant='normal', weight=400, stretch='normal', size='scalable')) = 10.05
2026-08-06 11:47:27,746 - DEBUG - findfont: score(FontEntry(fname='C:\\Windows\\Fonts\\segoeui.ttf', index=0, name='Segoe UI', style='normal', variant='normal', weight=400, stretch='normal', size='scalable')) = 10.05
2026-08-06 11:47:27,746 - DEBUG - findfont: score(FontEntry(fname='C:\\Windows\\Fonts\\ROCKBI.TTF', index=0, name='Rockwell', style='italic', variant='normal', weight=700, stretch='normal', size='scalable')) = 11.335
2026-08-06 11:47:27,746 - DEBUG - findfont: score(FontEntry(fname='C:\\Windows\\Fonts\\Artifakt Element Regular.ttf', index=0, name='Artifakt Element', style='normal', variant='normal', weight=400, stretch='normal', size='scalable')) = 10.05
2026-08-06 11:47:27,746 - DEBUG - findfont: score(FontEntry(fname='C:\\Windows\\Fonts\\LeelUIsl.ttf', index=0, name='Leelawadee UI', style='normal', variant='normal', weight=350, stretch='normal', size='scalable')) = 10.0975
2026-08-06 11:47:27,746 - DEBUG - findfont: score(FontEntry(fname='C:\\Windows\\Fonts\\LeelUIsl.ttf', index=0, name='Leelawadee UI Semilight', style='normal', variant='normal', weight=400, stretch='normal', size='scalable')) = 10.05
2026-08-06 11:47:27,746 - DEBUG - findfont: score(FontEntry(fname='C:\\Windows\\Fonts\\micross.ttf', index=0, name='Microsoft Sans Serif', style='normal', variant='normal', weight=400, stretch='normal', size='scalable')) = 10.05
2026-08-06 11:47:27,746 - DEBUG - findfont: score(FontEntry(fname='C:\\Windows\\Fonts\\simplex_.ttf', index=0, name='Simplex', style='normal', variant='normal', weight=400, stretch='normal', size='scalable')) = 10.05
2026-08-06 11:47:27,746 - DEBUG - findfont: score(FontEntry(fname='C:\\Windows\\Fonts\\javatext.ttf', index=0, name='Javanese Text', style='normal', variant='normal', weight=400, stretch='normal', size='scalable')) = 10.05
2026-08-06 11:47:27,746 - DEBUG - findfont: score(FontEntry(fname='C:\\Windows\\Fonts\\isoct3__.ttf', index=0, name='ISOCT3', style='normal', variant='normal', weight=400, stretch='normal', size='scalable')) = 10.05
2026-08-06 11:47:27,746 - DEBUG - findfont: score(FontEntry(fname='C:\\Windows\\Fonts\\CALISTB.TTF', index=0, name='Calisto MT', style='normal', variant='normal', weight=700, stretch='normal', size='scalable')) = 10.335
2026-08-06 11:47:27,746 - DEBUG - findfont: score(FontEntry(fname='C:\\Windows\\Fonts\\BOOKOSBI.TTF', index=0, name='Bookman Old Style', style='italic', variant='normal', weight=600, stretch='normal', size='scalable')) = 11.24
2026-08-06 11:47:27,746 - DEBUG - findfont: score(FontEntry(fname='C:\\Windows\\Fonts\\framdit.ttf', index=0, name='Franklin Gothic Medium', style='italic', variant='normal', weight=400, stretch='normal', size='scalable')) = 11.05
2026-08-06 11:47:27,746 - DEBUG - findfont: score(FontEntry(fname='C:\\Windows\\Fonts\\swissbo.ttf', index=0, name='Swis721 BdOul BT', style='normal', variant='normal', weight=400, stretch='normal', size='scalable')) = 10.05
2026-08-06 11:47:27,747 - DEBUG - findfont: score(FontEntry(fname='C:\\Windows\\Fonts\\CURLZ___.TTF', index=0, name='Curlz MT', style='normal', variant='normal', weight=400, stretch='normal', size='scalable')) = 10.05
2026-08-06 11:47:27,747 - DEBUG - findfont: score(FontEntry(fname='C:\\Windows\\Fonts\\Candarai.ttf', index=0, name='Candara', style='italic', variant='normal', weight=400, stretch='normal', size='scalable')) = 11.05
2026-08-06 11:47:27,747 - DEBUG - findfont: score(FontEntry(fname='C:\\Windows\\Fonts\\LiberationSans-Regular.ttf', index=0, name='Liberation Sans', style='normal', variant='normal', weight=400, stretch='normal', size='scalable')) = 10.05
2026-08-06 11:47:27,747 - DEBUG - findfont: score(FontEntry(fname='C:\\Windows\\Fonts\\trebucit.ttf', index=0, name='Trebuchet MS', style='italic', variant='normal', weight=400, stretch='normal', size='scalable')) = 11.05
2026-08-06 11:47:27,747 - DEBUG - findfont: score(FontEntry(fname='C:\\Windows\\Fonts\\complex_.ttf', index=0, name='Complex', style='normal', variant='normal', weight=400, stretch='normal', size='scalable')) = 10.05
2026-08-06 11:47:27,747 - DEBUG - findfont: score(FontEntry(fname='C:\\Windows\\Fonts\\consola.ttf', index=0, name='Consolas', style='normal', variant='normal', weight=400, stretch='normal', size='scalable')) = 10.05
2026-08-06 11:47:27,747 - DEBUG - findfont: score(FontEntry(fname='C:\\Windows\\Fonts\\swissck.ttf', index=0, name='Swis721 BlkCn BT', style='normal', variant='normal', weight=400, stretch='condensed', size='scalable')) = 10.25
2026-08-06 11:47:27,747 - DEBUG - findfont: score(FontEntry(fname='C:\\Windows\\Fonts\\INFROMAN.TTF', index=0, name='Informal Roman', style='normal', variant='normal', weight=400, stretch='normal', size='scalable')) = 10.05
2026-08-06 11:47:27,747 - DEBUG - findfont: score(FontEntry(fname='C:\\Windows\\Fonts\\BRLNSR.TTF', index=0, name='Berlin Sans FB', style='normal', variant='normal', weight=400, stretch='normal', size='scalable')) = 10.05
2026-08-06 11:47:27,747 - DEBUG - findfont: score(FontEntry(fname='C:\\Windows\\Fonts\\technic_.ttf', index=0, name='Technic', style='normal', variant='normal', weight=400, stretch='normal', size='scalable')) = 10.05
2026-08-06 11:47:27,747 - DEBUG - findfont: score(FontEntry(fname='C:\\Windows\\Fonts\\BKANT.TTF', index=0, name='Book Antiqua', style='normal', variant='normal', weight=400, stretch='normal', size='scalable')) = 10.05
2026-08-06 11:47:27,747 - DEBUG - findfont: score(FontEntry(fname='C:\\Windows\\Fonts\\eurr____.ttf', index=0, name='EuroRoman', style='normal', variant='normal', weight=400, stretch='normal', size='scalable')) = 10.05
2026-08-06 11:47:27,747 - DEBUG - findfont: score(FontEntry(fname='C:\\Windows\\Fonts\\verdanai.ttf', index=0, name='Verdana', style='italic', variant='normal', weight=400, stretch='normal', size='scalable')) = 4.6863636363636365
2026-08-06 11:47:27,747 - DEBUG - findfont: score(FontEntry(fname='C:\\Windows\\Fonts\\GOTHICI.TTF', index=0, name='Century Gothic', style='italic', variant='normal', weight=400, stretch='normal', size='scalable')) = 11.05
2026-08-06 11:47:27,747 - DEBUG - findfont: score(FontEntry(fname='C:\\Windows\\Fonts\\ARIALN.TTF', index=0, name='Arial', style='normal', variant='normal', weight=400, stretch='condensed', size='scalable')) = 6.613636363636363
2026-08-06 11:47:27,748 - DEBUG - findfont: score(FontEntry(fname='C:\\Windows\\Fonts\\ARIALN.TTF', index=0, name='Arial Narrow', style='normal', variant='normal', weight=400, stretch='condensed', size='scalable')) = 10.25
2026-08-06 11:47:27,748 - DEBUG - findfont: score(FontEntry(fname='C:\\Windows\\Fonts\\segoeuil.ttf', index=0, name='Segoe UI', style='normal', variant='normal', weight=300, stretch='normal', size='scalable')) = 10.145
2026-08-06 11:47:27,748 - DEBUG - findfont: score(FontEntry(fname='C:\\Windows\\Fonts\\segoeuil.ttf', index=0, name='Segoe UI Light', style='normal', variant='normal', weight=400, stretch='normal', size='scalable')) = 10.05
2026-08-06 11:47:27,748 - DEBUG - findfont: score(FontEntry(fname='C:\\Windows\\Fonts\\msyh.ttc', index=0, name='Microsoft YaHei', style='normal', variant='normal', weight=400, stretch='normal', size='scalable')) = 10.05
2026-08-06 11:47:27,748 - DEBUG - findfont: score(FontEntry(fname='C:\\Windows\\Fonts\\msyh.ttc', index=1, name='Microsoft YaHei UI', style='normal', variant='normal', weight=400, stretch='normal', size='scalable')) = 10.05
2026-08-06 11:47:27,748 - DEBUG - findfont: score(FontEntry(fname='C:\\Windows\\Fonts\\malgunbd.ttf', index=0, name='Malgun Gothic', style='normal', variant='normal', weight=700, stretch='normal', size='scalable')) = 10.335
2026-08-06 11:47:27,748 - DEBUG - findfont: score(FontEntry(fname='C:\\Windows\\Fonts\\calibri.ttf', index=0, name='Calibri', style='normal', variant='normal', weight=400, stretch='normal', size='scalable')) = 10.05
2026-08-06 11:47:27,748 - DEBUG - findfont: score(FontEntry(fname='C:\\Windows\\Fonts\\ariali.ttf', index=0, name='Arial', style='italic', variant='normal', weight=400, stretch='normal', size='scalable')) = 7.413636363636363
2026-08-06 11:47:27,748 - DEBUG - findfont: score(FontEntry(fname='C:\\Windows\\Fonts\\sanss___.ttf', index=0, name='SansSerif', style='normal', variant='normal', weight=400, stretch='normal', size='scalable')) = 10.05
2026-08-06 11:47:27,749 - DEBUG - findfont: score(FontEntry(fname='C:\\Windows\\Fonts\\HARLOWSI.TTF', index=0, name='Harlow Solid Italic', style='italic', variant='normal', weight=400, stretch='normal', size='scalable')) = 11.05
2026-08-06 11:47:27,749 - DEBUG - findfont: score(FontEntry(fname='C:\\Windows\\Fonts\\LFAXI.TTF', index=0, name='Lucida Fax', style='italic', variant='normal', weight=400, stretch='normal', size='scalable')) = 11.05
2026-08-06 11:47:27,749 - DEBUG - findfont: score(FontEntry(fname='C:\\Windows\\Fonts\\BASKVILL.TTF', index=0, name='Baskerville Old Face', style='normal', variant='normal', weight=400, stretch='normal', size='scalable')) = 10.05
2026-08-06 11:47:27,749 - DEBUG - findfont: score(FontEntry(fname='C:\\Windows\\Fonts\\JUICE___.TTF', index=0, name='Juice ITC', style='normal', variant='normal', weight=400, stretch='normal', size='scalable')) = 10.05
2026-08-06 11:47:27,749 - DEBUG - findfont: score(FontEntry(fname='C:\\Windows\\Fonts\\CALISTI.TTF', index=0, name='Calisto MT', style='italic', variant='normal', weight=400, stretch='normal', size='scalable')) = 11.05
2026-08-06 11:47:27,749 - DEBUG - findfont: score(FontEntry(fname='C:\\Windows\\Fonts\\Candara.ttf', index=0, name='Candara', style='normal', variant='normal', weight=400, stretch='normal', size='scalable')) = 10.05
2026-08-06 11:47:27,749 - DEBUG - findfont: score(FontEntry(fname='C:\\Windows\\Fonts\\MSUIGHUB.TTF', index=0, name='Microsoft Uighur', style='normal', variant='normal', weight=700, stretch='normal', size='scalable')) = 10.335
2026-08-06 11:47:27,750 - DEBUG - findfont: score(FontEntry(fname='C:\\Windows\\Fonts\\STENCIL.TTF', index=0, name='Stencil', style='normal', variant='normal', weight=400, stretch='normal', size='scalable')) = 10.05
2026-08-06 11:47:27,750 - DEBUG - findfont: score(FontEntry(fname='C:\\Windows\\Fonts\\SansSerifCollection.ttf', index=0, name='Sans Serif Collection', style='normal', variant='normal', weight=400, stretch='normal', size='scalable')) = 10.05
2026-08-06 11:47:27,750 - DEBUG - findfont: score(FontEntry(fname='C:\\Windows\\Fonts\\ALGER.TTF', index=0, name='Algerian', style='normal', variant='normal', weight=400, stretch='normal', size='scalable')) = 10.05
2026-08-06 11:47:27,750 - DEBUG - findfont: score(FontEntry(fname='C:\\Windows\\Fonts\\georgia.ttf', index=0, name='Georgia', style='normal', variant='normal', weight=400, stretch='normal', size='scalable')) = 10.05
2026-08-06 11:47:27,750 - DEBUG - findfont: score(FontEntry(fname='C:\\Windows\\Fonts\\BSSYM7.TTF', index=0, name='Bookshelf Symbol 7', style='normal', variant='normal', weight=400, stretch='normal', size='scalable')) = 10.05
2026-08-06 11:47:27,750 - DEBUG - findfont: score(FontEntry(fname='C:\\Windows\\Fonts\\RAGE.TTF', index=0, name='Rage Italic', style='italic', variant='normal', weight=400, stretch='normal', size='scalable')) = 11.05
2026-08-06 11:47:27,750 - DEBUG - findfont: score(FontEntry(fname='C:\\Windows\\Fonts\\isocp___.ttf', index=0, name='ISOCP', style='normal', variant='normal', weight=400, stretch='normal', size='scalable')) = 10.05
2026-08-06 11:47:27,750 - DEBUG - findfont: score(FontEntry(fname='C:\\Windows\\Fonts\\gdt_____.ttf', index=0, name='GDT', style='normal', variant='normal', weight=400, stretch='normal', size='scalable')) = 10.05
2026-08-06 11:47:27,750 - DEBUG - findfont: score(FontEntry(fname='C:\\Windows\\Fonts\\palab.ttf', index=0, name='Palatino Linotype', style='normal', variant='normal', weight=700, stretch='normal', size='scalable')) = 10.335
2026-08-06 11:47:27,750 - DEBUG - findfont: score(FontEntry(fname='C:\\Windows\\Fonts\\BOD_BI.TTF', index=0, name='Bodoni MT', style='italic', variant='normal', weight=700, stretch='normal', size='scalable')) = 11.335
2026-08-06 11:47:27,750 - DEBUG - findfont: score(FontEntry(fname='C:\\Windows\\Fonts\\monos.ttf', index=0, name='Monospac821 BT', style='normal', variant='normal', weight=400, stretch='normal', size='scalable')) = 10.05
2026-08-06 11:47:27,751 - DEBUG - findfont: score(FontEntry(fname='C:\\Windows\\Fonts\\comicz.ttf', index=0, name='Comic Sans MS', style='italic', variant='normal', weight=700, stretch='normal', size='scalable')) = 11.335
2026-08-06 11:47:27,751 - DEBUG - findfont: score(FontEntry(fname='C:\\Windows\\Fonts\\swissli.ttf', index=0, name='Swis721 Lt BT', style='italic', variant='normal', weight=400, stretch='normal', size='scalable')) = 11.05
2026-08-06 11:47:27,751 - DEBUG - findfont: score(FontEntry(fname='C:\\Windows\\Fonts\\WINGDNG2.TTF', index=0, name='Wingdings 2', style='normal', variant='normal', weight=400, stretch='normal', size='scalable')) = 10.05
2026-08-06 11:47:27,751 - DEBUG - findfont: score(FontEntry(fname='C:\\Windows\\Fonts\\swisse.ttf', index=0, name='Swis721 Ex BT', style='normal', variant='normal', weight=400, stretch='expanded', size='scalable')) = 10.25
2026-08-06 11:47:27,751 - DEBUG - findfont: score(FontEntry(fname='C:\\Windows\\Fonts\\FELIXTI.TTF', index=0, name='Felix Titling', style='normal', variant='normal', weight=400, stretch='normal', size='scalable')) = 10.05
2026-08-06 11:47:27,751 - DEBUG - findfont: score(FontEntry(fname='C:\\Windows\\Fonts\\MAIAN.TTF', index=0, name='Maiandra GD', style='normal', variant='normal', weight=400, stretch='normal', size='scalable')) = 10.05
2026-08-06 11:47:27,751 - DEBUG - findfont: score(FontEntry(fname='C:\\Windows\\Fonts\\COPRGTL.TTF', index=0, name='Copperplate Gothic Light', style='normal', variant='normal', weight=400, stretch='normal', size='scalable')) = 10.05
2026-08-06 11:47:27,751 - DEBUG - findfont: score(FontEntry(fname='C:\\Windows\\Fonts\\WINGDNG3.TTF', index=0, name='Wingdings 3', style='normal', variant='normal', weight=400, stretch='normal', size='scalable')) = 10.05
2026-08-06 11:47:27,751 - DEBUG - findfont: score(FontEntry(fname='C:\\Windows\\Fonts\\seguiemj.ttf', index=0, name='Segoe UI Emoji', style='normal', variant='normal', weight=400, stretch='normal', size='scalable')) = 10.05
2026-08-06 11:47:27,751 - DEBUG - findfont: score(FontEntry(fname='C:\\Windows\\Fonts\\webdings.ttf', index=0, name='Webdings', style='normal', variant='normal', weight=400, stretch='normal', size='scalable')) = 10.05
2026-08-06 11:47:27,751 - DEBUG - findfont: score(FontEntry(fname='C:\\Windows\\Fonts\\symusic_.ttf', index=0, name='Symusic', style='normal', variant='normal', weight=400, stretch='normal', size='scalable')) = 10.05
2026-08-06 11:47:27,752 - DEBUG - findfont: score(FontEntry(fname='C:\\Windows\\Fonts\\symath__.ttf', index=0, name='Symath', style='normal', variant='normal', weight=400, stretch='normal', size='scalable')) = 10.05
2026-08-06 11:47:27,752 - DEBUG - findfont: score(FontEntry(fname='C:\\Windows\\Fonts\\TCCEB.TTF', index=0, name='Tw Cen MT Condensed Extra Bold', style='normal', variant='normal', weight=400, stretch='condensed', size='scalable')) = 10.25
2026-08-06 11:47:27,752 - DEBUG - findfont: score(FontEntry(fname='C:\\Windows\\Fonts\\YuGothL.ttc', index=0, name='Yu Gothic', style='normal', variant='normal', weight=300, stretch='normal', size='scalable')) = 10.145
2026-08-06 11:47:27,752 - DEBUG - findfont: score(FontEntry(fname='C:\\Windows\\Fonts\\YuGothL.ttc', index=0, name='Yu Gothic Light', style='normal', variant='normal', weight=400, stretch='normal', size='scalable')) = 10.05
2026-08-06 11:47:27,752 - DEBUG - findfont: score(FontEntry(fname='C:\\Windows\\Fonts\\YuGothL.ttc', index=1, name='Yu Gothic UI', style='normal', variant='normal', weight=300, stretch='normal', size='scalable')) = 10.145
2026-08-06 11:47:27,752 - DEBUG - findfont: score(FontEntry(fname='C:\\Windows\\Fonts\\YuGothL.ttc', index=1, name='Yu Gothic UI Light', style='normal', variant='normal', weight=400, stretch='normal', size='scalable')) = 10.05
2026-08-06 11:47:27,752 - DEBUG - findfont: score(FontEntry(fname='C:\\Windows\\Fonts\\TCM_____.TTF', index=0, name='Tw Cen MT', style='normal', variant='normal', weight=400, stretch='normal', size='scalable')) = 10.05
2026-08-06 11:47:27,752 - DEBUG - findfont: score(FontEntry(fname='C:\\Windows\\Fonts\\pala.ttf', index=0, name='Palatino Linotype', style='normal', variant='normal', weight=400, stretch='normal', size='scalable')) = 10.05
2026-08-06 11:47:27,752 - DEBUG - findfont: score(FontEntry(fname='C:\\Windows\\Fonts\\Artifakt Element Thin.ttf', index=0, name='Artifakt Element', style='normal', variant='normal', weight=200, stretch='normal', size='scalable')) = 10.24
2026-08-06 11:47:27,753 - DEBUG - findfont: score(FontEntry(fname='C:\\Windows\\Fonts\\Artifakt Element Thin.ttf', index=0, name='Artifakt Element Thin', style='normal', variant='normal', weight=400, stretch='normal', size='scalable')) = 10.05
2026-08-06 11:47:27,753 - DEBUG - findfont: score(FontEntry(fname='C:\\Windows\\Fonts\\ERASBD.TTF', index=0, name='Eras Bold ITC', style='normal', variant='normal', weight=400, stretch='normal', size='scalable')) = 10.05
2026-08-06 11:47:27,753 - DEBUG - findfont: score(FontEntry(fname='C:\\Windows\\Fonts\\GOTHICB.TTF', index=0, name='Century Gothic', style='normal', variant='normal', weight=700, stretch='normal', size='scalable')) = 10.335
2026-08-06 11:47:27,753 - DEBUG - findfont: score(FontEntry(fname='C:\\Windows\\Fonts\\ROCK.TTF', index=0, name='Rockwell', style='normal', variant='normal', weight=400, stretch='normal', size='scalable')) = 10.05
2026-08-06 11:47:27,753 - DEBUG - findfont: score(FontEntry(fname='C:\\Windows\\Fonts\\calibrib.ttf', index=0, name='Calibri', style='normal', variant='normal', weight=700, stretch='normal', size='scalable')) = 10.335
2026-08-06 11:47:27,753 - DEBUG - findfont: score(FontEntry(fname='C:\\Windows\\Fonts\\comicbd.ttf', index=0, name='Comic Sans MS', style='normal', variant='normal', weight=700, stretch='normal', size='scalable')) = 10.335
2026-08-06 11:47:27,753 - DEBUG - findfont: score(FontEntry(fname='C:\\Windows\\Fonts\\ariblk.ttf', index=0, name='Arial', style='normal', variant='normal', weight=900, stretch='normal', size='scalable')) = 6.888636363636364
2026-08-06 11:47:27,753 - DEBUG - findfont: score(FontEntry(fname='C:\\Windows\\Fonts\\ariblk.ttf', index=0, name='Arial Black', style='normal', variant='normal', weight=400, stretch='normal', size='scalable')) = 10.05
2026-08-06 11:47:27,754 - DEBUG - findfont: score(FontEntry(fname='C:\\Windows\\Fonts\\swisscl.ttf', index=0, name='Swis721 LtCn BT', style='normal', variant='normal', weight=400, stretch='condensed', size='scalable')) = 10.25
2026-08-06 11:47:27,754 - DEBUG - findfont: score(FontEntry(fname='C:\\Windows\\Fonts\\romanc__.ttf', index=0, name='RomanC', style='normal', variant='normal', weight=400, stretch='normal', size='scalable')) = 10.05
2026-08-06 11:47:27,754 - DEBUG - findfont: score(FontEntry(fname='C:\\Windows\\Fonts\\seguili.ttf', index=0, name='Segoe UI', style='italic', variant='normal', weight=300, stretch='normal', size='scalable')) = 11.145
2026-08-06 11:47:27,754 - DEBUG - findfont: score(FontEntry(fname='C:\\Windows\\Fonts\\seguili.ttf', index=0, name='Segoe UI Light', style='italic', variant='normal', weight=400, stretch='normal', size='scalable')) = 11.05
2026-08-06 11:47:27,754 - DEBUG - findfont: score(FontEntry(fname='C:\\Windows\\Fonts\\LBRITEI.TTF', index=0, name='Lucida Bright', style='italic', variant='normal', weight=400, stretch='normal', size='scalable')) = 11.05
2026-08-06 11:47:27,754 - DEBUG - findfont: score(FontEntry(fname='C:\\Windows\\Fonts\\YuGothM.ttc', index=0, name='Yu Gothic', style='normal', variant='normal', weight=500, stretch='normal', size='scalable')) = 10.145
2026-08-06 11:47:27,754 - DEBUG - findfont: score(FontEntry(fname='C:\\Windows\\Fonts\\YuGothM.ttc', index=0, name='Yu Gothic Medium', style='normal', variant='normal', weight=400, stretch='normal', size='scalable')) = 10.05
2026-08-06 11:47:27,754 - DEBUG - findfont: score(FontEntry(fname='C:\\Windows\\Fonts\\YuGothM.ttc', index=1, name='Yu Gothic UI', style='normal', variant='normal', weight=400, stretch='normal', size='scalable')) = 10.05
2026-08-06 11:47:27,754 - DEBUG - findfont: score(FontEntry(fname='C:\\Windows\\Fonts\\symap___.ttf', index=0, name='Symap', style='normal', variant='normal', weight=400, stretch='normal', size='scalable')) = 10.05
2026-08-06 11:47:27,754 - DEBUG - findfont: score(FontEntry(fname='C:\\Windows\\Fonts\\msyhbd.ttc', index=0, name='Microsoft YaHei', style='normal', variant='normal', weight=700, stretch='normal', size='scalable')) = 10.335
2026-08-06 11:47:27,754 - DEBUG - findfont: score(FontEntry(fname='C:\\Windows\\Fonts\\msyhbd.ttc', index=1, name='Microsoft YaHei UI', style='normal', variant='normal', weight=700, stretch='normal', size='scalable')) = 10.335
2026-08-06 11:47:27,754 - DEBUG - findfont: score(FontEntry(fname='C:\\Windows\\Fonts\\BRUSHSCI.TTF', index=0, name='Brush Script MT', style='italic', variant='normal', weight=400, stretch='normal', size='scalable')) = 11.05
2026-08-06 11:47:27,754 - DEBUG - findfont: score(FontEntry(fname='C:\\Windows\\Fonts\\GOUDOSB.TTF', index=0, name='Goudy Old Style', style='normal', variant='normal', weight=700, stretch='normal', size='scalable')) = 10.335
2026-08-06 11:47:27,755 - DEBUG - findfont: score(FontEntry(fname='C:\\Windows\\Fonts\\Candaraz.ttf', index=0, name='Candara', style='italic', variant='normal', weight=700, stretch='normal', size='scalable')) = 11.335
2026-08-06 11:47:27,755 - DEBUG - findfont: score(FontEntry(fname='C:\\Windows\\Fonts\\bahnschrift.ttf', index=0, name='Bahnschrift', style='normal', variant='normal', weight=400, stretch='normal', size='scalable')) = 10.05
2026-08-06 11:47:27,755 - DEBUG - findfont: score(FontEntry(fname='C:\\Windows\\Fonts\\GILB____.TTF', index=0, name='Gill Sans MT', style='normal', variant='normal', weight=700, stretch='normal', size='scalable')) = 10.335
2026-08-06 11:47:27,755 - DEBUG - findfont: score(FontEntry(fname='C:\\Windows\\Fonts\\AIGDT___.TTF', index=0, name='AIGDT', style='normal', variant='normal', weight=400, stretch='normal', size='scalable')) = 10.05
2026-08-06 11:47:27,755 - DEBUG - findfont: score(FontEntry(fname='C:\\Windows\\Fonts\\palabi.ttf', index=0, name='Palatino Linotype', style='italic', variant='normal', weight=700, stretch='normal', size='scalable')) = 11.335
2026-08-06 11:47:27,755 - DEBUG - findfont: score(FontEntry(fname='C:\\Windows\\Fonts\\LBRITED.TTF', index=0, name='Lucida Bright', style='normal', variant='normal', weight=600, stretch='normal', size='scalable')) = 10.24
2026-08-06 11:47:27,755 - DEBUG - findfont: score(FontEntry(fname='C:\\Windows\\Fonts\\mtproxy6.ttf', index=0, name='Proxy 6', style='normal', variant='normal', weight=400, stretch='normal', size='scalable')) = 10.05
2026-08-06 11:47:27,755 - DEBUG - findfont: score(FontEntry(fname='C:\\Windows\\Fonts\\GOUDYSTO.TTF', index=0, name='Goudy Stout', style='normal', variant='normal', weight=400, stretch='normal', size='scalable')) = 10.05
2026-08-06 11:47:27,755 - DEBUG - findfont: score(FontEntry(fname='C:\\Windows\\Fonts\\FRAMDCN.TTF', index=0, name='Franklin Gothic Medium Cond', style='normal', variant='normal', weight=400, stretch='condensed', size='scalable')) = 10.25
2026-08-06 11:47:27,755 - DEBUG - findfont: score(FontEntry(fname='C:\\Windows\\Fonts\\ANTQUAB.TTF', index=0, name='Book Antiqua', style='normal', variant='normal', weight=700, stretch='normal', size='scalable')) = 10.335
2026-08-06 11:47:27,755 - DEBUG - findfont: score(FontEntry(fname='C:\\Windows\\Fonts\\verdana.ttf', index=0, name='Verdana', style='normal', variant='normal', weight=400, stretch='normal', size='scalable')) = 3.6863636363636365
2026-08-06 11:47:27,755 - DEBUG - findfont: score(FontEntry(fname='C:\\Windows\\Fonts\\FTLTLT.TTF', index=0, name='Footlight MT Light', style='normal', variant='normal', weight=300, stretch='normal', size='scalable')) = 10.145
2026-08-06 11:47:27,755 - DEBUG - findfont: score(FontEntry(fname='C:\\Windows\\Fonts\\CALISTBI.TTF', index=0, name='Calisto MT', style='italic', variant='normal', weight=700, stretch='normal', size='scalable')) = 11.335
2026-08-06 11:47:27,755 - DEBUG - findfont: score(FontEntry(fname='C:\\Windows\\Fonts\\LTYPEBO.TTF', index=0, name='Lucida Sans Typewriter', style='oblique', variant='normal', weight=600, stretch='normal', size='scalable')) = 11.24
2026-08-06 11:47:27,755 - DEBUG - findfont: score(FontEntry(fname='C:\\Windows\\Fonts\\msjhl.ttc', index=0, name='Microsoft JhengHei', style='normal', variant='normal', weight=290, stretch='normal', size='scalable')) = 10.1545
2026-08-06 11:47:27,755 - DEBUG - findfont: score(FontEntry(fname='C:\\Windows\\Fonts\\msjhl.ttc', index=0, name='Microsoft JhengHei Light', style='normal', variant='normal', weight=400, stretch='normal', size='scalable')) = 10.05
2026-08-06 11:47:27,755 - DEBUG - findfont: score(FontEntry(fname='C:\\Windows\\Fonts\\msjhl.ttc', index=1, name='Microsoft JhengHei UI', style='normal', variant='normal', weight=290, stretch='normal', size='scalable')) = 10.1545
2026-08-06 11:47:27,756 - DEBUG - findfont: score(FontEntry(fname='C:\\Windows\\Fonts\\msjhl.ttc', index=1, name='Microsoft JhengHei UI Light', style='normal', variant='normal', weight=400, stretch='normal', size='scalable')) = 10.05
2026-08-06 11:47:27,756 - DEBUG - findfont: score(FontEntry(fname='C:\\Windows\\Fonts\\TEMPSITC.TTF', index=0, name='Tempus Sans ITC', style='normal', variant='normal', weight=400, stretch='normal', size='scalable')) = 10.05
2026-08-06 11:47:27,756 - DEBUG - findfont: score(FontEntry(fname='C:\\Windows\\Fonts\\segmdl2.ttf', index=0, name='Segoe MDL2 Assets', style='normal', variant='normal', weight=400, stretch='normal', size='scalable')) = 10.05
2026-08-06 11:47:27,756 - DEBUG - findfont: score(FontEntry(fname='C:\\Windows\\Fonts\\constanz.ttf', index=0, name='Constantia', style='italic', variant='normal', weight=700, stretch='normal', size='scalable')) = 11.335
2026-08-06 11:47:27,756 - DEBUG - findfont: score(FontEntry(fname='C:\\Windows\\Fonts\\compi.ttf', index=0, name='CommercialPi BT', style='normal', variant='normal', weight=400, stretch='normal', size='scalable')) = 10.05
2026-08-06 11:47:27,756 - DEBUG - findfont: score(FontEntry(fname='C:\\Windows\\Fonts\\ERASLGHT.TTF', index=0, name='Eras Light ITC', style='normal', variant='normal', weight=400, stretch='normal', size='scalable')) = 10.05
2026-08-06 11:47:27,757 - DEBUG - findfont: score(FontEntry(fname='C:\\Windows\\Fonts\\swissci.ttf', index=0, name='Swis721 Cn BT', style='italic', variant='normal', weight=400, stretch='condensed', size='scalable')) = 11.25
2026-08-06 11:47:27,757 - DEBUG - findfont: score(FontEntry(fname='C:\\Windows\\Fonts\\timesi.ttf', index=0, name='Times New Roman', style='italic', variant='normal', weight=400, stretch='normal', size='scalable')) = 11.05
2026-08-06 11:47:27,757 - DEBUG - findfont: score(FontEntry(fname='C:\\Windows\\Fonts\\ntailub.ttf', index=0, name='Microsoft New Tai Lue', style='normal', variant='normal', weight=700, stretch='normal', size='scalable')) = 10.335
2026-08-06 11:47:27,757 - DEBUG - findfont: score(FontEntry(fname='C:\\Windows\\Fonts\\sansso__.ttf', index=0, name='SansSerif', style='oblique', variant='normal', weight=400, stretch='normal', size='scalable')) = 11.05
2026-08-06 11:47:27,757 - DEBUG - findfont: score(FontEntry(fname='C:\\Windows\\Fonts\\ebrimabd.ttf', index=0, name='Ebrima', style='normal', variant='normal', weight=700, stretch='normal', size='scalable')) = 10.335
2026-08-06 11:47:27,757 - DEBUG - findfont: score(FontEntry(fname='C:\\Windows\\Fonts\\georgiaz.ttf', index=0, name='Georgia', style='italic', variant='normal', weight=700, stretch='normal', size='scalable')) = 11.335
2026-08-06 11:47:27,757 - DEBUG - findfont: score(FontEntry(fname='C:\\Windows\\Fonts\\italic__.ttf', index=0, name='Italic', style='italic', variant='normal', weight=400, stretch='normal', size='scalable')) = 11.05
2026-08-06 11:47:27,757 - DEBUG - findfont: score(FontEntry(fname='C:\\Windows\\Fonts\\ROCC____.TTF', index=0, name='Rockwell Condensed', style='normal', variant='normal', weight=400, stretch='condensed', size='scalable')) = 10.25
2026-08-06 11:47:27,758 - DEBUG - findfont: score(FontEntry(fname='C:\\Windows\\Fonts\\cambria.ttc', index=0, name='Cambria', style='normal', variant='normal', weight=400, stretch='normal', size='scalable')) = 10.05
2026-08-06 11:47:27,758 - DEBUG - findfont: score(FontEntry(fname='C:\\Windows\\Fonts\\cambria.ttc', index=1, name='Cambria Math', style='normal', variant='normal', weight=400, stretch='normal', size='scalable')) = 10.05
2026-08-06 11:47:27,758 - DEBUG - findfont: score(FontEntry(fname='C:\\Windows\\Fonts\\tahomabd.ttf', index=0, name='Tahoma', style='normal', variant='normal', weight=700, stretch='normal', size='scalable')) = 10.335
2026-08-06 11:47:27,758 - DEBUG - findfont: score(FontEntry(fname='C:\\Windows\\Fonts\\ARIALNBI.TTF', index=0, name='Arial', style='italic', variant='normal', weight=700, stretch='condensed', size='scalable')) = 7.8986363636363635
2026-08-06 11:47:27,758 - DEBUG - findfont: score(FontEntry(fname='C:\\Windows\\Fonts\\ARIALNBI.TTF', index=0, name='Arial Narrow', style='italic', variant='normal', weight=700, stretch='condensed', size='scalable')) = 11.535
2026-08-06 11:47:27,758 - DEBUG - findfont: score(FontEntry(fname='C:\\Windows\\Fonts\\Candaral.ttf', index=0, name='Candara', style='normal', variant='normal', weight=400, stretch='normal', size='scalable')) = 10.05
2026-08-06 11:47:27,758 - DEBUG - findfont: score(FontEntry(fname='C:\\Windows\\Fonts\\Candaral.ttf', index=0, name='Candara Light', style='normal', variant='normal', weight=400, stretch='normal', size='scalable')) = 10.05
2026-08-06 11:47:27,758 - DEBUG - findfont: score(FontEntry(fname='C:\\Windows\\Fonts\\swissi.ttf', index=0, name='Swis721 BT', style='italic', variant='normal', weight=400, stretch='normal', size='scalable')) = 11.05
2026-08-06 11:47:27,759 - DEBUG - findfont: score(FontEntry(fname='C:\\Windows\\Fonts\\seguisym.ttf', index=0, name='Segoe UI Symbol', style='normal', variant='normal', weight=400, stretch='normal', size='scalable')) = 10.05
2026-08-06 11:47:27,759 - DEBUG - findfont: score(FontEntry(fname='C:\\Windows\\Fonts\\LATINWD.TTF', index=0, name='Wide Latin', style='normal', variant='normal', weight=400, stretch='expanded', size='scalable')) = 10.25
2026-08-06 11:47:27,759 - DEBUG - findfont: score(FontEntry(fname='C:\\Windows\\Fonts\\swisscbo.ttf', index=0, name='Swis721 BdCnOul BT', style='normal', variant='normal', weight=400, stretch='condensed', size='scalable')) = 10.25
2026-08-06 11:47:27,759 - DEBUG - findfont: score(FontEntry(fname='C:\\Windows\\Fonts\\PERI____.TTF', index=0, name='Perpetua', style='italic', variant='normal', weight=400, stretch='normal', size='scalable')) = 11.05
2026-08-06 11:47:27,759 - DEBUG - findfont: score(FontEntry(fname='C:\\Windows\\Fonts\\greeks__.ttf', index=0, name='GreekS', style='normal', variant='normal', weight=400, stretch='normal', size='scalable')) = 10.05
2026-08-06 11:47:27,759 - DEBUG - findfont: score(FontEntry(fname='C:\\Windows\\Fonts\\mvboli.ttf', index=0, name='MV Boli', style='normal', variant='normal', weight=400, stretch='normal', size='scalable')) = 10.05
2026-08-06 11:47:27,759 - DEBUG - findfont: score(FontEntry(fname='C:\\Windows\\Fonts\\dutchb.ttf', index=0, name='Dutch801 Rm BT', style='normal', variant='normal', weight=700, stretch='normal', size='scalable')) = 10.335
2026-08-06 11:47:27,759 - DEBUG - findfont: score(FontEntry(fname='C:\\Windows\\Fonts\\GOUDOSI.TTF', index=0, name='Goudy Old Style', style='italic', variant='normal', weight=400, stretch='normal', size='scalable')) = 11.05
2026-08-06 11:47:27,759 - DEBUG - findfont: score(FontEntry(fname='C:\\Windows\\Fonts\\ARIALUNI.ttf', index=0, name='Arial Unicode MS', style='normal', variant='normal', weight=400, stretch='normal', size='scalable')) = 10.05
2026-08-06 11:47:27,759 - DEBUG - findfont: score(FontEntry(fname='C:\\Windows\\Fonts\\cambriab.ttf', index=0, name='Cambria', style='normal', variant='normal', weight=700, stretch='normal', size='scalable')) = 10.335
2026-08-06 11:47:27,759 - DEBUG - findfont: score(FontEntry(fname='C:\\Windows\\Fonts\\romans__.ttf', index=0, name='RomanS', style='normal', variant='normal', weight=400, stretch='normal', size='scalable')) = 10.05
2026-08-06 11:47:27,759 - DEBUG - findfont: score(FontEntry(fname='C:\\Windows\\Fonts\\msgothic.ttc', index=0, name='MS Gothic', style='normal', variant='normal', weight=400, stretch='normal', size='scalable')) = 10.05
2026-08-06 11:47:27,759 - DEBUG - findfont: score(FontEntry(fname='C:\\Windows\\Fonts\\msgothic.ttc', index=1, name='MS UI Gothic', style='normal', variant='normal', weight=400, stretch='normal', size='scalable')) = 10.05
2026-08-06 11:47:27,759 - DEBUG - findfont: score(FontEntry(fname='C:\\Windows\\Fonts\\msgothic.ttc', index=2, name='MS PGothic', style='normal', variant='normal', weight=400, stretch='normal', size='scalable')) = 10.05
2026-08-06 11:47:27,759 - DEBUG - findfont: score(FontEntry(fname='C:\\Windows\\Fonts\\GILBI___.TTF', index=0, name='Gill Sans MT', style='italic', variant='normal', weight=700, stretch='normal', size='scalable')) = 11.335
2026-08-06 11:47:27,760 - DEBUG - findfont: score(FontEntry(fname='C:\\Windows\\Fonts\\GOTHICBI.TTF', index=0, name='Century Gothic', style='italic', variant='normal', weight=700, stretch='normal', size='scalable')) = 11.335
2026-08-06 11:47:27,760 - DEBUG - findfont: score(FontEntry(fname='C:\\Windows\\Fonts\\PAPYRUS.TTF', index=0, name='Papyrus', style='normal', variant='normal', weight=400, stretch='normal', size='scalable')) = 10.05
2026-08-06 11:47:27,760 - DEBUG - findfont: score(FontEntry(fname='C:\\Windows\\Fonts\\SegoeIcons.ttf', index=0, name='Segoe Fluent Icons', style='normal', variant='normal', weight=400, stretch='normal', size='scalable')) = 10.05
2026-08-06 11:47:27,760 - DEBUG - findfont: score(FontEntry(fname='C:\\Windows\\Fonts\\LFAX.TTF', index=0, name='Lucida Fax', style='normal', variant='normal', weight=400, stretch='normal', size='scalable')) = 10.05
2026-08-06 11:47:27,760 - DEBUG - findfont: score(FontEntry(fname='C:\\Windows\\Fonts\\palai.ttf', index=0, name='Palatino Linotype', style='italic', variant='normal', weight=400, stretch='normal', size='scalable')) = 11.05
2026-08-06 11:47:27,760 - DEBUG - findfont: score(FontEntry(fname='C:\\Windows\\Fonts\\swissb.ttf', index=0, name='Swis721 BT', style='normal', variant='normal', weight=700, stretch='normal', size='scalable')) = 10.335
2026-08-06 11:47:27,760 - DEBUG - findfont: score(FontEntry(fname='C:\\Windows\\Fonts\\ELEPHNT.TTF', index=0, name='Elephant', style='normal', variant='normal', weight=400, stretch='normal', size='scalable')) = 10.05
2026-08-06 11:47:27,760 - DEBUG - findfont: score(FontEntry(fname='C:\\Windows\\Fonts\\LeelaUIb.ttf', index=0, name='Leelawadee UI', style='normal', variant='normal', weight=700, stretch='normal', size='scalable')) = 10.335
2026-08-06 11:47:27,760 - DEBUG - findfont: score(FontEntry(fname='C:\\Windows\\Fonts\\verdanab.ttf', index=0, name='Verdana', style='normal', variant='normal', weight=700, stretch='normal', size='scalable')) = 3.9713636363636367
2026-08-06 11:47:27,760 - DEBUG - findfont: score(FontEntry(fname='C:\\Windows\\Fonts\\ROCCB___.TTF', index=0, name='Rockwell Condensed', style='normal', variant='normal', weight=700, stretch='condensed', size='scalable')) = 10.535
2026-08-06 11:47:27,760 - DEBUG - findfont: score(FontEntry(fname='C:\\Windows\\Fonts\\KUNSTLER.TTF', index=0, name='Kunstler Script', style='normal', variant='normal', weight=400, stretch='normal', size='scalable')) = 10.05
2026-08-06 11:47:27,760 - DEBUG - findfont: score(FontEntry(fname='C:\\Windows\\Fonts\\vinet.ttf', index=0, name='Vineta BT', style='normal', variant='normal', weight=400, stretch='normal', size='scalable')) = 10.05
2026-08-06 11:47:27,760 - DEBUG - findfont: score(FontEntry(fname='C:\\Windows\\Fonts\\vinet.ttf', index=0, name='Vineta', style='normal', variant='normal', weight=400, stretch='normal', size='scalable')) = 10.05
2026-08-06 11:47:27,760 - DEBUG - findfont: score(FontEntry(fname='C:\\Windows\\Fonts\\swissek.ttf', index=0, name='Swis721 BlkEx BT', style='normal', variant='normal', weight=400, stretch='expanded', size='scalable')) = 10.25
2026-08-06 11:47:27,760 - DEBUG - findfont: score(FontEntry(fname='C:\\Windows\\Fonts\\TCCM____.TTF', index=0, name='Tw Cen MT Condensed', style='normal', variant='normal', weight=400, stretch='condensed', size='scalable')) = 10.25
2026-08-06 11:47:27,760 - DEBUG - findfont: score(FontEntry(fname='C:\\Windows\\Fonts\\mtproxy4.ttf', index=0, name='Proxy 4', style='normal', variant='normal', weight=400, stretch='normal', size='scalable')) = 10.05
2026-08-06 11:47:27,760 - DEBUG - findfont: score(FontEntry(fname='C:\\Windows\\Fonts\\LTYPEB.TTF', index=0, name='Lucida Sans Typewriter', style='normal', variant='normal', weight=600, stretch='normal', size='scalable')) = 10.24
2026-08-06 11:47:27,761 - DEBUG - findfont: score(FontEntry(fname='C:\\Windows\\Fonts\\dutcheb.ttf', index=0, name='Dutch801 XBd BT', style='normal', variant='normal', weight=400, stretch='normal', size='scalable')) = 10.05
2026-08-06 11:47:27,761 - DEBUG - findfont: score(FontEntry(fname='C:\\Windows\\Fonts\\swisski.ttf', index=0, name='Swis721 Blk BT', style='italic', variant='normal', weight=400, stretch='normal', size='scalable')) = 11.05
2026-08-06 11:47:27,761 - DEBUG - findfont: score(FontEntry(fname='C:\\Windows\\Fonts\\timesbi.ttf', index=0, name='Times New Roman', style='italic', variant='normal', weight=700, stretch='normal', size='scalable')) = 11.335
2026-08-06 11:47:27,761 - DEBUG - findfont: score(FontEntry(fname='C:\\Windows\\Fonts\\ANTQUAI.TTF', index=0, name='Book Antiqua', style='italic', variant='normal', weight=400, stretch='normal', size='scalable')) = 11.05
2026-08-06 11:47:27,761 - DEBUG - findfont: score(FontEntry(fname='C:\\Windows\\Fonts\\PARCHM.TTF', index=0, name='Parchment', style='normal', variant='normal', weight=400, stretch='normal', size='scalable')) = 10.05
2026-08-06 11:47:27,761 - DEBUG - findfont: score(FontEntry(fname='C:\\Windows\\Fonts\\phagspab.ttf', index=0, name='Microsoft PhagsPa', style='normal', variant='normal', weight=700, stretch='normal', size='scalable')) = 10.335
2026-08-06 11:47:27,761 - DEBUG - findfont: score(FontEntry(fname='C:\\Windows\\Fonts\\techl___.ttf', index=0, name='TechnicLite', style='normal', variant='normal', weight=400, stretch='normal', size='scalable')) = 10.05
2026-08-06 11:47:27,761 - DEBUG - findfont: score(FontEntry(fname='C:\\Windows\\Fonts\\MISTRAL.TTF', index=0, name='Mistral', style='normal', variant='normal', weight=400, stretch='normal', size='scalable')) = 10.05
2026-08-06 11:47:27,761 - DEBUG - findfont: score(FontEntry(fname='C:\\Windows\\Fonts\\LFAXDI.TTF', index=0, name='Lucida Fax', style='italic', variant='normal', weight=600, stretch='normal', size='scalable')) = 11.24
2026-08-06 11:47:27,761 - DEBUG - findfont: score(FontEntry(fname='C:\\Windows\\Fonts\\calibrii.ttf', index=0, name='Calibri', style='italic', variant='normal', weight=400, stretch='normal', size='scalable')) = 11.05
2026-08-06 11:47:27,761 - DEBUG - findfont: score(FontEntry(fname='C:\\Windows\\Fonts\\swisscb.ttf', index=0, name='Swis721 Cn BT', style='normal', variant='normal', weight=700, stretch='condensed', size='scalable')) = 10.535
2026-08-06 11:47:27,761 - DEBUG - findfont: score(FontEntry(fname='C:\\Windows\\Fonts\\GENISO.ttf', index=0, name='GENISO', style='normal', variant='normal', weight=400, stretch='normal', size='scalable')) = 10.05
2026-08-06 11:47:27,761 - DEBUG - findfont: score(FontEntry(fname='C:\\Windows\\Fonts\\courbi.ttf', index=0, name='Courier New', style='italic', variant='normal', weight=700, stretch='normal', size='scalable')) = 11.335
2026-08-06 11:47:27,761 - DEBUG - findfont: score(FontEntry(fname='C:\\Windows\\Fonts\\MOD20.TTF', index=0, name='Modern No. 20', style='normal', variant='normal', weight=400, stretch='normal', size='scalable')) = 10.05
2026-08-06 11:47:27,761 - DEBUG - findfont: score(FontEntry(fname='C:\\Windows\\Fonts\\SHOWG.TTF', index=0, name='Showcard Gothic', style='normal', variant='normal', weight=400, stretch='normal', size='scalable')) = 10.05
2026-08-06 11:47:27,761 - DEBUG - findfont: score(FontEntry(fname='C:\\Windows\\Fonts\\OUTLOOK.TTF', index=0, name='MS Outlook', style='normal', variant='normal', weight=400, stretch='normal', size='scalable')) = 10.05
2026-08-06 11:47:27,761 - DEBUG - findfont: score(FontEntry(fname='C:\\Windows\\Fonts\\trebucbd.ttf', index=0, name='Trebuchet MS', style='normal', variant='normal', weight=700, stretch='normal', size='scalable')) = 10.335
2026-08-06 11:47:27,762 - DEBUG - findfont: score(FontEntry(fname='C:\\Windows\\Fonts\\constani.ttf', index=0, name='Constantia', style='italic', variant='normal', weight=400, stretch='normal', size='scalable')) = 11.05
2026-08-06 11:47:27,762 - DEBUG - findfont: score(FontEntry(fname='C:\\Windows\\Fonts\\YuGothB.ttc', index=0, name='Yu Gothic', style='normal', variant='normal', weight=700, stretch='normal', size='scalable')) = 10.335
2026-08-06 11:47:27,762 - DEBUG - findfont: score(FontEntry(fname='C:\\Windows\\Fonts\\YuGothB.ttc', index=1, name='Yu Gothic UI', style='normal', variant='normal', weight=700, stretch='normal', size='scalable')) = 10.335
2026-08-06 11:47:27,762 - DEBUG - findfont: score(FontEntry(fname='C:\\Windows\\Fonts\\YuGothB.ttc', index=2, name='Yu Gothic UI', style='normal', variant='normal', weight=600, stretch='normal', size='scalable')) = 10.24
2026-08-06 11:47:27,762 - DEBUG - findfont: score(FontEntry(fname='C:\\Windows\\Fonts\\YuGothB.ttc', index=2, name='Yu Gothic UI Semibold', style='normal', variant='normal', weight=400, stretch='normal', size='scalable')) = 10.05
2026-08-06 11:47:27,762 - DEBUG - findfont: score(FontEntry(fname='C:\\Windows\\Fonts\\monbaiti.ttf', index=0, name='Mongolian Baiti', style='normal', variant='normal', weight=400, stretch='normal', size='scalable')) = 10.05
2026-08-06 11:47:27,762 - DEBUG - findfont: score(FontEntry(fname='C:\\Windows\\Fonts\\ntailu.ttf', index=0, name='Microsoft New Tai Lue', style='normal', variant='normal', weight=400, stretch='normal', size='scalable')) = 10.05
2026-08-06 11:47:27,762 - DEBUG - findfont: score(FontEntry(fname='C:\\Windows\\Fonts\\dutchbi.ttf', index=0, name='Dutch801 Rm BT', style='italic', variant='normal', weight=700, stretch='normal', size='scalable')) = 11.335
2026-08-06 11:47:27,762 - DEBUG - findfont: score(FontEntry(fname='C:\\Windows\\Fonts\\DUBAI-BOLD.TTF', index=0, name='Dubai', style='normal', variant='normal', weight=700, stretch='normal', size='scalable')) = 10.335
2026-08-06 11:47:27,762 - DEBUG - findfont: score(FontEntry(fname='C:\\Windows\\Fonts\\romantic.ttf', index=0, name='Romantic', style='normal', variant='normal', weight=400, stretch='normal', size='scalable')) = 10.05
2026-08-06 11:47:27,762 - DEBUG - findfont: score(FontEntry(fname='C:\\Windows\\Fonts\\scriptc_.ttf', index=0, name='ScriptC', style='normal', variant='normal', weight=400, stretch='normal', size='scalable')) = 10.05
2026-08-06 11:47:27,762 - DEBUG - findfont: score(FontEntry(fname='C:\\Windows\\Fonts\\ENGR.TTF', index=0, name='Engravers MT', style='normal', variant='normal', weight=500, stretch='normal', size='scalable')) = 10.145
2026-08-06 11:47:27,763 - DEBUG - findfont: score(FontEntry(fname='C:\\Windows\\Fonts\\italict_.ttf', index=0, name='ItalicT', style='italic', variant='normal', weight=400, stretch='normal', size='scalable')) = 11.05
2026-08-06 11:47:27,763 - DEBUG - findfont: score(FontEntry(fname='C:\\Windows\\Fonts\\MAGNETOB.TTF', index=0, name='Magneto', style='normal', variant='normal', weight=700, stretch='normal', size='scalable')) = 10.335
2026-08-06 11:47:27,763 - DEBUG - findfont: score(FontEntry(fname='C:\\Windows\\Fonts\\corbelli.ttf', index=0, name='Corbel', style='italic', variant='normal', weight=300, stretch='normal', size='scalable')) = 11.145
2026-08-06 11:47:27,763 - DEBUG - findfont: score(FontEntry(fname='C:\\Windows\\Fonts\\corbelli.ttf', index=0, name='Corbel Light', style='italic', variant='normal', weight=400, stretch='normal', size='scalable')) = 11.05
2026-08-06 11:47:27,763 - DEBUG - findfont: score(FontEntry(fname='C:\\Windows\\Fonts\\Artifakt Element Black.ttf', index=0, name='Artifakt Element', style='normal', variant='normal', weight=800, stretch='normal', size='scalable')) = 10.43
2026-08-06 11:47:27,763 - DEBUG - findfont: score(FontEntry(fname='C:\\Windows\\Fonts\\Artifakt Element Black.ttf', index=0, name='Artifakt Element Black', style='normal', variant='normal', weight=400, stretch='normal', size='scalable')) = 10.05
2026-08-06 11:47:27,763 - DEBUG - findfont: score(FontEntry(fname='C:\\Windows\\Fonts\\corbelb.ttf', index=0, name='Corbel', style='normal', variant='normal', weight=700, stretch='normal', size='scalable')) = 10.335
2026-08-06 11:47:27,763 - DEBUG - findfont: score(FontEntry(fname='C:\\Windows\\Fonts\\ARLRDBD.TTF', index=0, name='Arial Rounded MT Bold', style='normal', variant='normal', weight=400, stretch='normal', size='scalable')) = 10.05
2026-08-06 11:47:27,764 - DEBUG - findfont: score(FontEntry(fname='C:\\Windows\\Fonts\\FRAHVIT.TTF', index=0, name='Franklin Gothic Heavy', style='italic', variant='normal', weight=400, stretch='normal', size='scalable')) = 11.05
2026-08-06 11:47:27,764 - DEBUG - findfont: score(FontEntry(fname='C:\\Windows\\Fonts\\corbelz.ttf', index=0, name='Corbel', style='italic', variant='normal', weight=700, stretch='normal', size='scalable')) = 11.335
2026-08-06 11:47:27,764 - DEBUG - findfont: score(FontEntry(fname='C:\\Windows\\Fonts\\AGENCYR.TTF', index=0, name='Agency FB', style='normal', variant='normal', weight=400, stretch='normal', size='scalable')) = 10.05
2026-08-06 11:47:27,764 - DEBUG - findfont: score(FontEntry(fname='C:\\Windows\\Fonts\\ITCKRIST.TTF', index=0, name='Kristen ITC', style='normal', variant='normal', weight=400, stretch='normal', size='scalable')) = 10.05
2026-08-06 11:47:27,764 - DEBUG - findfont: score(FontEntry(fname='C:\\Windows\\Fonts\\Candarab.ttf', index=0, name='Candara', style='normal', variant='normal', weight=700, stretch='normal', size='scalable')) = 10.335
2026-08-06 11:47:27,764 - DEBUG - findfont: score(FontEntry(fname='C:\\Windows\\Fonts\\mtproxy1.ttf', index=0, name='Proxy 1', style='normal', variant='normal', weight=400, stretch='normal', size='scalable')) = 10.05
2026-08-06 11:47:27,764 - DEBUG - findfont: score(FontEntry(fname='C:\\Windows\\Fonts\\swissc.ttf', index=0, name='Swis721 Cn BT', style='normal', variant='normal', weight=400, stretch='condensed', size='scalable')) = 10.25
2026-08-06 11:47:27,765 - DEBUG - findfont: score(FontEntry(fname='C:\\Windows\\Fonts\\LEELAWDB.TTF', index=0, name='Leelawadee', style='normal', variant='normal', weight=700, stretch='normal', size='scalable')) = 10.335
2026-08-06 11:47:27,765 - DEBUG - findfont: score(FontEntry(fname='C:\\Windows\\Fonts\\sanssb__.ttf', index=0, name='SansSerif', style='normal', variant='normal', weight=700, stretch='normal', size='scalable')) = 10.335
2026-08-06 11:47:27,765 - DEBUG - findfont: score(FontEntry(fname='C:\\Windows\\Fonts\\Artifakt Element Heavy.ttf', index=0, name='Artifakt Element', style='normal', variant='normal', weight=900, stretch='normal', size='scalable')) = 10.525
2026-08-06 11:47:27,765 - DEBUG - findfont: score(FontEntry(fname='C:\\Windows\\Fonts\\Artifakt Element Heavy.ttf', index=0, name='Artifakt Element Heavy', style='normal', variant='normal', weight=400, stretch='normal', size='scalable')) = 10.05
2026-08-06 11:47:27,765 - DEBUG - findfont: score(FontEntry(fname='C:\\Windows\\Fonts\\SimsunExtG.ttf', index=0, name='SimSun-ExtG', style='normal', variant='normal', weight=400, stretch='normal', size='scalable')) = 10.05
2026-08-06 11:47:27,765 - DEBUG - findfont: score(FontEntry(fname='C:\\Windows\\Fonts\\corbel.ttf', index=0, name='Corbel', style='normal', variant='normal', weight=400, stretch='normal', size='scalable')) = 10.05
2026-08-06 11:47:27,765 - DEBUG - findfont: score(FontEntry(fname='C:\\Windows\\Fonts\\ARIALNB.TTF', index=0, name='Arial', style='normal', variant='normal', weight=700, stretch='condensed', size='scalable')) = 6.8986363636363635
2026-08-06 11:47:27,765 - DEBUG - findfont: score(FontEntry(fname='C:\\Windows\\Fonts\\ARIALNB.TTF', index=0, name='Arial Narrow', style='normal', variant='normal', weight=700, stretch='condensed', size='scalable')) = 10.535
2026-08-06 11:47:27,766 - DEBUG - findfont: score(FontEntry(fname='C:\\Windows\\Fonts\\mtproxy2.ttf', index=0, name='Proxy 2', style='normal', variant='normal', weight=400, stretch='normal', size='scalable')) = 10.05
2026-08-06 11:47:27,766 - DEBUG - findfont: score(FontEntry(fname='C:\\Windows\\Fonts\\techb___.ttf', index=0, name='TechnicBold', style='normal', variant='normal', weight=400, stretch='normal', size='scalable')) = 10.05
2026-08-06 11:47:27,766 - DEBUG - findfont: score(FontEntry(fname='C:\\Windows\\Fonts\\Inkfree.ttf', index=0, name='Ink Free', style='normal', variant='normal', weight=400, stretch='normal', size='scalable')) = 10.05
2026-08-06 11:47:27,766 - DEBUG - findfont: score(FontEntry(fname='C:\\Windows\\Fonts\\COLONNA.TTF', index=0, name='Colonna MT', style='normal', variant='normal', weight=400, stretch='normal', size='scalable')) = 10.05
2026-08-06 11:47:27,766 - DEBUG - findfont: score(FontEntry(fname='C:\\Windows\\Fonts\\comici.ttf', index=0, name='Comic Sans MS', style='italic', variant='normal', weight=400, stretch='normal', size='scalable')) = 11.05
2026-08-06 11:47:27,766 - DEBUG - findfont: score(FontEntry(fname='C:\\Windows\\Fonts\\himalaya.ttf', index=0, name='Microsoft Himalaya', style='normal', variant='normal', weight=400, stretch='normal', size='scalable')) = 10.05
2026-08-06 11:47:27,766 - DEBUG - findfont: score(FontEntry(fname='C:\\Windows\\Fonts\\LSANS.TTF', index=0, name='Lucida Sans', style='normal', variant='normal', weight=400, stretch='normal', size='scalable')) = 10.05
2026-08-06 11:47:27,766 - DEBUG - findfont: score(FontEntry(fname='C:\\Windows\\Fonts\\Artifakt Element LIght.ttf', index=0, name='Artifakt Element', style='normal', variant='normal', weight=300, stretch='normal', size='scalable')) = 10.145
2026-08-06 11:47:27,766 - DEBUG - findfont: score(FontEntry(fname='C:\\Windows\\Fonts\\Artifakt Element LIght.ttf', index=0, name='Artifakt Element Light', style='normal', variant='normal', weight=400, stretch='normal', size='scalable')) = 10.05
2026-08-06 11:47:27,767 - DEBUG - findfont: score(FontEntry(fname='C:\\Windows\\Fonts\\cour.ttf', index=0, name='Courier New', style='normal', variant='normal', weight=400, stretch='normal', size='scalable')) = 10.05
2026-08-06 11:47:27,767 - DEBUG - findfont: score(FontEntry(fname='C:\\Windows\\Fonts\\FRABKIT.TTF', index=0, name='Franklin Gothic Book', style='italic', variant='normal', weight=400, stretch='normal', size='scalable')) = 11.05
2026-08-06 11:47:27,767 - DEBUG - findfont: score(FontEntry(fname='C:\\Windows\\Fonts\\CascadiaCode.ttf', index=0, name='Cascadia Code', style='normal', variant='normal', weight=400, stretch='normal', size='scalable')) = 10.05
2026-08-06 11:47:27,767 - DEBUG - findfont: score(FontEntry(fname='C:\\Windows\\Fonts\\VLADIMIR.TTF', index=0, name='Vladimir Script', style='normal', variant='normal', weight=400, stretch='normal', size='scalable')) = 10.05
2026-08-06 11:47:27,767 - DEBUG - findfont: score(FontEntry(fname='C:\\Windows\\Fonts\\sylfaen.ttf', index=0, name='Sylfaen', style='normal', variant='normal', weight=400, stretch='normal', size='scalable')) = 10.05
2026-08-06 11:47:27,767 - DEBUG - findfont: score(FontEntry(fname='C:\\Windows\\Fonts\\isocp3__.ttf', index=0, name='ISOCP3', style='normal', variant='normal', weight=400, stretch='normal', size='scalable')) = 10.05
2026-08-06 11:47:27,767 - DEBUG - findfont: score(FontEntry(fname='C:\\Windows\\Fonts\\ERASDEMI.TTF', index=0, name='Eras Demi ITC', style='normal', variant='normal', weight=400, stretch='normal', size='scalable')) = 10.05
2026-08-06 11:47:27,768 - DEBUG - findfont: score(FontEntry(fname='C:\\Windows\\Fonts\\wingding.ttf', index=0, name='Wingdings', style='normal', variant='normal', weight=400, stretch='normal', size='scalable')) = 10.05
2026-08-06 11:47:27,768 - DEBUG - findfont: score(FontEntry(fname='C:\\Windows\\Fonts\\BROADW.TTF', index=0, name='Broadway', style='normal', variant='normal', weight=400, stretch='normal', size='scalable')) = 10.05
2026-08-06 11:47:27,768 - DEBUG - findfont: score(FontEntry(fname='C:\\Windows\\Fonts\\YuGothR.ttc', index=0, name='Yu Gothic', style='normal', variant='normal', weight=400, stretch='normal', size='scalable')) = 10.05
2026-08-06 11:47:27,768 - DEBUG - findfont: score(FontEntry(fname='C:\\Windows\\Fonts\\YuGothR.ttc', index=1, name='Yu Gothic UI', style='normal', variant='normal', weight=350, stretch='normal', size='scalable')) = 10.0975
2026-08-06 11:47:27,768 - DEBUG - findfont: score(FontEntry(fname='C:\\Windows\\Fonts\\YuGothR.ttc', index=1, name='Yu Gothic UI Semilight', style='normal', variant='normal', weight=400, stretch='normal', size='scalable')) = 10.05
2026-08-06 11:47:27,768 - DEBUG - findfont: score(FontEntry(fname='C:\\Windows\\Fonts\\BOD_CR.TTF', index=0, name='Bodoni MT', style='normal', variant='normal', weight=400, stretch='condensed', size='scalable')) = 10.25
2026-08-06 11:47:27,768 - DEBUG - findfont: score(FontEntry(fname='C:\\Windows\\Fonts\\BOD_CR.TTF', index=0, name='Bodoni MT Condensed', style='normal', variant='normal', weight=400, stretch='condensed', size='scalable')) = 10.25
2026-08-06 11:47:27,768 - DEBUG - findfont: score(FontEntry(fname='C:\\Windows\\Fonts\\seguihis.ttf', index=0, name='Segoe UI Historic', style='normal', variant='normal', weight=400, stretch='normal', size='scalable')) = 10.05
2026-08-06 11:47:27,768 - DEBUG - findfont: score(FontEntry(fname='C:\\Windows\\Fonts\\segoeuiz.ttf', index=0, name='Segoe UI', style='italic', variant='normal', weight=700, stretch='normal', size='scalable')) = 11.335
2026-08-06 11:47:27,768 - DEBUG - findfont: score(FontEntry(fname='C:\\Windows\\Fonts\\HATTEN.TTF', index=0, name='Haettenschweiler', style='normal', variant='normal', weight=400, stretch='normal', size='scalable')) = 10.05
2026-08-06 11:47:27,768 - DEBUG - findfont: score(FontEntry(fname='C:\\Windows\\Fonts\\framd.ttf', index=0, name='Franklin Gothic Medium', style='normal', variant='normal', weight=400, stretch='normal', size='scalable')) = 10.05
2026-08-06 11:47:27,768 - DEBUG - findfont: score(FontEntry(fname='C:\\Windows\\Fonts\\DUBAI-REGULAR.TTF', index=0, name='Dubai', style='normal', variant='normal', weight=400, stretch='normal', size='scalable')) = 10.05
2026-08-06 11:47:27,768 - DEBUG - findfont: score(FontEntry(fname='C:\\Windows\\Fonts\\MTEXTRA.TTF', index=0, name='MT Extra', style='normal', variant='normal', weight=400, stretch='normal', size='scalable')) = 10.05
2026-08-06 11:47:27,769 - DEBUG - findfont: score(FontEntry(fname='C:\\Windows\\Fonts\\swisscli.ttf', index=0, name='Swis721 LtCn BT', style='italic', variant='normal', weight=400, stretch='condensed', size='scalable')) = 11.25
2026-08-06 11:47:27,769 - DEBUG - findfont: score(FontEntry(fname='C:\\Windows\\Fonts\\dutch.ttf', index=0, name='Dutch801 Rm BT', style='normal', variant='normal', weight=400, stretch='normal', size='scalable')) = 10.05
2026-08-06 11:47:27,769 - DEBUG - findfont: score(FontEntry(fname='C:\\Windows\\Fonts\\monosb.ttf', index=0, name='Monospac821 BT', style='normal', variant='normal', weight=700, stretch='normal', size='scalable')) = 10.335
2026-08-06 11:47:27,769 - DEBUG - findfont: score(FontEntry(fname='C:\\Windows\\Fonts\\mmrtext.ttf', index=0, name='Myanmar Text', style='normal', variant='normal', weight=400, stretch='normal', size='scalable')) = 10.05
2026-08-06 11:47:27,769 - DEBUG - findfont: score(FontEntry(fname='C:\\Windows\\Fonts\\impact.ttf', index=0, name='Impact', style='normal', variant='normal', weight=400, stretch='normal', size='scalable')) = 10.05
2026-08-06 11:47:27,769 - DEBUG - findfont: score(FontEntry(fname='C:\\Windows\\Fonts\\LiberationSans-Bold.ttf', index=0, name='Liberation Sans', style='normal', variant='normal', weight=700, stretch='normal', size='scalable')) = 10.335
2026-08-06 11:47:27,769 - DEBUG - findfont: score(FontEntry(fname='C:\\Windows\\Fonts\\stylu.ttf', index=0, name='Stylus BT', style='normal', variant='normal', weight=300, stretch='normal', size='scalable')) = 10.145
2026-08-06 11:47:27,769 - DEBUG - findfont: score(FontEntry(fname='C:\\Windows\\Fonts\\isoct___.ttf', index=0, name='ISOCT', style='normal', variant='normal', weight=400, stretch='normal', size='scalable')) = 10.05
2026-08-06 11:47:27,769 - DEBUG - findfont: score(FontEntry(fname='C:\\Windows\\Fonts\\BOD_BLAR.TTF', index=0, name='Bodoni MT', style='normal', variant='normal', weight=900, stretch='normal', size='scalable')) = 10.525
2026-08-06 11:47:27,769 - DEBUG - findfont: score(FontEntry(fname='C:\\Windows\\Fonts\\BOD_BLAR.TTF', index=0, name='Bodoni MT Black', style='normal', variant='normal', weight=400, stretch='normal', size='scalable')) = 10.05
2026-08-06 11:47:27,769 - DEBUG - findfont: score(FontEntry(fname='C:\\Windows\\Fonts\\BELLB.TTF', index=0, name='Bell MT', style='normal', variant='normal', weight=700, stretch='normal', size='scalable')) = 10.335
2026-08-06 11:47:27,769 - DEBUG - findfont: score(FontEntry(fname='C:\\Windows\\Fonts\\BOOKOSB.TTF', index=0, name='Bookman Old Style', style='normal', variant='normal', weight=600, stretch='normal', size='scalable')) = 10.24
2026-08-06 11:47:27,769 - DEBUG - findfont: score(FontEntry(fname='C:\\Windows\\Fonts\\gothicg_.ttf', index=0, name='GothicG', style='normal', variant='normal', weight=400, stretch='normal', size='scalable')) = 10.05
2026-08-06 11:47:27,770 - DEBUG - findfont: score(FontEntry(fname='C:\\Windows\\Fonts\\BOD_B.TTF', index=0, name='Bodoni MT', style='normal', variant='normal', weight=700, stretch='normal', size='scalable')) = 10.335
2026-08-06 11:47:27,770 - DEBUG - findfont: score(FontEntry(fname='C:\\Windows\\Fonts\\Artifakt Element Bold.ttf', index=0, name='Artifakt Element', style='normal', variant='normal', weight=700, stretch='normal', size='scalable')) = 10.335
2026-08-06 11:47:27,770 - DEBUG - findfont: score(FontEntry(fname='C:\\Windows\\Fonts\\ELEPHNTI.TTF', index=0, name='Elephant', style='italic', variant='normal', weight=400, stretch='normal', size='scalable')) = 11.05
2026-08-06 11:47:27,770 - DEBUG - findfont: score(FontEntry(fname='C:\\Windows\\Fonts\\mtproxy8.ttf', index=0, name='Proxy 8', style='normal', variant='normal', weight=400, stretch='normal', size='scalable')) = 10.05
2026-08-06 11:47:27,770 - DEBUG - findfont: score(FontEntry(fname='C:\\Windows\\Fonts\\mtproxy5.ttf', index=0, name='Proxy 5', style='normal', variant='normal', weight=400, stretch='normal', size='scalable')) = 10.05
2026-08-06 11:47:27,770 - DEBUG - findfont: score(FontEntry(fname='C:\\Windows\\Fonts\\swissl.ttf', index=0, name='Swis721 Lt BT', style='normal', variant='normal', weight=400, stretch='normal', size='scalable')) = 10.05
2026-08-06 11:47:27,770 - DEBUG - findfont: score(FontEntry(fname='C:\\Windows\\Fonts\\ROCKI.TTF', index=0, name='Rockwell', style='italic', variant='normal', weight=400, stretch='normal', size='scalable')) = 11.05
2026-08-06 11:47:27,770 - DEBUG - findfont: score(FontEntry(fname='C:\\Windows\\Fonts\\phagspa.ttf', index=0, name='Microsoft PhagsPa', style='normal', variant='normal', weight=400, stretch='normal', size='scalable')) = 10.05
2026-08-06 11:47:27,771 - DEBUG - findfont: score(FontEntry(fname='C:\\Windows\\Fonts\\mtproxy7.ttf', index=0, name='Proxy 7', style='normal', variant='normal', weight=400, stretch='normal', size='scalable')) = 10.05
2026-08-06 11:47:27,771 - DEBUG - findfont: score(FontEntry(fname='C:\\Windows\\Fonts\\cambriai.ttf', index=0, name='Cambria', style='italic', variant='normal', weight=400, stretch='normal', size='scalable')) = 11.05
2026-08-06 11:47:27,771 - DEBUG - findfont: score(FontEntry(fname='C:\\Windows\\Fonts\\BRADHITC.TTF', index=0, name='Bradley Hand ITC', style='normal', variant='normal', weight=400, stretch='normal', size='scalable')) = 10.05
2026-08-06 11:47:27,771 - DEBUG - findfont: score(FontEntry(fname='C:\\Windows\\Fonts\\Artifakt Element Heavy Italic.ttf', index=0, name='Artifakt Element', style='italic', variant='normal', weight=900, stretch='normal', size='scalable')) = 11.525
2026-08-06 11:47:27,771 - DEBUG - findfont: score(FontEntry(fname='C:\\Windows\\Fonts\\Artifakt Element Heavy Italic.ttf', index=0, name='Artifakt Element Heavy', style='italic', variant='normal', weight=400, stretch='normal', size='scalable')) = 11.05
2026-08-06 11:47:27,771 - DEBUG - findfont: score(FontEntry(fname='C:\\Windows\\Fonts\\segoeuisl.ttf', index=0, name='Segoe UI', style='normal', variant='normal', weight=350, stretch='normal', size='scalable')) = 10.0975
2026-08-06 11:47:27,771 - DEBUG - findfont: score(FontEntry(fname='C:\\Windows\\Fonts\\segoeuisl.ttf', index=0, name='Segoe UI Semilight', style='normal', variant='normal', weight=400, stretch='normal', size='scalable')) = 10.05
2026-08-06 11:47:27,771 - DEBUG - findfont: score(FontEntry(fname='C:\\Windows\\Fonts\\msyi.ttf', index=0, name='Microsoft Yi Baiti', style='normal', variant='normal', weight=400, stretch='normal', size='scalable')) = 10.05
2026-08-06 11:47:27,772 - DEBUG - findfont: score(FontEntry(fname='C:\\Windows\\Fonts\\DUBAI-LIGHT.TTF', index=0, name='Dubai', style='normal', variant='normal', weight=300, stretch='normal', size='scalable')) = 10.145
2026-08-06 11:47:27,772 - DEBUG - findfont: score(FontEntry(fname='C:\\Windows\\Fonts\\DUBAI-LIGHT.TTF', index=0, name='Dubai Light', style='normal', variant='normal', weight=400, stretch='normal', size='scalable')) = 10.05
2026-08-06 11:47:27,772 - DEBUG - findfont: score(FontEntry(fname='C:\\Windows\\Fonts\\Candarali.ttf', index=0, name='Candara', style='italic', variant='normal', weight=400, stretch='normal', size='scalable')) = 11.05
2026-08-06 11:47:27,772 - DEBUG - findfont: score(FontEntry(fname='C:\\Windows\\Fonts\\Candarali.ttf', index=0, name='Candara Light', style='italic', variant='normal', weight=400, stretch='normal', size='scalable')) = 11.05
2026-08-06 11:47:27,772 - DEBUG - findfont: score(FontEntry(fname='C:\\Windows\\Fonts\\arial.ttf', index=0, name='Arial', style='normal', variant='normal', weight=400, stretch='normal', size='scalable')) = 6.413636363636363
2026-08-06 11:47:27,772 - DEBUG - findfont: score(FontEntry(fname='C:\\Windows\\Fonts\\consolab.ttf', index=0, name='Consolas', style='normal', variant='normal', weight=700, stretch='normal', size='scalable')) = 10.335
2026-08-06 11:47:27,772 - DEBUG - findfont: score(FontEntry(fname='C:\\Windows\\Fonts\\BELLI.TTF', index=0, name='Bell MT', style='italic', variant='normal', weight=400, stretch='normal', size='scalable')) = 11.05
2026-08-06 11:47:27,772 - DEBUG - findfont: score(FontEntry(fname='C:\\Windows\\Fonts\\supef___.ttf', index=0, name='SuperFrench', style='normal', variant='normal', weight=400, stretch='normal', size='scalable')) = 10.05
2026-08-06 11:47:27,772 - DEBUG - findfont: score(FontEntry(fname='C:\\Windows\\Fonts\\LiberationSans-Italic.ttf', index=0, name='Liberation Sans', style='italic', variant='normal', weight=400, stretch='normal', size='scalable')) = 11.05
2026-08-06 11:47:27,772 - DEBUG - findfont: score(FontEntry(fname='C:\\Windows\\Fonts\\romab___.ttf', index=0, name='Romantic', style='normal', variant='normal', weight=700, stretch='normal', size='scalable')) = 10.335
2026-08-06 11:47:27,773 - DEBUG - findfont: score(FontEntry(fname='C:\\Windows\\Fonts\\FRADMIT.TTF', index=0, name='Franklin Gothic Demi', style='italic', variant='normal', weight=400, stretch='normal', size='scalable')) = 11.05
2026-08-06 11:47:27,773 - DEBUG - findfont: score(FontEntry(fname='C:\\Windows\\Fonts\\SCHLBKBI.TTF', index=0, name='Century Schoolbook', style='italic', variant='normal', weight=700, stretch='normal', size='scalable')) = 11.335
2026-08-06 11:47:27,773 - DEBUG - findfont: score(FontEntry(fname='C:\\Windows\\Fonts\\PRISTINA.TTF', index=0, name='Pristina', style='normal', variant='normal', weight=400, stretch='normal', size='scalable')) = 10.05
2026-08-06 11:47:27,773 - DEBUG - findfont: score(FontEntry(fname='C:\\Windows\\Fonts\\POORICH.TTF', index=0, name='Poor Richard', style='normal', variant='normal', weight=400, stretch='normal', size='scalable')) = 10.05
2026-08-06 11:47:27,773 - DEBUG - findfont: score(FontEntry(fname='C:\\Windows\\Fonts\\isocpeui.ttf', index=0, name='ISOCPEUR', style='italic', variant='normal', weight=400, stretch='normal', size='scalable')) = 11.05
2026-08-06 11:47:27,773 - DEBUG - findfont: score(FontEntry(fname='C:\\Windows\\Fonts\\PALSCRI.TTF', index=0, name='Palace Script MT', style='normal', variant='normal', weight=400, stretch='normal', size='scalable')) = 10.05
2026-08-06 11:47:27,773 - DEBUG - findfont: score(FontEntry(fname='C:\\Windows\\Fonts\\calibril.ttf', index=0, name='Calibri', style='normal', variant='normal', weight=300, stretch='normal', size='scalable')) = 10.145
2026-08-06 11:47:27,773 - DEBUG - findfont: score(FontEntry(fname='C:\\Windows\\Fonts\\calibril.ttf', index=0, name='Calibri Light', style='normal', variant='normal', weight=400, stretch='normal', size='scalable')) = 10.05
2026-08-06 11:47:27,773 - DEBUG - findfont: score(FontEntry(fname='C:\\Windows\\Fonts\\MTCORSVA.TTF', index=0, name='Monotype Corsiva', style='normal', variant='normal', weight=400, stretch='normal', size='scalable')) = 10.05
2026-08-06 11:47:27,773 - DEBUG - findfont: score(FontEntry(fname='C:\\Windows\\Fonts\\VIVALDII.TTF', index=0, name='Vivaldi', style='italic', variant='normal', weight=400, stretch='normal', size='scalable')) = 11.05
2026-08-06 11:47:27,773 - DEBUG - findfont: score(FontEntry(fname='C:\\Windows\\Fonts\\comsc.ttf', index=0, name='CommercialScript BT', style='normal', variant='normal', weight=400, stretch='normal', size='scalable')) = 10.05
2026-08-06 11:47:27,773 - DEBUG - findfont: score(FontEntry(fname='C:\\Windows\\Fonts\\comsc.ttf', index=0, name='CommercialScript', style='normal', variant='normal', weight=400, stretch='normal', size='scalable')) = 10.05
2026-08-06 11:47:27,774 - DEBUG - findfont: score(FontEntry(fname='C:\\Windows\\Fonts\\LiberationSans-BoldItalic.ttf', index=0, name='Liberation Sans', style='italic', variant='normal', weight=700, stretch='normal', size='scalable')) = 11.335
2026-08-06 11:47:27,774 - DEBUG - findfont: score(FontEntry(fname='C:\\Windows\\Fonts\\GILC____.TTF', index=0, name='Gill Sans MT Condensed', style='normal', variant='normal', weight=400, stretch='condensed', size='scalable')) = 10.25
2026-08-06 11:47:27,774 - DEBUG - findfont: score(FontEntry(fname='C:\\Windows\\Fonts\\BOD_PSTC.TTF', index=0, name='Bodoni MT', style='normal', variant='normal', weight=300, stretch='normal', size='scalable')) = 10.145
2026-08-06 11:47:27,774 - DEBUG - findfont: score(FontEntry(fname='C:\\Windows\\Fonts\\BOD_PSTC.TTF', index=0, name='Bodoni MT Poster Compressed', style='normal', variant='normal', weight=400, stretch='normal', size='scalable')) = 10.05
2026-08-06 11:47:27,774 - DEBUG - findfont: score(FontEntry(fname='C:\\Windows\\Fonts\\seguisb.ttf', index=0, name='Segoe UI', style='normal', variant='normal', weight=600, stretch='normal', size='scalable')) = 10.24
2026-08-06 11:47:27,774 - DEBUG - findfont: score(FontEntry(fname='C:\\Windows\\Fonts\\seguisb.ttf', index=0, name='Segoe UI Semibold', style='normal', variant='normal', weight=400, stretch='normal', size='scalable')) = 10.05
2026-08-06 11:47:27,774 - DEBUG - findfont: score(FontEntry(fname='C:\\Windows\\Fonts\\segoescb.ttf', index=0, name='Segoe Script', style='normal', variant='normal', weight=700, stretch='normal', size='scalable')) = 10.335
2026-08-06 11:47:27,774 - DEBUG - findfont: score(FontEntry(fname='C:\\Windows\\Fonts\\ebrima.ttf', index=0, name='Ebrima', style='normal', variant='normal', weight=400, stretch='normal', size='scalable')) = 10.05
2026-08-06 11:47:27,774 - DEBUG - findfont: score(FontEntry(fname='C:\\Windows\\Fonts\\GIGI.TTF', index=0, name='Gigi', style='normal', variant='normal', weight=400, stretch='normal', size='scalable')) = 10.05
2026-08-06 11:47:27,774 - DEBUG - findfont: score(FontEntry(fname='C:\\Windows\\Fonts\\BOD_CB.TTF', index=0, name='Bodoni MT', style='normal', variant='normal', weight=700, stretch='condensed', size='scalable')) = 10.535
2026-08-06 11:47:27,774 - DEBUG - findfont: score(FontEntry(fname='C:\\Windows\\Fonts\\BOD_CB.TTF', index=0, name='Bodoni MT Condensed', style='normal', variant='normal', weight=700, stretch='condensed', size='scalable')) = 10.535
2026-08-06 11:47:27,774 - DEBUG - findfont: score(FontEntry(fname='C:\\Windows\\Fonts\\gadugib.ttf', index=0, name='Gadugi', style='normal', variant='normal', weight=700, stretch='normal', size='scalable')) = 10.335
2026-08-06 11:47:27,774 - DEBUG - findfont: score(FontEntry(fname='C:\\Windows\\Fonts\\ROCKEB.TTF', index=0, name='Rockwell Extra Bold', style='normal', variant='normal', weight=800, stretch='normal', size='scalable')) = 10.43
2026-08-06 11:47:27,774 - DEBUG - findfont: score(FontEntry(fname='C:\\Windows\\Fonts\\FREESCPT.TTF', index=0, name='Freestyle Script', style='normal', variant='normal', weight=400, stretch='normal', size='scalable')) = 10.05
2026-08-06 11:47:27,774 - DEBUG - findfont: score(FontEntry(fname='C:\\Windows\\Fonts\\LTYPEO.TTF', index=0, name='Lucida Sans Typewriter', style='oblique', variant='normal', weight=400, stretch='normal', size='scalable')) = 11.05
2026-08-06 11:47:27,774 - DEBUG - findfont: score(FontEntry(fname='C:\\Windows\\Fonts\\taileb.ttf', index=0, name='Microsoft Tai Le', style='normal', variant='normal', weight=700, stretch='normal', size='scalable')) = 10.335
2026-08-06 11:47:27,774 - DEBUG - findfont: score(FontEntry(fname='C:\\Windows\\Fonts\\cityb___.ttf', index=0, name='CityBlueprint', style='normal', variant='normal', weight=400, stretch='normal', size='scalable')) = 10.05
2026-08-06 11:47:27,774 - DEBUG - findfont: score(FontEntry(fname='C:\\Windows\\Fonts\\consolaz.ttf', index=0, name='Consolas', style='italic', variant='normal', weight=700, stretch='normal', size='scalable')) = 11.335
2026-08-06 11:47:27,775 - DEBUG - findfont: score(FontEntry(fname='C:\\Windows\\Fonts\\GIL_____.TTF', index=0, name='Gill Sans MT', style='normal', variant='normal', weight=400, stretch='normal', size='scalable')) = 10.05
2026-08-06 11:47:27,775 - DEBUG - findfont: score(FontEntry(fname='C:\\Windows\\Fonts\\trebucbi.ttf', index=0, name='Trebuchet MS', style='italic', variant='normal', weight=700, stretch='normal', size='scalable')) = 11.335
2026-08-06 11:47:27,775 - DEBUG - findfont: score(FontEntry(fname='C:\\Windows\\Fonts\\LFAXD.TTF', index=0, name='Lucida Fax', style='normal', variant='normal', weight=600, stretch='normal', size='scalable')) = 10.24
2026-08-06 11:47:27,775 - DEBUG - findfont: score(FontEntry(fname='C:\\Windows\\Fonts\\DUBAI-MEDIUM.TTF', index=0, name='Dubai', style='normal', variant='normal', weight=500, stretch='normal', size='scalable')) = 10.145
2026-08-06 11:47:27,775 - DEBUG - findfont: score(FontEntry(fname='C:\\Windows\\Fonts\\DUBAI-MEDIUM.TTF', index=0, name='Dubai Medium', style='normal', variant='normal', weight=400, stretch='normal', size='scalable')) = 10.05
2026-08-06 11:47:27,775 - DEBUG - findfont: score(FontEntry(fname='C:\\Windows\\Fonts\\BOD_CI.TTF', index=0, name='Bodoni MT', style='italic', variant='normal', weight=400, stretch='condensed', size='scalable')) = 11.25
2026-08-06 11:47:27,775 - DEBUG - findfont: score(FontEntry(fname='C:\\Windows\\Fonts\\BOD_CI.TTF', index=0, name='Bodoni MT Condensed', style='italic', variant='normal', weight=400, stretch='condensed', size='scalable')) = 11.25
2026-08-06 11:47:27,775 - DEBUG - findfont: score(FontEntry(fname='C:\\Windows\\Fonts\\tahoma.ttf', index=0, name='Tahoma', style='normal', variant='normal', weight=400, stretch='normal', size='scalable')) = 10.05
2026-08-06 11:47:27,775 - DEBUG - findfont: score(FontEntry(fname='C:\\Windows\\Fonts\\CALIFR.TTF', index=0, name='Californian FB', style='normal', variant='normal', weight=400, stretch='normal', size='scalable')) = 10.05
2026-08-06 11:47:27,775 - DEBUG - findfont: score(FontEntry(fname='C:\\Windows\\Fonts\\Gabriola.ttf', index=0, name='Gabriola', style='normal', variant='normal', weight=400, stretch='normal', size='scalable')) = 10.05
2026-08-06 11:47:27,775 - DEBUG - findfont: score(FontEntry(fname='C:\\Windows\\Fonts\\BOD_I.TTF', index=0, name='Bodoni MT', style='italic', variant='normal', weight=400, stretch='normal', size='scalable')) = 11.05
2026-08-06 11:47:27,775 - DEBUG - findfont: score(FontEntry(fname='C:\\Windows\\Fonts\\corbell.ttf', index=0, name='Corbel', style='normal', variant='normal', weight=300, stretch='normal', size='scalable')) = 10.145
2026-08-06 11:47:27,775 - DEBUG - findfont: score(FontEntry(fname='C:\\Windows\\Fonts\\corbell.ttf', index=0, name='Corbel Light', style='normal', variant='normal', weight=400, stretch='normal', size='scalable')) = 10.05
2026-08-06 11:47:27,775 - DEBUG - findfont: score(FontEntry(fname='C:\\Windows\\Fonts\\segoeprb.ttf', index=0, name='Segoe Print', style='normal', variant='normal', weight=700, stretch='normal', size='scalable')) = 10.335
2026-08-06 11:47:27,775 - DEBUG - findfont: score(FontEntry(fname='C:\\Windows\\Fonts\\ITCEDSCR.TTF', index=0, name='Edwardian Script ITC', style='normal', variant='normal', weight=400, stretch='normal', size='scalable')) = 10.05
2026-08-06 11:47:27,775 - DEBUG - findfont: score(FontEntry(fname='C:\\Windows\\Fonts\\Artifakt Element Medium Italic.ttf', index=0, name='Artifakt Element', style='italic', variant='normal', weight=600, stretch='normal', size='scalable')) = 11.24
2026-08-06 11:47:27,776 - DEBUG - findfont: score(FontEntry(fname='C:\\Windows\\Fonts\\Artifakt Element Medium Italic.ttf', index=0, name='Artifakt Element Medium', style='italic', variant='normal', weight=400, stretch='normal', size='scalable')) = 11.05
2026-08-06 11:47:27,776 - DEBUG - findfont: score(FontEntry(fname='C:\\Windows\\Fonts\\FORTE.TTF', index=0, name='Forte', style='normal', variant='normal', weight=400, stretch='normal', size='scalable')) = 10.05
2026-08-06 11:47:27,776 - DEBUG - findfont: score(FontEntry(fname='C:\\Windows\\Fonts\\FRABK.TTF', index=0, name='Franklin Gothic Book', style='normal', variant='normal', weight=400, stretch='normal', size='scalable')) = 10.05
2026-08-06 11:47:27,776 - DEBUG - findfont: score(FontEntry(fname='C:\\Windows\\Fonts\\FRADMCN.TTF', index=0, name='Franklin Gothic Demi Cond', style='normal', variant='normal', weight=400, stretch='condensed', size='scalable')) = 10.25
2026-08-06 11:47:27,776 - DEBUG - findfont: score(FontEntry(fname='C:\\Windows\\Fonts\\courbd.ttf', index=0, name='Courier New', style='normal', variant='normal', weight=700, stretch='normal', size='scalable')) = 10.335
2026-08-06 11:47:27,776 - DEBUG - findfont: score(FontEntry(fname='C:\\Windows\\Fonts\\HTOWERTI.TTF', index=0, name='High Tower Text', style='italic', variant='normal', weight=400, stretch='normal', size='scalable')) = 11.05
2026-08-06 11:47:27,776 - DEBUG - findfont: score(FontEntry(fname='C:\\Windows\\Fonts\\monosi.ttf', index=0, name='Monospac821 BT', style='italic', variant='normal', weight=400, stretch='normal', size='scalable')) = 11.05
2026-08-06 11:47:27,776 - DEBUG - findfont: score(FontEntry(fname='C:\\Windows\\Fonts\\gadugi.ttf', index=0, name='Gadugi', style='normal', variant='normal', weight=400, stretch='normal', size='scalable')) = 10.05
2026-08-06 11:47:27,776 - DEBUG - findfont: score(FontEntry(fname='C:\\Windows\\Fonts\\BERNHC.TTF', index=0, name='Bernard MT Condensed', style='normal', variant='normal', weight=400, stretch='condensed', size='scalable')) = 10.25
2026-08-06 11:47:27,776 - DEBUG - findfont: score(FontEntry(fname='C:\\Windows\\Fonts\\RAVIE.TTF', index=0, name='Ravie', style='normal', variant='normal', weight=400, stretch='normal', size='scalable')) = 10.05
2026-08-06 11:47:27,776 - DEBUG - findfont: score(FontEntry(fname='C:\\Windows\\Fonts\\constanb.ttf', index=0, name='Constantia', style='normal', variant='normal', weight=700, stretch='normal', size='scalable')) = 10.335
2026-08-06 11:47:27,776 - DEBUG - findfont: score(FontEntry(fname='C:\\Windows\\Fonts\\Artifakt Element Light Italic.ttf', index=0, name='Artifakt Element', style='italic', variant='normal', weight=300, stretch='normal', size='scalable')) = 11.145
2026-08-06 11:47:27,776 - DEBUG - findfont: score(FontEntry(fname='C:\\Windows\\Fonts\\Artifakt Element Light Italic.ttf', index=0, name='Artifakt Element Light', style='italic', variant='normal', weight=400, stretch='normal', size='scalable')) = 11.05
2026-08-06 11:47:27,776 - DEBUG - findfont: score(FontEntry(fname='C:\\Windows\\Fonts\\lucon.ttf', index=0, name='Lucida Console', style='normal', variant='normal', weight=400, stretch='normal', size='scalable')) = 10.05
2026-08-06 11:47:27,777 - DEBUG - findfont: score(FontEntry(fname='C:\\Windows\\Fonts\\FRSCRIPT.TTF', index=0, name='French Script MT', style='normal', variant='normal', weight=400, stretch='normal', size='scalable')) = 10.05
2026-08-06 11:47:27,777 - DEBUG - findfont: score(FontEntry(fname='C:\\Windows\\Fonts\\BELL.TTF', index=0, name='Bell MT', style='normal', variant='normal', weight=400, stretch='normal', size='scalable')) = 10.05
2026-08-06 11:47:27,777 - DEBUG - findfont: score(FontEntry(fname='C:\\Windows\\Fonts\\NIAGENG.TTF', index=0, name='Niagara Engraved', style='normal', variant='normal', weight=400, stretch='normal', size='scalable')) = 10.05
2026-08-06 11:47:27,777 - DEBUG - findfont: score(FontEntry(fname='C:\\Windows\\Fonts\\GILLUBCD.TTF', index=0, name='Gill Sans Ultra Bold Condensed', style='normal', variant='normal', weight=400, stretch='condensed', size='scalable')) = 10.25
2026-08-06 11:47:27,777 - DEBUG - findfont: score(FontEntry(fname='C:\\Windows\\Fonts\\OLDENGL.TTF', index=0, name='Old English Text MT', style='normal', variant='normal', weight=400, stretch='normal', size='scalable')) = 10.05
2026-08-06 11:47:27,777 - DEBUG - findfont: score(FontEntry(fname='C:\\Windows\\Fonts\\JOKERMAN.TTF', index=0, name='Jokerman', style='normal', variant='normal', weight=400, stretch='normal', size='scalable')) = 10.05
2026-08-06 11:47:27,777 - DEBUG - findfont: score(FontEntry(fname='C:\\Windows\\Fonts\\georgiai.ttf', index=0, name='Georgia', style='italic', variant='normal', weight=400, stretch='normal', size='scalable')) = 11.05
2026-08-06 11:47:27,777 - DEBUG - findfont: score(FontEntry(fname='C:\\Windows\\Fonts\\PERB____.TTF', index=0, name='Perpetua', style='normal', variant='normal', weight=700, stretch='normal', size='scalable')) = 10.335
2026-08-06 11:47:27,777 - DEBUG - findfont: score(FontEntry(fname='C:\\Windows\\Fonts\\LSANSDI.TTF', index=0, name='Lucida Sans', style='italic', variant='normal', weight=600, stretch='normal', size='scalable')) = 11.24
2026-08-06 11:47:27,777 - DEBUG - findfont: score(FontEntry(fname='C:\\Windows\\Fonts\\FRAHV.TTF', index=0, name='Franklin Gothic Heavy', style='normal', variant='normal', weight=400, stretch='normal', size='scalable')) = 10.05
2026-08-06 11:47:27,777 - DEBUG - findfont: score(FontEntry(fname='C:\\Windows\\Fonts\\LeelawUI.ttf', index=0, name='Leelawadee UI', style='normal', variant='normal', weight=400, stretch='normal', size='scalable')) = 10.05
2026-08-06 11:47:27,777 - DEBUG - findfont: score(FontEntry(fname='C:\\Windows\\Fonts\\SitkaVF-Italic.ttf', index=0, name='Sitka', style='italic', variant='normal', weight=400, stretch='normal', size='scalable')) = 11.05
2026-08-06 11:47:27,777 - DEBUG - findfont: score(FontEntry(fname='C:\\Windows\\Fonts\\SitkaVF-Italic.ttf', index=0, name='Sitka Text', style='italic', variant='normal', weight=400, stretch='normal', size='scalable')) = 11.05
2026-08-06 11:47:27,777 - DEBUG - findfont: score(FontEntry(fname='C:\\Windows\\Fonts\\PERTILI.TTF', index=0, name='Perpetua Titling MT', style='normal', variant='normal', weight=300, stretch='normal', size='scalable')) = 10.145
2026-08-06 11:47:27,778 - DEBUG - findfont: score(FontEntry(fname='C:\\Windows\\Fonts\\msjh.ttc', index=0, name='Microsoft JhengHei', style='normal', variant='normal', weight=400, stretch='normal', size='scalable')) = 10.05
2026-08-06 11:47:27,778 - DEBUG - findfont: score(FontEntry(fname='C:\\Windows\\Fonts\\msjh.ttc', index=1, name='Microsoft JhengHei UI', style='normal', variant='normal', weight=400, stretch='normal', size='scalable')) = 10.05
2026-08-06 11:47:27,778 - DEBUG - findfont: score(FontEntry(fname='C:\\Windows\\Fonts\\isocp2__.ttf', index=0, name='ISOCP2', style='normal', variant='normal', weight=400, stretch='normal', size='scalable')) = 10.05
2026-08-06 11:47:27,778 - DEBUG - findfont: score(FontEntry(fname='C:\\Windows\\Fonts\\swisseb.ttf', index=0, name='Swis721 Ex BT', style='normal', variant='normal', weight=700, stretch='expanded', size='scalable')) = 10.535
2026-08-06 11:47:27,778 - DEBUG - findfont: score(FontEntry(fname='C:\\Windows\\Fonts\\NIAGSOL.TTF', index=0, name='Niagara Solid', style='normal', variant='normal', weight=400, stretch='normal', size='scalable')) = 10.05
2026-08-06 11:47:27,778 - DEBUG - findfont: score(FontEntry(fname='C:\\Windows\\Fonts\\Artifakt Element Medium.ttf', index=0, name='Artifakt Element', style='normal', variant='normal', weight=600, stretch='normal', size='scalable')) = 10.24
2026-08-06 11:47:27,779 - DEBUG - findfont: score(FontEntry(fname='C:\\Windows\\Fonts\\Artifakt Element Medium.ttf', index=0, name='Artifakt Element Medium', style='normal', variant='normal', weight=400, stretch='normal', size='scalable')) = 10.05
2026-08-06 11:47:27,779 - DEBUG - findfont: score(FontEntry(fname='C:\\Windows\\Fonts\\l_10646.ttf', index=0, name='Lucida Sans Unicode', style='normal', variant='normal', weight=400, stretch='normal', size='scalable')) = 10.05
2026-08-06 11:47:27,779 - DEBUG - findfont: score(FontEntry(fname='C:\\Windows\\Fonts\\IMPRISHA.TTF', index=0, name='Imprint MT Shadow', style='normal', variant='normal', weight=400, stretch='normal', size='scalable')) = 10.05
2026-08-06 11:47:27,779 - DEBUG - findfont: score(FontEntry(fname='C:\\Windows\\Fonts\\segoeuii.ttf', index=0, name='Segoe UI', style='italic', variant='normal', weight=400, stretch='normal', size='scalable')) = 11.05
2026-08-06 11:47:27,779 - DEBUG - findfont: score(FontEntry(fname='C:\\Windows\\Fonts\\georgiab.ttf', index=0, name='Georgia', style='normal', variant='normal', weight=700, stretch='normal', size='scalable')) = 10.335
2026-08-06 11:47:27,779 - DEBUG - findfont: score(FontEntry(fname='C:\\Windows\\Fonts\\COPRGTB.TTF', index=0, name='Copperplate Gothic Bold', style='normal', variant='normal', weight=400, stretch='normal', size='scalable')) = 10.05
2026-08-06 11:47:27,779 - DEBUG - findfont: score(FontEntry(fname='C:\\Windows\\Fonts\\corbeli.ttf', index=0, name='Corbel', style='italic', variant='normal', weight=400, stretch='normal', size='scalable')) = 11.05
2026-08-06 11:47:27,779 - DEBUG - findfont: score(FontEntry(fname='C:\\Windows\\Fonts\\panroman.ttf', index=0, name='PanRoman', style='normal', variant='normal', weight=400, stretch='normal', size='scalable')) = 10.05
2026-08-06 11:47:27,779 - DEBUG - findfont: score(FontEntry(fname='C:\\Windows\\Fonts\\Artifakt Element Bold Italic.ttf', index=0, name='Artifakt Element', style='italic', variant='normal', weight=700, stretch='normal', size='scalable')) = 11.335
2026-08-06 11:47:27,779 - DEBUG - findfont: score(FontEntry(fname='C:\\Windows\\Fonts\\BOOKOSI.TTF', index=0, name='Bookman Old Style', style='italic', variant='normal', weight=300, stretch='normal', size='scalable')) = 11.145
2026-08-06 11:47:27,779 - DEBUG - findfont: score(FontEntry(fname='C:\\Windows\\Fonts\\CENSCBK.TTF', index=0, name='Century Schoolbook', style='normal', variant='normal', weight=400, stretch='normal', size='scalable')) = 10.05
2026-08-06 11:47:27,779 - DEBUG - findfont: score(FontEntry(fname='C:\\Windows\\Fonts\\TCB_____.TTF', index=0, name='Tw Cen MT', style='normal', variant='normal', weight=700, stretch='normal', size='scalable')) = 10.335
2026-08-06 11:47:27,780 - DEBUG - findfont: score(FontEntry(fname='C:\\Windows\\Fonts\\bgothm.ttf', index=0, name='BankGothic Md BT', style='normal', variant='normal', weight=400, stretch='normal', size='scalable')) = 10.05
2026-08-06 11:47:27,780 - DEBUG - findfont: score(FontEntry(fname='C:\\Windows\\Fonts\\BRITANIC.TTF', index=0, name='Britannic Bold', style='normal', variant='normal', weight=400, stretch='normal', size='scalable')) = 10.05
2026-08-06 11:47:27,780 - DEBUG - findfont: score(FontEntry(fname='C:\\Windows\\Fonts\\timesbd.ttf', index=0, name='Times New Roman', style='normal', variant='normal', weight=700, stretch='normal', size='scalable')) = 10.335
2026-08-06 11:47:27,780 - DEBUG - findfont: score(FontEntry(fname='C:\\Windows\\Fonts\\swissel.ttf', index=0, name='Swis721 LtEx BT', style='normal', variant='normal', weight=400, stretch='expanded', size='scalable')) = 10.25
2026-08-06 11:47:27,780 - DEBUG - findfont: score(FontEntry(fname='C:\\Windows\\Fonts\\LBRITEDI.TTF', index=0, name='Lucida Bright', style='italic', variant='normal', weight=600, stretch='normal', size='scalable')) = 11.24
2026-08-06 11:47:27,780 - DEBUG - findfont: score(FontEntry(fname='C:\\Windows\\Fonts\\scripts_.ttf', index=0, name='ScriptS', style='normal', variant='normal', weight=400, stretch='normal', size='scalable')) = 10.05
2026-08-06 11:47:27,780 - DEBUG - findfont: score(FontEntry(fname='C:\\Windows\\Fonts\\SCHLBKB.TTF', index=0, name='Century Schoolbook', style='normal', variant='normal', weight=700, stretch='normal', size='scalable')) = 10.335
2026-08-06 11:47:27,780 - DEBUG - findfont: score(FontEntry(fname='C:\\Windows\\Fonts\\CASTELAR.TTF', index=0, name='Castellar', style='normal', variant='normal', weight=400, stretch='normal', size='scalable')) = 10.05
2026-08-06 11:47:27,780 - DEBUG - findfont: score(FontEntry(fname='C:\\Windows\\Fonts\\calibrili.ttf', index=0, name='Calibri', style='italic', variant='normal', weight=300, stretch='normal', size='scalable')) = 11.145
2026-08-06 11:47:27,780 - DEBUG - findfont: score(FontEntry(fname='C:\\Windows\\Fonts\\calibrili.ttf', index=0, name='Calibri Light', style='italic', variant='normal', weight=400, stretch='normal', size='scalable')) = 11.05
2026-08-06 11:47:27,780 - DEBUG - findfont: Matching sans\-serif:style=normal:variant=normal:weight=normal:stretch=normal:size=10.0 to DejaVu Sans ('D:\\Projects\\TreeAIBox\\.venv\\Lib\\site-packages\\matplotlib\\mpl-data\\fonts\\ttf\\DejaVuSans.ttf') with score of 0.050000.
2026-08-06 11:47:27,830 - DEBUG - findfont: Matching sans\-serif:style=normal:variant=normal:weight=normal:stretch=normal:size=12.0.
2026-08-06 11:47:27,831 - DEBUG - findfont: score(FontEntry(fname='D:\\Projects\\TreeAIBox\\.venv\\Lib\\site-packages\\matplotlib\\mpl-data\\fonts\\ttf\\DejaVuSans-Oblique.ttf', index=0, name='DejaVu Sans', style='oblique', variant='normal', weight=400, stretch='normal', size='scalable')) = 1.05
2026-08-06 11:47:27,831 - DEBUG - findfont: score(FontEntry(fname='D:\\Projects\\TreeAIBox\\.venv\\Lib\\site-packages\\matplotlib\\mpl-data\\fonts\\ttf\\DejaVuSans-BoldOblique.ttf', index=0, name='DejaVu Sans', style='oblique', variant='normal', weight=700, stretch='normal', size='scalable')) = 1.335
2026-08-06 11:47:27,831 - DEBUG - findfont: score(FontEntry(fname='D:\\Projects\\TreeAIBox\\.venv\\Lib\\site-packages\\matplotlib\\mpl-data\\fonts\\ttf\\STIXNonUniIta.ttf', index=0, name='STIXNonUnicode', style='italic', variant='normal', weight=400, stretch='normal', size='scalable')) = 11.05
2026-08-06 11:47:27,831 - DEBUG - findfont: score(FontEntry(fname='D:\\Projects\\TreeAIBox\\.venv\\Lib\\site-packages\\matplotlib\\mpl-data\\fonts\\ttf\\STIXGeneralItalic.ttf', index=0, name='STIXGeneral', style='italic', variant='normal', weight=400, stretch='normal', size='scalable')) = 11.05
2026-08-06 11:47:27,831 - DEBUG - findfont: score(FontEntry(fname='D:\\Projects\\TreeAIBox\\.venv\\Lib\\site-packages\\matplotlib\\mpl-data\\fonts\\ttf\\DejaVuSansMono-Bold.ttf', index=0, name='DejaVu Sans Mono', style='normal', variant='normal', weight=700, stretch='normal', size='scalable')) = 10.335
2026-08-06 11:47:27,832 - DEBUG - findfont: score(FontEntry(fname='D:\\Projects\\TreeAIBox\\.venv\\Lib\\site-packages\\matplotlib\\mpl-data\\fonts\\ttf\\STIXGeneral.ttf', index=0, name='STIXGeneral', style='normal', variant='normal', weight=400, stretch='normal', size='scalable')) = 10.05
2026-08-06 11:47:27,832 - DEBUG - findfont: score(FontEntry(fname='D:\\Projects\\TreeAIBox\\.venv\\Lib\\site-packages\\matplotlib\\mpl-data\\fonts\\ttf\\cmb10.ttf', index=0, name='cmb10', style='normal', variant='normal', weight=400, stretch='normal', size='scalable')) = 10.05
2026-08-06 11:47:27,832 - DEBUG - findfont: score(FontEntry(fname='D:\\Projects\\TreeAIBox\\.venv\\Lib\\site-packages\\matplotlib\\mpl-data\\fonts\\ttf\\cmmi10.ttf', index=0, name='cmmi10', style='normal', variant='normal', weight=400, stretch='normal', size='scalable')) = 10.05
2026-08-06 11:47:27,832 - DEBUG - findfont: score(FontEntry(fname='D:\\Projects\\TreeAIBox\\.venv\\Lib\\site-packages\\matplotlib\\mpl-data\\fonts\\ttf\\DejaVuSansMono-BoldOblique.ttf', index=0, name='DejaVu Sans Mono', style='oblique', variant='normal', weight=700, stretch='normal', size='scalable')) = 11.335
2026-08-06 11:47:27,832 - DEBUG - findfont: score(FontEntry(fname='D:\\Projects\\TreeAIBox\\.venv\\Lib\\site-packages\\matplotlib\\mpl-data\\fonts\\ttf\\DejaVuSerif.ttf', index=0, name='DejaVu Serif', style='normal', variant='normal', weight=400, stretch='normal', size='scalable')) = 10.05
2026-08-06 11:47:27,832 - DEBUG - findfont: score(FontEntry(fname='D:\\Projects\\TreeAIBox\\.venv\\Lib\\site-packages\\matplotlib\\mpl-data\\fonts\\ttf\\DejaVuSansMono-Oblique.ttf', index=0, name='DejaVu Sans Mono', style='oblique', variant='normal', weight=400, stretch='normal', size='scalable')) = 11.05
2026-08-06 11:47:27,832 - DEBUG - findfont: score(FontEntry(fname='D:\\Projects\\TreeAIBox\\.venv\\Lib\\site-packages\\matplotlib\\mpl-data\\fonts\\ttf\\cmex10.ttf', index=0, name='cmex10', style='normal', variant='normal', weight=400, stretch='normal', size='scalable')) = 10.05
2026-08-06 11:47:27,832 - DEBUG - findfont: score(FontEntry(fname='D:\\Projects\\TreeAIBox\\.venv\\Lib\\site-packages\\matplotlib\\mpl-data\\fonts\\ttf\\STIXSizOneSymBol.ttf', index=0, name='STIXSizeOneSym', style='normal', variant='normal', weight=700, stretch='normal', size='scalable')) = 10.335
2026-08-06 11:47:27,832 - DEBUG - findfont: score(FontEntry(fname='D:\\Projects\\TreeAIBox\\.venv\\Lib\\site-packages\\matplotlib\\mpl-data\\fonts\\ttf\\STIXNonUniBol.ttf', index=0, name='STIXNonUnicode', style='normal', variant='normal', weight=700, stretch='normal', size='scalable')) = 10.335
2026-08-06 11:47:27,832 - DEBUG - findfont: score(FontEntry(fname='D:\\Projects\\TreeAIBox\\.venv\\Lib\\site-packages\\matplotlib\\mpl-data\\fonts\\ttf\\STIXGeneralBol.ttf', index=0, name='STIXGeneral', style='normal', variant='normal', weight=700, stretch='normal', size='scalable')) = 10.335
2026-08-06 11:47:27,833 - DEBUG - findfont: score(FontEntry(fname='D:\\Projects\\TreeAIBox\\.venv\\Lib\\site-packages\\matplotlib\\mpl-data\\fonts\\ttf\\DejaVuSans.ttf', index=0, name='DejaVu Sans', style='normal', variant='normal', weight=400, stretch='normal', size='scalable')) = 0.05
2026-08-06 11:47:27,833 - DEBUG - findfont: score(FontEntry(fname='D:\\Projects\\TreeAIBox\\.venv\\Lib\\site-packages\\matplotlib\\mpl-data\\fonts\\ttf\\STIXNonUni.ttf', index=0, name='STIXNonUnicode', style='normal', variant='normal', weight=400, stretch='normal', size='scalable')) = 10.05
2026-08-06 11:47:27,833 - DEBUG - findfont: score(FontEntry(fname='D:\\Projects\\TreeAIBox\\.venv\\Lib\\site-packages\\matplotlib\\mpl-data\\fonts\\ttf\\STIXSizFourSymBol.ttf', index=0, name='STIXSizeFourSym', style='normal', variant='normal', weight=700, stretch='normal', size='scalable')) = 10.335
2026-08-06 11:47:27,833 - DEBUG - findfont: score(FontEntry(fname='D:\\Projects\\TreeAIBox\\.venv\\Lib\\site-packages\\matplotlib\\mpl-data\\fonts\\ttf\\cmr10.ttf', index=0, name='cmr10', style='normal', variant='normal', weight=400, stretch='normal', size='scalable')) = 10.05
2026-08-06 11:47:27,833 - DEBUG - findfont: score(FontEntry(fname='D:\\Projects\\TreeAIBox\\.venv\\Lib\\site-packages\\matplotlib\\mpl-data\\fonts\\ttf\\STIXSizFiveSymReg.ttf', index=0, name='STIXSizeFiveSym', style='normal', variant='normal', weight=400, stretch='normal', size='scalable')) = 10.05
2026-08-06 11:47:27,833 - DEBUG - findfont: score(FontEntry(fname='D:\\Projects\\TreeAIBox\\.venv\\Lib\\site-packages\\matplotlib\\mpl-data\\fonts\\ttf\\cmti10.ttf', index=0, name='cmti10', style='normal', variant='normal', weight=400, stretch='normal', size='scalable')) = 10.05
2026-08-06 11:47:27,833 - DEBUG - findfont: score(FontEntry(fname='D:\\Projects\\TreeAIBox\\.venv\\Lib\\site-packages\\matplotlib\\mpl-data\\fonts\\ttf\\STIXSizThreeSymBol.ttf', index=0, name='STIXSizeThreeSym', style='normal', variant='normal', weight=700, stretch='normal', size='scalable')) = 10.335
2026-08-06 11:47:27,833 - DEBUG - findfont: score(FontEntry(fname='D:\\Projects\\TreeAIBox\\.venv\\Lib\\site-packages\\matplotlib\\mpl-data\\fonts\\ttf\\cmtt10.ttf', index=0, name='cmtt10', style='normal', variant='normal', weight=400, stretch='normal', size='scalable')) = 10.05
2026-08-06 11:47:27,833 - DEBUG - findfont: score(FontEntry(fname='D:\\Projects\\TreeAIBox\\.venv\\Lib\\site-packages\\matplotlib\\mpl-data\\fonts\\ttf\\STIXSizFourSymReg.ttf', index=0, name='STIXSizeFourSym', style='normal', variant='normal', weight=400, stretch='normal', size='scalable')) = 10.05
2026-08-06 11:47:27,833 - DEBUG - findfont: score(FontEntry(fname='D:\\Projects\\TreeAIBox\\.venv\\Lib\\site-packages\\matplotlib\\mpl-data\\fonts\\ttf\\DejaVuSerif-Italic.ttf', index=0, name='DejaVu Serif', style='italic', variant='normal', weight=400, stretch='normal', size='scalable')) = 11.05
2026-08-06 11:47:27,834 - DEBUG - findfont: score(FontEntry(fname='D:\\Projects\\TreeAIBox\\.venv\\Lib\\site-packages\\matplotlib\\mpl-data\\fonts\\ttf\\cmsy10.ttf', index=0, name='cmsy10', style='normal', variant='normal', weight=400, stretch='normal', size='scalable')) = 10.05
2026-08-06 11:47:27,834 - DEBUG - findfont: score(FontEntry(fname='D:\\Projects\\TreeAIBox\\.venv\\Lib\\site-packages\\matplotlib\\mpl-data\\fonts\\ttf\\DejaVuSerif-BoldItalic.ttf', index=0, name='DejaVu Serif', style='italic', variant='normal', weight=700, stretch='normal', size='scalable')) = 11.335
2026-08-06 11:47:27,834 - DEBUG - findfont: score(FontEntry(fname='D:\\Projects\\TreeAIBox\\.venv\\Lib\\site-packages\\matplotlib\\mpl-data\\fonts\\ttf\\cmss10.ttf', index=0, name='cmss10', style='normal', variant='normal', weight=400, stretch='normal', size='scalable')) = 10.05
2026-08-06 11:47:27,834 - DEBUG - findfont: score(FontEntry(fname='D:\\Projects\\TreeAIBox\\.venv\\Lib\\site-packages\\matplotlib\\mpl-data\\fonts\\ttf\\STIXSizOneSymReg.ttf', index=0, name='STIXSizeOneSym', style='normal', variant='normal', weight=400, stretch='normal', size='scalable')) = 10.05
2026-08-06 11:47:27,834 - DEBUG - findfont: score(FontEntry(fname='D:\\Projects\\TreeAIBox\\.venv\\Lib\\site-packages\\matplotlib\\mpl-data\\fonts\\ttf\\LastResortHE-Regular.ttf', index=0, name='Last Resort High-Efficiency', style='normal', variant='normal', weight=400, stretch='normal', size='scalable')) = 10.05
2026-08-06 11:47:27,834 - DEBUG - findfont: score(FontEntry(fname='D:\\Projects\\TreeAIBox\\.venv\\Lib\\site-packages\\matplotlib\\mpl-data\\fonts\\ttf\\STIXSizTwoSymReg.ttf', index=0, name='STIXSizeTwoSym', style='normal', variant='normal', weight=400, stretch='normal', size='scalable')) = 10.05
2026-08-06 11:47:27,834 - DEBUG - findfont: score(FontEntry(fname='D:\\Projects\\TreeAIBox\\.venv\\Lib\\site-packages\\matplotlib\\mpl-data\\fonts\\ttf\\DejaVuSansDisplay.ttf', index=0, name='DejaVu Sans Display', style='normal', variant='normal', weight=400, stretch='normal', size='scalable')) = 10.05
2026-08-06 11:47:27,835 - DEBUG - findfont: score(FontEntry(fname='D:\\Projects\\TreeAIBox\\.venv\\Lib\\site-packages\\matplotlib\\mpl-data\\fonts\\ttf\\STIXNonUniBolIta.ttf', index=0, name='STIXNonUnicode', style='italic', variant='normal', weight=700, stretch='normal', size='scalable')) = 11.335
2026-08-06 11:47:27,835 - DEBUG - findfont: score(FontEntry(fname='D:\\Projects\\TreeAIBox\\.venv\\Lib\\site-packages\\matplotlib\\mpl-data\\fonts\\ttf\\STIXSizTwoSymBol.ttf', index=0, name='STIXSizeTwoSym', style='normal', variant='normal', weight=700, stretch='normal', size='scalable')) = 10.335
2026-08-06 11:47:27,835 - DEBUG - findfont: score(FontEntry(fname='D:\\Projects\\TreeAIBox\\.venv\\Lib\\site-packages\\matplotlib\\mpl-data\\fonts\\ttf\\DejaVuSansMono.ttf', index=0, name='DejaVu Sans Mono', style='normal', variant='normal', weight=400, stretch='normal', size='scalable')) = 10.05
2026-08-06 11:47:27,835 - DEBUG - findfont: score(FontEntry(fname='D:\\Projects\\TreeAIBox\\.venv\\Lib\\site-packages\\matplotlib\\mpl-data\\fonts\\ttf\\DejaVuSerif-Bold.ttf', index=0, name='DejaVu Serif', style='normal', variant='normal', weight=700, stretch='normal', size='scalable')) = 10.335
2026-08-06 11:47:27,835 - DEBUG - findfont: score(FontEntry(fname='D:\\Projects\\TreeAIBox\\.venv\\Lib\\site-packages\\matplotlib\\mpl-data\\fonts\\ttf\\DejaVuSans-Bold.ttf', index=0, name='DejaVu Sans', style='normal', variant='normal', weight=700, stretch='normal', size='scalable')) = 0.33499999999999996
2026-08-06 11:47:27,835 - DEBUG - findfont: score(FontEntry(fname='D:\\Projects\\TreeAIBox\\.venv\\Lib\\site-packages\\matplotlib\\mpl-data\\fonts\\ttf\\DejaVuSerifDisplay.ttf', index=0, name='DejaVu Serif Display', style='normal', variant='normal', weight=400, stretch='normal', size='scalable')) = 10.05
2026-08-06 11:47:27,835 - DEBUG - findfont: score(FontEntry(fname='D:\\Projects\\TreeAIBox\\.venv\\Lib\\site-packages\\matplotlib\\mpl-data\\fonts\\ttf\\STIXSizThreeSymReg.ttf', index=0, name='STIXSizeThreeSym', style='normal', variant='normal', weight=400, stretch='normal', size='scalable')) = 10.05
2026-08-06 11:47:27,835 - DEBUG - findfont: score(FontEntry(fname='D:\\Projects\\TreeAIBox\\.venv\\Lib\\site-packages\\matplotlib\\mpl-data\\fonts\\ttf\\STIXGeneralBolIta.ttf', index=0, name='STIXGeneral', style='italic', variant='normal', weight=700, stretch='normal', size='scalable')) = 11.335
2026-08-06 11:47:27,835 - DEBUG - findfont: score(FontEntry(fname='C:\\Windows\\Fonts\\TCCB____.TTF', index=0, name='Tw Cen MT Condensed', style='normal', variant='normal', weight=700, stretch='condensed', size='scalable')) = 10.535
2026-08-06 11:47:27,835 - DEBUG - findfont: score(FontEntry(fname='C:\\Windows\\Fonts\\seguibl.ttf', index=0, name='Segoe UI', style='normal', variant='normal', weight=900, stretch='normal', size='scalable')) = 10.525
2026-08-06 11:47:27,835 - DEBUG - findfont: score(FontEntry(fname='C:\\Windows\\Fonts\\seguibl.ttf', index=0, name='Segoe UI Black', style='normal', variant='normal', weight=400, stretch='normal', size='scalable')) = 10.05
2026-08-06 11:47:27,835 - DEBUG - findfont: score(FontEntry(fname='C:\\Windows\\Fonts\\isocpeur.ttf', index=0, name='ISOCPEUR', style='normal', variant='normal', weight=400, stretch='normal', size='scalable')) = 10.05
2026-08-06 11:47:27,836 - DEBUG - findfont: score(FontEntry(fname='C:\\Windows\\Fonts\\LBRITE.TTF', index=0, name='Lucida Bright', style='normal', variant='normal', weight=400, stretch='normal', size='scalable')) = 10.05
2026-08-06 11:47:27,836 - DEBUG - findfont: score(FontEntry(fname='C:\\Windows\\Fonts\\CALIFB.TTF', index=0, name='Californian FB', style='normal', variant='normal', weight=700, stretch='normal', size='scalable')) = 10.335
2026-08-06 11:47:27,836 - DEBUG - findfont: score(FontEntry(fname='C:\\Windows\\Fonts\\Nirmala.ttc', index=0, name='Nirmala UI', style='normal', variant='normal', weight=400, stretch='normal', size='scalable')) = 10.05
2026-08-06 11:47:27,836 - DEBUG - findfont: score(FontEntry(fname='C:\\Windows\\Fonts\\Nirmala.ttc', index=1, name='Nirmala UI', style='normal', variant='normal', weight=700, stretch='normal', size='scalable')) = 10.335
2026-08-06 11:47:27,836 - DEBUG - findfont: score(FontEntry(fname='C:\\Windows\\Fonts\\Nirmala.ttc', index=2, name='Nirmala UI', style='normal', variant='normal', weight=350, stretch='normal', size='scalable')) = 10.0975
2026-08-06 11:47:27,836 - DEBUG - findfont: score(FontEntry(fname='C:\\Windows\\Fonts\\Nirmala.ttc', index=2, name='Nirmala UI Semilight', style='normal', variant='normal', weight=400, stretch='normal', size='scalable')) = 10.05
2026-08-06 11:47:27,836 - DEBUG - findfont: score(FontEntry(fname='C:\\Windows\\Fonts\\Nirmala.ttc', index=3, name='Nirmala Text', style='normal', variant='normal', weight=400, stretch='normal', size='scalable')) = 10.05
2026-08-06 11:47:27,836 - DEBUG - findfont: score(FontEntry(fname='C:\\Windows\\Fonts\\Nirmala.ttc', index=4, name='Nirmala Text', style='normal', variant='normal', weight=700, stretch='normal', size='scalable')) = 10.335
2026-08-06 11:47:27,836 - DEBUG - findfont: score(FontEntry(fname='C:\\Windows\\Fonts\\Nirmala.ttc', index=5, name='Nirmala Text', style='normal', variant='normal', weight=350, stretch='normal', size='scalable')) = 10.0975
2026-08-06 11:47:27,836 - DEBUG - findfont: score(FontEntry(fname='C:\\Windows\\Fonts\\Nirmala.ttc', index=5, name='Nirmala Text Semilight', style='normal', variant='normal', weight=400, stretch='normal', size='scalable')) = 10.05
2026-08-06 11:47:27,836 - DEBUG - findfont: score(FontEntry(fname='C:\\Windows\\Fonts\\HARNGTON.TTF', index=0, name='Harrington', style='normal', variant='normal', weight=400, stretch='normal', size='scalable')) = 10.05
2026-08-06 11:47:27,836 - DEBUG - findfont: score(FontEntry(fname='C:\\Windows\\Fonts\\BRLNSB.TTF', index=0, name='Berlin Sans FB', style='normal', variant='normal', weight=700, stretch='normal', size='scalable')) = 10.335
2026-08-06 11:47:27,836 - DEBUG - findfont: score(FontEntry(fname='C:\\Windows\\Fonts\\romai___.ttf', index=0, name='Romantic', style='italic', variant='normal', weight=400, stretch='normal', size='scalable')) = 11.05
2026-08-06 11:47:27,836 - DEBUG - findfont: score(FontEntry(fname='C:\\Windows\\Fonts\\seguibli.ttf', index=0, name='Segoe UI', style='italic', variant='normal', weight=900, stretch='normal', size='scalable')) = 11.525
2026-08-06 11:47:27,837 - DEBUG - findfont: score(FontEntry(fname='C:\\Windows\\Fonts\\seguibli.ttf', index=0, name='Segoe UI Black', style='italic', variant='normal', weight=400, stretch='normal', size='scalable')) = 11.05
2026-08-06 11:47:27,837 - DEBUG - findfont: score(FontEntry(fname='C:\\Windows\\Fonts\\PERTIBD.TTF', index=0, name='Perpetua Titling MT', style='normal', variant='normal', weight=700, stretch='normal', size='scalable')) = 10.335
2026-08-06 11:47:27,837 - DEBUG - findfont: score(FontEntry(fname='C:\\Windows\\Fonts\\verdanaz.ttf', index=0, name='Verdana', style='italic', variant='normal', weight=700, stretch='normal', size='scalable')) = 4.971363636363637
2026-08-06 11:47:27,837 - DEBUG - findfont: score(FontEntry(fname='C:\\Windows\\Fonts\\simsun.ttc', index=0, name='SimSun', style='normal', variant='normal', weight=400, stretch='normal', size='scalable')) = 10.05
2026-08-06 11:47:27,837 - DEBUG - findfont: score(FontEntry(fname='C:\\Windows\\Fonts\\simsun.ttc', index=1, name='NSimSun', style='normal', variant='normal', weight=400, stretch='normal', size='scalable')) = 10.05
2026-08-06 11:47:27,837 - DEBUG - findfont: score(FontEntry(fname='C:\\Windows\\Fonts\\isocteui.ttf', index=0, name='ISOCTEUR', style='italic', variant='normal', weight=400, stretch='normal', size='scalable')) = 11.05
2026-08-06 11:47:27,837 - DEBUG - findfont: score(FontEntry(fname='C:\\Windows\\Fonts\\arialbi.ttf', index=0, name='Arial', style='italic', variant='normal', weight=700, stretch='normal', size='scalable')) = 7.698636363636363
2026-08-06 11:47:27,837 - DEBUG - findfont: score(FontEntry(fname='C:\\Windows\\Fonts\\CALIST.TTF', index=0, name='Calisto MT', style='normal', variant='normal', weight=400, stretch='normal', size='scalable')) = 10.05
2026-08-06 11:47:27,837 - DEBUG - findfont: score(FontEntry(fname='C:\\Windows\\Fonts\\swisscbi.ttf', index=0, name='Swis721 Cn BT', style='italic', variant='normal', weight=700, stretch='condensed', size='scalable')) = 11.535
2026-08-06 11:47:27,837 - DEBUG - findfont: score(FontEntry(fname='C:\\Windows\\Fonts\\LHANDW.TTF', index=0, name='Lucida Handwriting', style='italic', variant='normal', weight=400, stretch='normal', size='scalable')) = 11.05
2026-08-06 11:47:27,837 - DEBUG - findfont: score(FontEntry(fname='C:\\Windows\\Fonts\\swissk.ttf', index=0, name='Swis721 Blk BT', style='normal', variant='normal', weight=400, stretch='normal', size='scalable')) = 10.05
2026-08-06 11:47:27,837 - DEBUG - findfont: score(FontEntry(fname='C:\\Windows\\Fonts\\CENTAUR.TTF', index=0, name='Centaur', style='normal', variant='normal', weight=400, stretch='normal', size='scalable')) = 10.05
2026-08-06 11:47:27,837 - DEBUG - findfont: score(FontEntry(fname='C:\\Windows\\Fonts\\umath.ttf', index=0, name='UniversalMath1 BT', style='normal', variant='normal', weight=400, stretch='normal', size='scalable')) = 10.05
2026-08-06 11:47:27,838 - DEBUG - findfont: score(FontEntry(fname='C:\\Windows\\Fonts\\TCBI____.TTF', index=0, name='Tw Cen MT', style='italic', variant='normal', weight=700, stretch='normal', size='scalable')) = 11.335
2026-08-06 11:47:27,838 - DEBUG - findfont: score(FontEntry(fname='C:\\Windows\\Fonts\\constan.ttf', index=0, name='Constantia', style='normal', variant='normal', weight=400, stretch='normal', size='scalable')) = 10.05
2026-08-06 11:47:27,838 - DEBUG - findfont: score(FontEntry(fname='C:\\Windows\\Fonts\\romant__.ttf', index=0, name='RomanT', style='normal', variant='normal', weight=400, stretch='normal', size='scalable')) = 10.05
2026-08-06 11:47:27,838 - DEBUG - findfont: score(FontEntry(fname='C:\\Windows\\Fonts\\GILI____.TTF', index=0, name='Gill Sans MT', style='italic', variant='normal', weight=400, stretch='normal', size='scalable')) = 11.05
2026-08-06 11:47:27,838 - DEBUG - findfont: score(FontEntry(fname='C:\\Windows\\Fonts\\seguisli.ttf', index=0, name='Segoe UI', style='italic', variant='normal', weight=350, stretch='normal', size='scalable')) = 11.0975
2026-08-06 11:47:27,838 - DEBUG - findfont: score(FontEntry(fname='C:\\Windows\\Fonts\\seguisli.ttf', index=0, name='Segoe UI Semilight', style='italic', variant='normal', weight=400, stretch='normal', size='scalable')) = 11.05
2026-08-06 11:47:27,838 - DEBUG - findfont: score(FontEntry(fname='C:\\Windows\\Fonts\\monosbi.ttf', index=0, name='Monospac821 BT', style='italic', variant='normal', weight=700, stretch='normal', size='scalable')) = 11.335
2026-08-06 11:47:27,838 - DEBUG - findfont: score(FontEntry(fname='C:\\Windows\\Fonts\\times.ttf', index=0, name='Times New Roman', style='normal', variant='normal', weight=400, stretch='normal', size='scalable')) = 10.05
2026-08-06 11:47:27,838 - DEBUG - findfont: score(FontEntry(fname='C:\\Windows\\Fonts\\MSUIGHUR.TTF', index=0, name='Microsoft Uighur', style='normal', variant='normal', weight=400, stretch='normal', size='scalable')) = 10.05
2026-08-06 11:47:27,838 - DEBUG - findfont: score(FontEntry(fname='C:\\Windows\\Fonts\\romand__.ttf', index=0, name='RomanD', style='normal', variant='normal', weight=400, stretch='normal', size='scalable')) = 10.05
2026-08-06 11:47:27,838 - DEBUG - findfont: score(FontEntry(fname='C:\\Windows\\Fonts\\BOD_R.TTF', index=0, name='Bodoni MT', style='normal', variant='normal', weight=400, stretch='normal', size='scalable')) = 10.05
2026-08-06 11:47:27,838 - DEBUG - findfont: score(FontEntry(fname='C:\\Windows\\Fonts\\OCRAEXT.TTF', index=0, name='OCR A Extended', style='normal', variant='normal', weight=400, stretch='expanded', size='scalable')) = 10.25
2026-08-06 11:47:27,838 - DEBUG - findfont: score(FontEntry(fname='C:\\Windows\\Fonts\\TCMI____.TTF', index=0, name='Tw Cen MT', style='italic', variant='normal', weight=400, stretch='normal', size='scalable')) = 11.05
2026-08-06 11:47:27,838 - DEBUG - findfont: score(FontEntry(fname='C:\\Windows\\Fonts\\consolai.ttf', index=0, name='Consolas', style='italic', variant='normal', weight=400, stretch='normal', size='scalable')) = 11.05
2026-08-06 11:47:27,839 - DEBUG - findfont: score(FontEntry(fname='C:\\Windows\\Fonts\\counb___.ttf', index=0, name='CountryBlueprint', style='normal', variant='normal', weight=400, stretch='normal', size='scalable')) = 10.05
2026-08-06 11:47:27,839 - DEBUG - findfont: score(FontEntry(fname='C:\\Windows\\Fonts\\AMDT_Symbols.ttf', index=0, name='AmdtSymbols', style='normal', variant='normal', weight=400, stretch='normal', size='scalable')) = 10.05
2026-08-06 11:47:27,839 - DEBUG - findfont: score(FontEntry(fname='C:\\Windows\\Fonts\\cambriaz.ttf', index=0, name='Cambria', style='italic', variant='normal', weight=700, stretch='normal', size='scalable')) = 11.335
2026-08-06 11:47:27,839 - DEBUG - findfont: score(FontEntry(fname='C:\\Windows\\Fonts\\swissbi.ttf', index=0, name='Swis721 BT', style='italic', variant='normal', weight=700, stretch='normal', size='scalable')) = 11.335
2026-08-06 11:47:27,839 - DEBUG - findfont: score(FontEntry(fname='C:\\Windows\\Fonts\\GOTHIC.TTF', index=0, name='Century Gothic', style='normal', variant='normal', weight=400, stretch='normal', size='scalable')) = 10.05
2026-08-06 11:47:27,839 - DEBUG - findfont: score(FontEntry(fname='C:\\Windows\\Fonts\\SCHLBKI.TTF', index=0, name='Century Schoolbook', style='italic', variant='normal', weight=400, stretch='normal', size='scalable')) = 11.05
2026-08-06 11:47:27,839 - DEBUG - findfont: score(FontEntry(fname='C:\\Windows\\Fonts\\VINERITC.TTF', index=0, name='Viner Hand ITC', style='normal', variant='normal', weight=400, stretch='normal', size='scalable')) = 10.05
2026-08-06 11:47:27,839 - DEBUG - findfont: score(FontEntry(fname='C:\\Windows\\Fonts\\PERBI___.TTF', index=0, name='Perpetua', style='italic', variant='normal', weight=700, stretch='normal', size='scalable')) = 11.335
2026-08-06 11:47:27,839 - DEBUG - findfont: score(FontEntry(fname='C:\\Windows\\Fonts\\COOPBL.TTF', index=0, name='Cooper Black', style='normal', variant='normal', weight=400, stretch='normal', size='scalable')) = 10.05
2026-08-06 11:47:27,840 - DEBUG - findfont: score(FontEntry(fname='C:\\Windows\\Fonts\\GLECB.TTF', index=0, name='Gloucester MT Extra Condensed', style='normal', variant='normal', weight=400, stretch='condensed', size='scalable')) = 10.25
2026-08-06 11:47:27,840 - DEBUG - findfont: score(FontEntry(fname='C:\\Windows\\Fonts\\BRLNSDB.TTF', index=0, name='Berlin Sans FB Demi', style='normal', variant='normal', weight=700, stretch='normal', size='scalable')) = 10.335
2026-08-06 11:47:27,840 - DEBUG - findfont: score(FontEntry(fname='C:\\Windows\\Fonts\\segoeuib.ttf', index=0, name='Segoe UI', style='normal', variant='normal', weight=700, stretch='normal', size='scalable')) = 10.335
2026-08-06 11:47:27,840 - DEBUG - findfont: score(FontEntry(fname='C:\\Windows\\Fonts\\Artifakt Element Hair.ttf', index=0, name='Artifakt Element', style='normal', variant='normal', weight=100, stretch='normal', size='scalable')) = 10.335
2026-08-06 11:47:27,840 - DEBUG - findfont: score(FontEntry(fname='C:\\Windows\\Fonts\\Artifakt Element Hair.ttf', index=0, name='Artifakt Element Hair', style='normal', variant='normal', weight=400, stretch='normal', size='scalable')) = 10.05
2026-08-06 11:47:27,842 - DEBUG - findfont: score(FontEntry(fname='C:\\Windows\\Fonts\\couri.ttf', index=0, name='Courier New', style='italic', variant='normal', weight=400, stretch='normal', size='scalable')) = 11.05
2026-08-06 11:47:27,842 - DEBUG - findfont: score(FontEntry(fname='C:\\Windows\\Fonts\\txt_____.ttf', index=0, name='Txt', style='normal', variant='normal', weight=400, stretch='normal', size='scalable')) = 10.05
2026-08-06 11:47:27,842 - DEBUG - findfont: score(FontEntry(fname='C:\\Windows\\Fonts\\SitkaVF.ttf', index=0, name='Sitka', style='normal', variant='normal', weight=400, stretch='normal', size='scalable')) = 10.05
2026-08-06 11:47:27,842 - DEBUG - findfont: score(FontEntry(fname='C:\\Windows\\Fonts\\SitkaVF.ttf', index=0, name='Sitka Text', style='normal', variant='normal', weight=400, stretch='normal', size='scalable')) = 10.05
2026-08-06 11:47:27,842 - DEBUG - findfont: score(FontEntry(fname='C:\\Windows\\Fonts\\ERASMD.TTF', index=0, name='Eras Medium ITC', style='normal', variant='normal', weight=400, stretch='normal', size='scalable')) = 10.05
2026-08-06 11:47:27,842 - DEBUG - findfont: score(FontEntry(fname='C:\\Windows\\Fonts\\gothice_.ttf', index=0, name='GothicE', style='normal', variant='normal', weight=400, stretch='normal', size='scalable')) = 10.05
2026-08-06 11:47:27,843 - DEBUG - findfont: score(FontEntry(fname='C:\\Windows\\Fonts\\LSANSD.TTF', index=0, name='Lucida Sans', style='normal', variant='normal', weight=600, stretch='normal', size='scalable')) = 10.24
2026-08-06 11:47:27,843 - DEBUG - findfont: score(FontEntry(fname='C:\\Windows\\Fonts\\Artifakt Element Italic.ttf', index=0, name='Artifakt Element', style='italic', variant='normal', weight=400, stretch='normal', size='scalable')) = 11.05
2026-08-06 11:47:27,843 - DEBUG - findfont: score(FontEntry(fname='C:\\Windows\\Fonts\\greekc__.ttf', index=0, name='GreekC', style='normal', variant='normal', weight=400, stretch='normal', size='scalable')) = 10.05
2026-08-06 11:47:27,843 - DEBUG - findfont: score(FontEntry(fname='C:\\Windows\\Fonts\\Artifakt Element Black Italic.ttf', index=0, name='Artifakt Element', style='italic', variant='normal', weight=800, stretch='normal', size='scalable')) = 11.43
2026-08-06 11:47:27,843 - DEBUG - findfont: score(FontEntry(fname='C:\\Windows\\Fonts\\Artifakt Element Black Italic.ttf', index=0, name='Artifakt Element Black', style='italic', variant='normal', weight=400, stretch='normal', size='scalable')) = 11.05
2026-08-06 11:47:27,843 - DEBUG - findfont: score(FontEntry(fname='C:\\Windows\\Fonts\\BOD_BLAI.TTF', index=0, name='Bodoni MT', style='italic', variant='normal', weight=900, stretch='normal', size='scalable')) = 11.525
2026-08-06 11:47:27,843 - DEBUG - findfont: score(FontEntry(fname='C:\\Windows\\Fonts\\BOD_BLAI.TTF', index=0, name='Bodoni MT Black', style='italic', variant='normal', weight=400, stretch='normal', size='scalable')) = 11.05
2026-08-06 11:47:27,843 - DEBUG - findfont: score(FontEntry(fname='C:\\Windows\\Fonts\\ANTQUABI.TTF', index=0, name='Book Antiqua', style='italic', variant='normal', weight=700, stretch='normal', size='scalable')) = 11.335
2026-08-06 11:47:27,843 - DEBUG - findfont: score(FontEntry(fname='C:\\Windows\\Fonts\\sanssbo_.ttf', index=0, name='SansSerif', style='oblique', variant='normal', weight=700, stretch='normal', size='scalable')) = 11.335
2026-08-06 11:47:27,844 - DEBUG - findfont: score(FontEntry(fname='C:\\Windows\\Fonts\\monotxt_.ttf', index=0, name='Monotxt', style='normal', variant='normal', weight=400, stretch='normal', size='scalable')) = 10.05
2026-08-06 11:47:27,844 - DEBUG - findfont: score(FontEntry(fname='C:\\Windows\\Fonts\\mmrtextb.ttf', index=0, name='Myanmar Text', style='normal', variant='normal', weight=700, stretch='normal', size='scalable')) = 10.335
2026-08-06 11:47:27,844 - DEBUG - findfont: score(FontEntry(fname='C:\\Windows\\Fonts\\ONYX.TTF', index=0, name='Onyx', style='normal', variant='normal', weight=400, stretch='normal', size='scalable')) = 10.05
2026-08-06 11:47:27,844 - DEBUG - findfont: score(FontEntry(fname='C:\\Windows\\Fonts\\symbol.ttf', index=0, name='Symbol', style='normal', variant='normal', weight=400, stretch='normal', size='scalable')) = 10.05
2026-08-06 11:47:27,844 - DEBUG - findfont: score(FontEntry(fname='C:\\Windows\\Fonts\\LEELAWAD.TTF', index=0, name='Leelawadee', style='normal', variant='normal', weight=400, stretch='normal', size='scalable')) = 10.05
2026-08-06 11:47:27,844 - DEBUG - findfont: score(FontEntry(fname='C:\\Windows\\Fonts\\GARABD.TTF', index=0, name='Garamond', style='normal', variant='normal', weight=700, stretch='normal', size='scalable')) = 10.335
2026-08-06 11:47:27,844 - DEBUG - findfont: score(FontEntry(fname='C:\\Windows\\Fonts\\MATURASC.TTF', index=0, name='Matura MT Script Capitals', style='normal', variant='normal', weight=400, stretch='normal', size='scalable')) = 10.05
2026-08-06 11:47:27,844 - DEBUG - findfont: score(FontEntry(fname='C:\\Windows\\Fonts\\italicc_.ttf', index=0, name='ItalicC', style='italic', variant='normal', weight=400, stretch='normal', size='scalable')) = 11.05
2026-08-06 11:47:27,844 - DEBUG - findfont: score(FontEntry(fname='C:\\Windows\\Fonts\\Artifakt Element Thin Italic.ttf', index=0, name='Artifakt Element', style='italic', variant='normal', weight=200, stretch='normal', size='scalable')) = 11.24
2026-08-06 11:47:27,844 - DEBUG - findfont: score(FontEntry(fname='C:\\Windows\\Fonts\\Artifakt Element Thin Italic.ttf', index=0, name='Artifakt Element Thin', style='italic', variant='normal', weight=400, stretch='normal', size='scalable')) = 11.05
2026-08-06 11:47:27,844 - DEBUG - findfont: score(FontEntry(fname='C:\\Windows\\Fonts\\Artifakt Element Book Italic.ttf', index=0, name='Artifakt Element', style='italic', variant='normal', weight=450, stretch='normal', size='scalable')) = 11.0975
2026-08-06 11:47:27,844 - DEBUG - findfont: score(FontEntry(fname='C:\\Windows\\Fonts\\Artifakt Element Book Italic.ttf', index=0, name='Artifakt Element Book', style='italic', variant='normal', weight=400, stretch='normal', size='scalable')) = 11.05
2026-08-06 11:47:27,844 - DEBUG - findfont: score(FontEntry(fname='C:\\Windows\\Fonts\\ROCKB.TTF', index=0, name='Rockwell', style='normal', variant='normal', weight=700, stretch='normal', size='scalable')) = 10.335
2026-08-06 11:47:27,844 - DEBUG - findfont: score(FontEntry(fname='C:\\Windows\\Fonts\\AMGDT___.ttf', index=0, name='AMGDT', style='normal', variant='normal', weight=400, stretch='normal', size='scalable')) = 10.05
2026-08-06 11:47:27,845 - DEBUG - findfont: score(FontEntry(fname='C:\\Windows\\Fonts\\syastro_.ttf', index=0, name='Syastro', style='normal', variant='normal', weight=400, stretch='normal', size='scalable')) = 10.05
2026-08-06 11:47:27,845 - DEBUG - findfont: score(FontEntry(fname='C:\\Windows\\Fonts\\SegUIVar.ttf', index=0, name='Segoe UI Variable', style='normal', variant='normal', weight=400, stretch='normal', size='scalable')) = 10.05
2026-08-06 11:47:27,845 - DEBUG - findfont: score(FontEntry(fname='C:\\Windows\\Fonts\\HTOWERT.TTF', index=0, name='High Tower Text', style='normal', variant='normal', weight=400, stretch='normal', size='scalable')) = 10.05
2026-08-06 11:47:27,845 - DEBUG - findfont: score(FontEntry(fname='C:\\Windows\\Fonts\\comic.ttf', index=0, name='Comic Sans MS', style='normal', variant='normal', weight=400, stretch='normal', size='scalable')) = 10.05
2026-08-06 11:47:27,845 - DEBUG - findfont: score(FontEntry(fname='C:\\Windows\\Fonts\\CHILLER.TTF', index=0, name='Chiller', style='normal', variant='normal', weight=400, stretch='normal', size='scalable')) = 10.05
2026-08-06 11:47:27,845 - DEBUG - findfont: score(FontEntry(fname='C:\\Windows\\Fonts\\Artifakt Element Book.ttf', index=0, name='Artifakt Element', style='normal', variant='normal', weight=450, stretch='normal', size='scalable')) = 10.0975
2026-08-06 11:47:27,845 - DEBUG - findfont: score(FontEntry(fname='C:\\Windows\\Fonts\\Artifakt Element Book.ttf', index=0, name='Artifakt Element Book', style='normal', variant='normal', weight=400, stretch='normal', size='scalable')) = 10.05
2026-08-06 11:47:27,845 - DEBUG - findfont: score(FontEntry(fname='C:\\Windows\\Fonts\\GILSANUB.TTF', index=0, name='Gill Sans Ultra Bold', style='normal', variant='normal', weight=400, stretch='normal', size='scalable')) = 10.05
2026-08-06 11:47:27,845 - DEBUG - findfont: score(FontEntry(fname='C:\\Windows\\Fonts\\PER_____.TTF', index=0, name='Perpetua', style='normal', variant='normal', weight=400, stretch='normal', size='scalable')) = 10.05
2026-08-06 11:47:27,845 - DEBUG - findfont: score(FontEntry(fname='C:\\Windows\\Fonts\\simsunb.ttf', index=0, name='SimSun-ExtB', style='normal', variant='normal', weight=400, stretch='normal', size='scalable')) = 10.05
2026-08-06 11:47:27,845 - DEBUG - findfont: score(FontEntry(fname='C:\\Windows\\Fonts\\bgothl.ttf', index=0, name='BankGothic Lt BT', style='normal', variant='normal', weight=400, stretch='normal', size='scalable')) = 10.05
2026-08-06 11:47:27,845 - DEBUG - findfont: score(FontEntry(fname='C:\\Windows\\Fonts\\BOOKOS.TTF', index=0, name='Bookman Old Style', style='normal', variant='normal', weight=300, stretch='normal', size='scalable')) = 10.145
2026-08-06 11:47:27,846 - DEBUG - findfont: score(FontEntry(fname='C:\\Windows\\Fonts\\mtproxy3.ttf', index=0, name='Proxy 3', style='normal', variant='normal', weight=400, stretch='normal', size='scalable')) = 10.05
2026-08-06 11:47:27,846 - DEBUG - findfont: score(FontEntry(fname='C:\\Windows\\Fonts\\swiss.ttf', index=0, name='Swis721 BT', style='normal', variant='normal', weight=400, stretch='normal', size='scalable')) = 10.05
2026-08-06 11:47:27,846 - DEBUG - findfont: score(FontEntry(fname='C:\\Windows\\Fonts\\isocteur.ttf', index=0, name='ISOCTEUR', style='normal', variant='normal', weight=400, stretch='normal', size='scalable')) = 10.05
2026-08-06 11:47:27,846 - DEBUG - findfont: score(FontEntry(fname='C:\\Windows\\Fonts\\REFSPCL.TTF', index=0, name='MS Reference Specialty', style='normal', variant='normal', weight=400, stretch='normal', size='scalable')) = 10.05
2026-08-06 11:47:27,846 - DEBUG - findfont: score(FontEntry(fname='C:\\Windows\\Fonts\\swissko.ttf', index=0, name='Swis721 BlkOul BT', style='normal', variant='normal', weight=400, stretch='normal', size='scalable')) = 10.05
2026-08-06 11:47:27,846 - DEBUG - findfont: score(FontEntry(fname='C:\\Windows\\Fonts\\CascadiaMono.ttf', index=0, name='Cascadia Mono', style='normal', variant='normal', weight=400, stretch='normal', size='scalable')) = 10.05
2026-08-06 11:47:27,846 - DEBUG - findfont: score(FontEntry(fname='C:\\Windows\\Fonts\\seguisbi.ttf', index=0, name='Segoe UI', style='italic', variant='normal', weight=600, stretch='normal', size='scalable')) = 11.24
2026-08-06 11:47:27,846 - DEBUG - findfont: score(FontEntry(fname='C:\\Windows\\Fonts\\seguisbi.ttf', index=0, name='Segoe UI Semibold', style='italic', variant='normal', weight=400, stretch='normal', size='scalable')) = 11.05
2026-08-06 11:47:27,846 - DEBUG - findfont: score(FontEntry(fname='C:\\Windows\\Fonts\\msjhbd.ttc', index=0, name='Microsoft JhengHei', style='normal', variant='normal', weight=700, stretch='normal', size='scalable')) = 10.335
2026-08-06 11:47:27,846 - DEBUG - findfont: score(FontEntry(fname='C:\\Windows\\Fonts\\msjhbd.ttc', index=1, name='Microsoft JhengHei UI', style='normal', variant='normal', weight=700, stretch='normal', size='scalable')) = 10.335
2026-08-06 11:47:27,846 - DEBUG - findfont: score(FontEntry(fname='C:\\Windows\\Fonts\\segoesc.ttf', index=0, name='Segoe Script', style='normal', variant='normal', weight=400, stretch='normal', size='scalable')) = 10.05
2026-08-06 11:47:27,847 - DEBUG - findfont: score(FontEntry(fname='C:\\Windows\\Fonts\\BOD_CBI.TTF', index=0, name='Bodoni MT', style='italic', variant='normal', weight=700, stretch='condensed', size='scalable')) = 11.535
2026-08-06 11:47:27,847 - DEBUG - findfont: score(FontEntry(fname='C:\\Windows\\Fonts\\BOD_CBI.TTF', index=0, name='Bodoni MT Condensed', style='italic', variant='normal', weight=700, stretch='condensed', size='scalable')) = 11.535
2026-08-06 11:47:27,847 - DEBUG - findfont: score(FontEntry(fname='C:\\Windows\\Fonts\\GARAIT.TTF', index=0, name='Garamond', style='italic', variant='normal', weight=400, stretch='normal', size='scalable')) = 11.05
2026-08-06 11:47:27,847 - DEBUG - findfont: score(FontEntry(fname='C:\\Windows\\Fonts\\trebuc.ttf', index=0, name='Trebuchet MS', style='normal', variant='normal', weight=400, stretch='normal', size='scalable')) = 10.05
2026-08-06 11:47:27,847 - DEBUG - findfont: score(FontEntry(fname='C:\\Windows\\Fonts\\ITCBLKAD.TTF', index=0, name='Blackadder ITC', style='normal', variant='normal', weight=400, stretch='normal', size='scalable')) = 10.05
2026-08-06 11:47:27,847 - DEBUG - findfont: score(FontEntry(fname='C:\\Windows\\Fonts\\CENTURY.TTF', index=0, name='Century', style='normal', variant='normal', weight=400, stretch='normal', size='scalable')) = 10.05
2026-08-06 11:47:27,847 - DEBUG - findfont: score(FontEntry(fname='C:\\Windows\\Fonts\\mtproxy9.ttf', index=0, name='Proxy 9', style='normal', variant='normal', weight=400, stretch='normal', size='scalable')) = 10.05
2026-08-06 11:47:27,848 - DEBUG - findfont: score(FontEntry(fname='C:\\Windows\\Fonts\\AGENCYB.TTF', index=0, name='Agency FB', style='normal', variant='normal', weight=700, stretch='normal', size='scalable')) = 10.335
2026-08-06 11:47:27,848 - DEBUG - findfont: score(FontEntry(fname='C:\\Windows\\Fonts\\calibriz.ttf', index=0, name='Calibri', style='italic', variant='normal', weight=700, stretch='normal', size='scalable')) = 11.335
2026-08-06 11:47:27,848 - DEBUG - findfont: score(FontEntry(fname='C:\\Windows\\Fonts\\malgunsl.ttf', index=0, name='Malgun Gothic', style='normal', variant='normal', weight=300, stretch='normal', size='scalable')) = 10.145
2026-08-06 11:47:27,848 - DEBUG - findfont: score(FontEntry(fname='C:\\Windows\\Fonts\\malgunsl.ttf', index=0, name='Malgun Gothic Semilight', style='normal', variant='normal', weight=400, stretch='normal', size='scalable')) = 10.05
2026-08-06 11:47:27,848 - DEBUG - findfont: score(FontEntry(fname='C:\\Windows\\Fonts\\BAUHS93.TTF', index=0, name='Bauhaus 93', style='normal', variant='normal', weight=400, stretch='normal', size='scalable')) = 10.05
2026-08-06 11:47:27,848 - DEBUG - findfont: score(FontEntry(fname='C:\\Windows\\Fonts\\SNAP____.TTF', index=0, name='Snap ITC', style='normal', variant='normal', weight=400, stretch='normal', size='scalable')) = 10.05
2026-08-06 11:47:27,848 - DEBUG - findfont: score(FontEntry(fname='C:\\Windows\\Fonts\\arialbd.ttf', index=0, name='Arial', style='normal', variant='normal', weight=700, stretch='normal', size='scalable')) = 6.698636363636363
2026-08-06 11:47:27,849 - DEBUG - findfont: score(FontEntry(fname='C:\\Windows\\Fonts\\malgun.ttf', index=0, name='Malgun Gothic', style='normal', variant='normal', weight=400, stretch='normal', size='scalable')) = 10.05
2026-08-06 11:47:27,849 - DEBUG - findfont: score(FontEntry(fname='C:\\Windows\\Fonts\\GOUDOS.TTF', index=0, name='Goudy Old Style', style='normal', variant='normal', weight=400, stretch='normal', size='scalable')) = 10.05
2026-08-06 11:47:27,849 - DEBUG - findfont: score(FontEntry(fname='C:\\Windows\\Fonts\\LTYPE.TTF', index=0, name='Lucida Sans Typewriter', style='normal', variant='normal', weight=400, stretch='normal', size='scalable')) = 10.05
2026-08-06 11:47:27,849 - DEBUG - findfont: score(FontEntry(fname='C:\\Windows\\Fonts\\symeteo_.ttf', index=0, name='Symeteo', style='normal', variant='normal', weight=400, stretch='normal', size='scalable')) = 10.05
2026-08-06 11:47:27,849 - DEBUG - findfont: score(FontEntry(fname='C:\\Windows\\Fonts\\PLAYBILL.TTF', index=0, name='Playbill', style='normal', variant='normal', weight=400, stretch='normal', size='scalable')) = 10.05
2026-08-06 11:47:27,849 - DEBUG - findfont: score(FontEntry(fname='C:\\Windows\\Fonts\\eurro___.ttf', index=0, name='EuroRoman', style='oblique', variant='normal', weight=400, stretch='normal', size='scalable')) = 11.05
2026-08-06 11:47:27,849 - DEBUG - findfont: score(FontEntry(fname='C:\\Windows\\Fonts\\LCALLIG.TTF', index=0, name='Lucida Calligraphy', style='italic', variant='normal', weight=400, stretch='normal', size='scalable')) = 11.05
2026-08-06 11:47:27,849 - DEBUG - findfont: score(FontEntry(fname='C:\\Windows\\Fonts\\segoepr.ttf', index=0, name='Segoe Print', style='normal', variant='normal', weight=400, stretch='normal', size='scalable')) = 10.05
2026-08-06 11:47:27,850 - DEBUG - findfont: score(FontEntry(fname='C:\\Windows\\Fonts\\msyhl.ttc', index=0, name='Microsoft YaHei', style='normal', variant='normal', weight=290, stretch='normal', size='scalable')) = 10.1545
2026-08-06 11:47:27,850 - DEBUG - findfont: score(FontEntry(fname='C:\\Windows\\Fonts\\msyhl.ttc', index=0, name='Microsoft YaHei Light', style='normal', variant='normal', weight=400, stretch='normal', size='scalable')) = 10.05
2026-08-06 11:47:27,850 - DEBUG - findfont: score(FontEntry(fname='C:\\Windows\\Fonts\\msyhl.ttc', index=1, name='Microsoft YaHei UI', style='normal', variant='normal', weight=290, stretch='normal', size='scalable')) = 10.1545
2026-08-06 11:47:27,850 - DEBUG - findfont: score(FontEntry(fname='C:\\Windows\\Fonts\\msyhl.ttc', index=1, name='Microsoft YaHei UI Light', style='normal', variant='normal', weight=400, stretch='normal', size='scalable')) = 10.05
2026-08-06 11:47:27,850 - DEBUG - findfont: score(FontEntry(fname='C:\\Windows\\Fonts\\isoct2__.ttf', index=0, name='ISOCT2', style='normal', variant='normal', weight=400, stretch='normal', size='scalable')) = 10.05
2026-08-06 11:47:27,850 - DEBUG - findfont: score(FontEntry(fname='C:\\Windows\\Fonts\\FRADM.TTF', index=0, name='Franklin Gothic Demi', style='normal', variant='normal', weight=400, stretch='normal', size='scalable')) = 10.05
2026-08-06 11:47:27,850 - DEBUG - findfont: score(FontEntry(fname='C:\\Windows\\Fonts\\CALIFI.TTF', index=0, name='Californian FB', style='italic', variant='normal', weight=400, stretch='normal', size='scalable')) = 11.05
2026-08-06 11:47:27,851 - DEBUG - findfont: score(FontEntry(fname='C:\\Windows\\Fonts\\ARIALNI.TTF', index=0, name='Arial', style='italic', variant='normal', weight=400, stretch='condensed', size='scalable')) = 7.613636363636363
2026-08-06 11:47:27,851 - DEBUG - findfont: score(FontEntry(fname='C:\\Windows\\Fonts\\ARIALNI.TTF', index=0, name='Arial Narrow', style='italic', variant='normal', weight=400, stretch='condensed', size='scalable')) = 11.25
2026-08-06 11:47:27,851 - DEBUG - findfont: score(FontEntry(fname='C:\\Windows\\Fonts\\taile.ttf', index=0, name='Microsoft Tai Le', style='normal', variant='normal', weight=400, stretch='normal', size='scalable')) = 10.05
2026-08-06 11:47:27,851 - DEBUG - findfont: score(FontEntry(fname='C:\\Windows\\Fonts\\Artifakt Element Hair Italic.ttf', index=0, name='Artifakt Element', style='italic', variant='normal', weight=100, stretch='normal', size='scalable')) = 11.335
2026-08-06 11:47:27,851 - DEBUG - findfont: score(FontEntry(fname='C:\\Windows\\Fonts\\Artifakt Element Hair Italic.ttf', index=0, name='Artifakt Element Hair', style='italic', variant='normal', weight=400, stretch='normal', size='scalable')) = 11.05
2026-08-06 11:47:27,851 - DEBUG - findfont: score(FontEntry(fname='C:\\Windows\\Fonts\\swisscki.ttf', index=0, name='Swis721 BlkCn BT', style='italic', variant='normal', weight=400, stretch='condensed', size='scalable')) = 11.25
2026-08-06 11:47:27,851 - DEBUG - findfont: score(FontEntry(fname='C:\\Windows\\Fonts\\gothici_.ttf', index=0, name='GothicI', style='normal', variant='normal', weight=400, stretch='normal', size='scalable')) = 10.05
2026-08-06 11:47:27,852 - DEBUG - findfont: score(FontEntry(fname='C:\\Windows\\Fonts\\dutchi.ttf', index=0, name='Dutch801 Rm BT', style='italic', variant='normal', weight=400, stretch='normal', size='scalable')) = 11.05
2026-08-06 11:47:27,852 - DEBUG - findfont: score(FontEntry(fname='C:\\Windows\\Fonts\\mingliub.ttc', index=0, name='MingLiU-ExtB', style='normal', variant='normal', weight=400, stretch='normal', size='scalable')) = 10.05
2026-08-06 11:47:27,852 - DEBUG - findfont: score(FontEntry(fname='C:\\Windows\\Fonts\\mingliub.ttc', index=1, name='PMingLiU-ExtB', style='normal', variant='normal', weight=400, stretch='normal', size='scalable')) = 10.05
2026-08-06 11:47:27,852 - DEBUG - findfont: score(FontEntry(fname='C:\\Windows\\Fonts\\mingliub.ttc', index=2, name='MingLiU_HKSCS-ExtB', style='normal', variant='normal', weight=400, stretch='normal', size='scalable')) = 10.05
2026-08-06 11:47:27,852 - DEBUG - findfont: score(FontEntry(fname='C:\\Windows\\Fonts\\mingliub.ttc', index=3, name='MingLiU_MSCS-ExtB', style='normal', variant='normal', weight=400, stretch='normal', size='scalable')) = 10.05
2026-08-06 11:47:27,852 - DEBUG - findfont: score(FontEntry(fname='C:\\Windows\\Fonts\\GARA.TTF', index=0, name='Garamond', style='normal', variant='normal', weight=400, stretch='normal', size='scalable')) = 10.05
2026-08-06 11:47:27,852 - DEBUG - findfont: score(FontEntry(fname='C:\\Windows\\Fonts\\GLSNECB.TTF', index=0, name='Gill Sans MT Ext Condensed Bold', style='normal', variant='normal', weight=400, stretch='condensed', size='scalable')) = 10.25
2026-08-06 11:47:27,852 - DEBUG - findfont: score(FontEntry(fname='C:\\Windows\\Fonts\\REFSAN.TTF', index=0, name='MS Reference Sans Serif', style='normal', variant='normal', weight=400, stretch='normal', size='scalable')) = 10.05
2026-08-06 11:47:27,852 - DEBUG - findfont: score(FontEntry(fname='C:\\Windows\\Fonts\\SCRIPTBL.TTF', index=0, name='Script MT Bold', style='normal', variant='normal', weight=700, stretch='normal', size='scalable')) = 10.335
2026-08-06 11:47:27,852 - DEBUG - findfont: score(FontEntry(fname='C:\\Windows\\Fonts\\LSANSI.TTF', index=0, name='Lucida Sans', style='italic', variant='normal', weight=400, stretch='normal', size='scalable')) = 11.05
2026-08-06 11:47:27,852 - DEBUG - findfont: score(FontEntry(fname='C:\\Windows\\Fonts\\AcadEref.ttf', index=0, name='AcadEref', style='normal', variant='normal', weight=400, stretch='normal', size='scalable')) = 10.05
2026-08-06 11:47:27,852 - DEBUG - findfont: score(FontEntry(fname='C:\\Windows\\Fonts\\segoeui.ttf', index=0, name='Segoe UI', style='normal', variant='normal', weight=400, stretch='normal', size='scalable')) = 10.05
2026-08-06 11:47:27,852 - DEBUG - findfont: score(FontEntry(fname='C:\\Windows\\Fonts\\ROCKBI.TTF', index=0, name='Rockwell', style='italic', variant='normal', weight=700, stretch='normal', size='scalable')) = 11.335
2026-08-06 11:47:27,852 - DEBUG - findfont: score(FontEntry(fname='C:\\Windows\\Fonts\\Artifakt Element Regular.ttf', index=0, name='Artifakt Element', style='normal', variant='normal', weight=400, stretch='normal', size='scalable')) = 10.05
2026-08-06 11:47:27,853 - DEBUG - findfont: score(FontEntry(fname='C:\\Windows\\Fonts\\LeelUIsl.ttf', index=0, name='Leelawadee UI', style='normal', variant='normal', weight=350, stretch='normal', size='scalable')) = 10.0975
2026-08-06 11:47:27,853 - DEBUG - findfont: score(FontEntry(fname='C:\\Windows\\Fonts\\LeelUIsl.ttf', index=0, name='Leelawadee UI Semilight', style='normal', variant='normal', weight=400, stretch='normal', size='scalable')) = 10.05
2026-08-06 11:47:27,853 - DEBUG - findfont: score(FontEntry(fname='C:\\Windows\\Fonts\\micross.ttf', index=0, name='Microsoft Sans Serif', style='normal', variant='normal', weight=400, stretch='normal', size='scalable')) = 10.05
2026-08-06 11:47:27,853 - DEBUG - findfont: score(FontEntry(fname='C:\\Windows\\Fonts\\simplex_.ttf', index=0, name='Simplex', style='normal', variant='normal', weight=400, stretch='normal', size='scalable')) = 10.05
2026-08-06 11:47:27,853 - DEBUG - findfont: score(FontEntry(fname='C:\\Windows\\Fonts\\javatext.ttf', index=0, name='Javanese Text', style='normal', variant='normal', weight=400, stretch='normal', size='scalable')) = 10.05
2026-08-06 11:47:27,853 - DEBUG - findfont: score(FontEntry(fname='C:\\Windows\\Fonts\\isoct3__.ttf', index=0, name='ISOCT3', style='normal', variant='normal', weight=400, stretch='normal', size='scalable')) = 10.05
2026-08-06 11:47:27,853 - DEBUG - findfont: score(FontEntry(fname='C:\\Windows\\Fonts\\CALISTB.TTF', index=0, name='Calisto MT', style='normal', variant='normal', weight=700, stretch='normal', size='scalable')) = 10.335
2026-08-06 11:47:27,853 - DEBUG - findfont: score(FontEntry(fname='C:\\Windows\\Fonts\\BOOKOSBI.TTF', index=0, name='Bookman Old Style', style='italic', variant='normal', weight=600, stretch='normal', size='scalable')) = 11.24
2026-08-06 11:47:27,854 - DEBUG - findfont: score(FontEntry(fname='C:\\Windows\\Fonts\\framdit.ttf', index=0, name='Franklin Gothic Medium', style='italic', variant='normal', weight=400, stretch='normal', size='scalable')) = 11.05
2026-08-06 11:47:27,854 - DEBUG - findfont: score(FontEntry(fname='C:\\Windows\\Fonts\\swissbo.ttf', index=0, name='Swis721 BdOul BT', style='normal', variant='normal', weight=400, stretch='normal', size='scalable')) = 10.05
2026-08-06 11:47:27,854 - DEBUG - findfont: score(FontEntry(fname='C:\\Windows\\Fonts\\CURLZ___.TTF', index=0, name='Curlz MT', style='normal', variant='normal', weight=400, stretch='normal', size='scalable')) = 10.05
2026-08-06 11:47:27,854 - DEBUG - findfont: score(FontEntry(fname='C:\\Windows\\Fonts\\Candarai.ttf', index=0, name='Candara', style='italic', variant='normal', weight=400, stretch='normal', size='scalable')) = 11.05
2026-08-06 11:47:27,854 - DEBUG - findfont: score(FontEntry(fname='C:\\Windows\\Fonts\\LiberationSans-Regular.ttf', index=0, name='Liberation Sans', style='normal', variant='normal', weight=400, stretch='normal', size='scalable')) = 10.05
2026-08-06 11:47:27,854 - DEBUG - findfont: score(FontEntry(fname='C:\\Windows\\Fonts\\trebucit.ttf', index=0, name='Trebuchet MS', style='italic', variant='normal', weight=400, stretch='normal', size='scalable')) = 11.05
2026-08-06 11:47:27,854 - DEBUG - findfont: score(FontEntry(fname='C:\\Windows\\Fonts\\complex_.ttf', index=0, name='Complex', style='normal', variant='normal', weight=400, stretch='normal', size='scalable')) = 10.05
2026-08-06 11:47:27,854 - DEBUG - findfont: score(FontEntry(fname='C:\\Windows\\Fonts\\consola.ttf', index=0, name='Consolas', style='normal', variant='normal', weight=400, stretch='normal', size='scalable')) = 10.05
2026-08-06 11:47:27,855 - DEBUG - findfont: score(FontEntry(fname='C:\\Windows\\Fonts\\swissck.ttf', index=0, name='Swis721 BlkCn BT', style='normal', variant='normal', weight=400, stretch='condensed', size='scalable')) = 10.25
2026-08-06 11:47:27,855 - DEBUG - findfont: score(FontEntry(fname='C:\\Windows\\Fonts\\INFROMAN.TTF', index=0, name='Informal Roman', style='normal', variant='normal', weight=400, stretch='normal', size='scalable')) = 10.05
2026-08-06 11:47:27,855 - DEBUG - findfont: score(FontEntry(fname='C:\\Windows\\Fonts\\BRLNSR.TTF', index=0, name='Berlin Sans FB', style='normal', variant='normal', weight=400, stretch='normal', size='scalable')) = 10.05
2026-08-06 11:47:27,855 - DEBUG - findfont: score(FontEntry(fname='C:\\Windows\\Fonts\\technic_.ttf', index=0, name='Technic', style='normal', variant='normal', weight=400, stretch='normal', size='scalable')) = 10.05
2026-08-06 11:47:27,855 - DEBUG - findfont: score(FontEntry(fname='C:\\Windows\\Fonts\\BKANT.TTF', index=0, name='Book Antiqua', style='normal', variant='normal', weight=400, stretch='normal', size='scalable')) = 10.05
2026-08-06 11:47:27,855 - DEBUG - findfont: score(FontEntry(fname='C:\\Windows\\Fonts\\eurr____.ttf', index=0, name='EuroRoman', style='normal', variant='normal', weight=400, stretch='normal', size='scalable')) = 10.05
2026-08-06 11:47:27,855 - DEBUG - findfont: score(FontEntry(fname='C:\\Windows\\Fonts\\verdanai.ttf', index=0, name='Verdana', style='italic', variant='normal', weight=400, stretch='normal', size='scalable')) = 4.6863636363636365
2026-08-06 11:47:27,855 - DEBUG - findfont: score(FontEntry(fname='C:\\Windows\\Fonts\\GOTHICI.TTF', index=0, name='Century Gothic', style='italic', variant='normal', weight=400, stretch='normal', size='scalable')) = 11.05
2026-08-06 11:47:27,855 - DEBUG - findfont: score(FontEntry(fname='C:\\Windows\\Fonts\\ARIALN.TTF', index=0, name='Arial', style='normal', variant='normal', weight=400, stretch='condensed', size='scalable')) = 6.613636363636363
2026-08-06 11:47:27,856 - DEBUG - findfont: score(FontEntry(fname='C:\\Windows\\Fonts\\ARIALN.TTF', index=0, name='Arial Narrow', style='normal', variant='normal', weight=400, stretch='condensed', size='scalable')) = 10.25
2026-08-06 11:47:27,856 - DEBUG - findfont: score(FontEntry(fname='C:\\Windows\\Fonts\\segoeuil.ttf', index=0, name='Segoe UI', style='normal', variant='normal', weight=300, stretch='normal', size='scalable')) = 10.145
2026-08-06 11:47:27,856 - DEBUG - findfont: score(FontEntry(fname='C:\\Windows\\Fonts\\segoeuil.ttf', index=0, name='Segoe UI Light', style='normal', variant='normal', weight=400, stretch='normal', size='scalable')) = 10.05
2026-08-06 11:47:27,856 - DEBUG - findfont: score(FontEntry(fname='C:\\Windows\\Fonts\\msyh.ttc', index=0, name='Microsoft YaHei', style='normal', variant='normal', weight=400, stretch='normal', size='scalable')) = 10.05
2026-08-06 11:47:27,856 - DEBUG - findfont: score(FontEntry(fname='C:\\Windows\\Fonts\\msyh.ttc', index=1, name='Microsoft YaHei UI', style='normal', variant='normal', weight=400, stretch='normal', size='scalable')) = 10.05
2026-08-06 11:47:27,856 - DEBUG - findfont: score(FontEntry(fname='C:\\Windows\\Fonts\\malgunbd.ttf', index=0, name='Malgun Gothic', style='normal', variant='normal', weight=700, stretch='normal', size='scalable')) = 10.335
2026-08-06 11:47:27,856 - DEBUG - findfont: score(FontEntry(fname='C:\\Windows\\Fonts\\calibri.ttf', index=0, name='Calibri', style='normal', variant='normal', weight=400, stretch='normal', size='scalable')) = 10.05
2026-08-06 11:47:27,856 - DEBUG - findfont: score(FontEntry(fname='C:\\Windows\\Fonts\\ariali.ttf', index=0, name='Arial', style='italic', variant='normal', weight=400, stretch='normal', size='scalable')) = 7.413636363636363
2026-08-06 11:47:27,856 - DEBUG - findfont: score(FontEntry(fname='C:\\Windows\\Fonts\\sanss___.ttf', index=0, name='SansSerif', style='normal', variant='normal', weight=400, stretch='normal', size='scalable')) = 10.05
2026-08-06 11:47:27,856 - DEBUG - findfont: score(FontEntry(fname='C:\\Windows\\Fonts\\HARLOWSI.TTF', index=0, name='Harlow Solid Italic', style='italic', variant='normal', weight=400, stretch='normal', size='scalable')) = 11.05
2026-08-06 11:47:27,856 - DEBUG - findfont: score(FontEntry(fname='C:\\Windows\\Fonts\\LFAXI.TTF', index=0, name='Lucida Fax', style='italic', variant='normal', weight=400, stretch='normal', size='scalable')) = 11.05
2026-08-06 11:47:27,856 - DEBUG - findfont: score(FontEntry(fname='C:\\Windows\\Fonts\\BASKVILL.TTF', index=0, name='Baskerville Old Face', style='normal', variant='normal', weight=400, stretch='normal', size='scalable')) = 10.05
2026-08-06 11:47:27,856 - DEBUG - findfont: score(FontEntry(fname='C:\\Windows\\Fonts\\JUICE___.TTF', index=0, name='Juice ITC', style='normal', variant='normal', weight=400, stretch='normal', size='scalable')) = 10.05
2026-08-06 11:47:27,856 - DEBUG - findfont: score(FontEntry(fname='C:\\Windows\\Fonts\\CALISTI.TTF', index=0, name='Calisto MT', style='italic', variant='normal', weight=400, stretch='normal', size='scalable')) = 11.05
2026-08-06 11:47:27,856 - DEBUG - findfont: score(FontEntry(fname='C:\\Windows\\Fonts\\Candara.ttf', index=0, name='Candara', style='normal', variant='normal', weight=400, stretch='normal', size='scalable')) = 10.05
2026-08-06 11:47:27,856 - DEBUG - findfont: score(FontEntry(fname='C:\\Windows\\Fonts\\MSUIGHUB.TTF', index=0, name='Microsoft Uighur', style='normal', variant='normal', weight=700, stretch='normal', size='scalable')) = 10.335
2026-08-06 11:47:27,857 - DEBUG - findfont: score(FontEntry(fname='C:\\Windows\\Fonts\\STENCIL.TTF', index=0, name='Stencil', style='normal', variant='normal', weight=400, stretch='normal', size='scalable')) = 10.05
2026-08-06 11:47:27,857 - DEBUG - findfont: score(FontEntry(fname='C:\\Windows\\Fonts\\SansSerifCollection.ttf', index=0, name='Sans Serif Collection', style='normal', variant='normal', weight=400, stretch='normal', size='scalable')) = 10.05
2026-08-06 11:47:27,857 - DEBUG - findfont: score(FontEntry(fname='C:\\Windows\\Fonts\\ALGER.TTF', index=0, name='Algerian', style='normal', variant='normal', weight=400, stretch='normal', size='scalable')) = 10.05
2026-08-06 11:47:27,857 - DEBUG - findfont: score(FontEntry(fname='C:\\Windows\\Fonts\\georgia.ttf', index=0, name='Georgia', style='normal', variant='normal', weight=400, stretch='normal', size='scalable')) = 10.05
2026-08-06 11:47:27,857 - DEBUG - findfont: score(FontEntry(fname='C:\\Windows\\Fonts\\BSSYM7.TTF', index=0, name='Bookshelf Symbol 7', style='normal', variant='normal', weight=400, stretch='normal', size='scalable')) = 10.05
2026-08-06 11:47:27,857 - DEBUG - findfont: score(FontEntry(fname='C:\\Windows\\Fonts\\RAGE.TTF', index=0, name='Rage Italic', style='italic', variant='normal', weight=400, stretch='normal', size='scalable')) = 11.05
2026-08-06 11:47:27,857 - DEBUG - findfont: score(FontEntry(fname='C:\\Windows\\Fonts\\isocp___.ttf', index=0, name='ISOCP', style='normal', variant='normal', weight=400, stretch='normal', size='scalable')) = 10.05
2026-08-06 11:47:27,857 - DEBUG - findfont: score(FontEntry(fname='C:\\Windows\\Fonts\\gdt_____.ttf', index=0, name='GDT', style='normal', variant='normal', weight=400, stretch='normal', size='scalable')) = 10.05
2026-08-06 11:47:27,857 - DEBUG - findfont: score(FontEntry(fname='C:\\Windows\\Fonts\\palab.ttf', index=0, name='Palatino Linotype', style='normal', variant='normal', weight=700, stretch='normal', size='scalable')) = 10.335
2026-08-06 11:47:27,857 - DEBUG - findfont: score(FontEntry(fname='C:\\Windows\\Fonts\\BOD_BI.TTF', index=0, name='Bodoni MT', style='italic', variant='normal', weight=700, stretch='normal', size='scalable')) = 11.335
2026-08-06 11:47:27,857 - DEBUG - findfont: score(FontEntry(fname='C:\\Windows\\Fonts\\monos.ttf', index=0, name='Monospac821 BT', style='normal', variant='normal', weight=400, stretch='normal', size='scalable')) = 10.05
2026-08-06 11:47:27,857 - DEBUG - findfont: score(FontEntry(fname='C:\\Windows\\Fonts\\comicz.ttf', index=0, name='Comic Sans MS', style='italic', variant='normal', weight=700, stretch='normal', size='scalable')) = 11.335
2026-08-06 11:47:27,858 - DEBUG - findfont: score(FontEntry(fname='C:\\Windows\\Fonts\\swissli.ttf', index=0, name='Swis721 Lt BT', style='italic', variant='normal', weight=400, stretch='normal', size='scalable')) = 11.05
2026-08-06 11:47:27,858 - DEBUG - findfont: score(FontEntry(fname='C:\\Windows\\Fonts\\WINGDNG2.TTF', index=0, name='Wingdings 2', style='normal', variant='normal', weight=400, stretch='normal', size='scalable')) = 10.05
2026-08-06 11:47:27,858 - DEBUG - findfont: score(FontEntry(fname='C:\\Windows\\Fonts\\swisse.ttf', index=0, name='Swis721 Ex BT', style='normal', variant='normal', weight=400, stretch='expanded', size='scalable')) = 10.25
2026-08-06 11:47:27,858 - DEBUG - findfont: score(FontEntry(fname='C:\\Windows\\Fonts\\FELIXTI.TTF', index=0, name='Felix Titling', style='normal', variant='normal', weight=400, stretch='normal', size='scalable')) = 10.05
2026-08-06 11:47:27,858 - DEBUG - findfont: score(FontEntry(fname='C:\\Windows\\Fonts\\MAIAN.TTF', index=0, name='Maiandra GD', style='normal', variant='normal', weight=400, stretch='normal', size='scalable')) = 10.05
2026-08-06 11:47:27,858 - DEBUG - findfont: score(FontEntry(fname='C:\\Windows\\Fonts\\COPRGTL.TTF', index=0, name='Copperplate Gothic Light', style='normal', variant='normal', weight=400, stretch='normal', size='scalable')) = 10.05
2026-08-06 11:47:27,858 - DEBUG - findfont: score(FontEntry(fname='C:\\Windows\\Fonts\\WINGDNG3.TTF', index=0, name='Wingdings 3', style='normal', variant='normal', weight=400, stretch='normal', size='scalable')) = 10.05
2026-08-06 11:47:27,858 - DEBUG - findfont: score(FontEntry(fname='C:\\Windows\\Fonts\\seguiemj.ttf', index=0, name='Segoe UI Emoji', style='normal', variant='normal', weight=400, stretch='normal', size='scalable')) = 10.05
2026-08-06 11:47:27,858 - DEBUG - findfont: score(FontEntry(fname='C:\\Windows\\Fonts\\webdings.ttf', index=0, name='Webdings', style='normal', variant='normal', weight=400, stretch='normal', size='scalable')) = 10.05
2026-08-06 11:47:27,858 - DEBUG - findfont: score(FontEntry(fname='C:\\Windows\\Fonts\\symusic_.ttf', index=0, name='Symusic', style='normal', variant='normal', weight=400, stretch='normal', size='scalable')) = 10.05
2026-08-06 11:47:27,858 - DEBUG - findfont: score(FontEntry(fname='C:\\Windows\\Fonts\\symath__.ttf', index=0, name='Symath', style='normal', variant='normal', weight=400, stretch='normal', size='scalable')) = 10.05
2026-08-06 11:47:27,859 - DEBUG - findfont: score(FontEntry(fname='C:\\Windows\\Fonts\\TCCEB.TTF', index=0, name='Tw Cen MT Condensed Extra Bold', style='normal', variant='normal', weight=400, stretch='condensed', size='scalable')) = 10.25
2026-08-06 11:47:27,859 - DEBUG - findfont: score(FontEntry(fname='C:\\Windows\\Fonts\\YuGothL.ttc', index=0, name='Yu Gothic', style='normal', variant='normal', weight=300, stretch='normal', size='scalable')) = 10.145
2026-08-06 11:47:27,859 - DEBUG - findfont: score(FontEntry(fname='C:\\Windows\\Fonts\\YuGothL.ttc', index=0, name='Yu Gothic Light', style='normal', variant='normal', weight=400, stretch='normal', size='scalable')) = 10.05
2026-08-06 11:47:27,859 - DEBUG - findfont: score(FontEntry(fname='C:\\Windows\\Fonts\\YuGothL.ttc', index=1, name='Yu Gothic UI', style='normal', variant='normal', weight=300, stretch='normal', size='scalable')) = 10.145
2026-08-06 11:47:27,859 - DEBUG - findfont: score(FontEntry(fname='C:\\Windows\\Fonts\\YuGothL.ttc', index=1, name='Yu Gothic UI Light', style='normal', variant='normal', weight=400, stretch='normal', size='scalable')) = 10.05
2026-08-06 11:47:27,859 - DEBUG - findfont: score(FontEntry(fname='C:\\Windows\\Fonts\\TCM_____.TTF', index=0, name='Tw Cen MT', style='normal', variant='normal', weight=400, stretch='normal', size='scalable')) = 10.05
2026-08-06 11:47:27,859 - DEBUG - findfont: score(FontEntry(fname='C:\\Windows\\Fonts\\pala.ttf', index=0, name='Palatino Linotype', style='normal', variant='normal', weight=400, stretch='normal', size='scalable')) = 10.05
2026-08-06 11:47:27,859 - DEBUG - findfont: score(FontEntry(fname='C:\\Windows\\Fonts\\Artifakt Element Thin.ttf', index=0, name='Artifakt Element', style='normal', variant='normal', weight=200, stretch='normal', size='scalable')) = 10.24
2026-08-06 11:47:27,859 - DEBUG - findfont: score(FontEntry(fname='C:\\Windows\\Fonts\\Artifakt Element Thin.ttf', index=0, name='Artifakt Element Thin', style='normal', variant='normal', weight=400, stretch='normal', size='scalable')) = 10.05
2026-08-06 11:47:27,859 - DEBUG - findfont: score(FontEntry(fname='C:\\Windows\\Fonts\\ERASBD.TTF', index=0, name='Eras Bold ITC', style='normal', variant='normal', weight=400, stretch='normal', size='scalable')) = 10.05
2026-08-06 11:47:27,859 - DEBUG - findfont: score(FontEntry(fname='C:\\Windows\\Fonts\\GOTHICB.TTF', index=0, name='Century Gothic', style='normal', variant='normal', weight=700, stretch='normal', size='scalable')) = 10.335
2026-08-06 11:47:27,859 - DEBUG - findfont: score(FontEntry(fname='C:\\Windows\\Fonts\\ROCK.TTF', index=0, name='Rockwell', style='normal', variant='normal', weight=400, stretch='normal', size='scalable')) = 10.05
2026-08-06 11:47:27,859 - DEBUG - findfont: score(FontEntry(fname='C:\\Windows\\Fonts\\calibrib.ttf', index=0, name='Calibri', style='normal', variant='normal', weight=700, stretch='normal', size='scalable')) = 10.335
2026-08-06 11:47:27,859 - DEBUG - findfont: score(FontEntry(fname='C:\\Windows\\Fonts\\comicbd.ttf', index=0, name='Comic Sans MS', style='normal', variant='normal', weight=700, stretch='normal', size='scalable')) = 10.335
2026-08-06 11:47:27,859 - DEBUG - findfont: score(FontEntry(fname='C:\\Windows\\Fonts\\ariblk.ttf', index=0, name='Arial', style='normal', variant='normal', weight=900, stretch='normal', size='scalable')) = 6.888636363636364
2026-08-06 11:47:27,859 - DEBUG - findfont: score(FontEntry(fname='C:\\Windows\\Fonts\\ariblk.ttf', index=0, name='Arial Black', style='normal', variant='normal', weight=400, stretch='normal', size='scalable')) = 10.05
2026-08-06 11:47:27,859 - DEBUG - findfont: score(FontEntry(fname='C:\\Windows\\Fonts\\swisscl.ttf', index=0, name='Swis721 LtCn BT', style='normal', variant='normal', weight=400, stretch='condensed', size='scalable')) = 10.25
2026-08-06 11:47:27,860 - DEBUG - findfont: score(FontEntry(fname='C:\\Windows\\Fonts\\romanc__.ttf', index=0, name='RomanC', style='normal', variant='normal', weight=400, stretch='normal', size='scalable')) = 10.05
2026-08-06 11:47:27,860 - DEBUG - findfont: score(FontEntry(fname='C:\\Windows\\Fonts\\seguili.ttf', index=0, name='Segoe UI', style='italic', variant='normal', weight=300, stretch='normal', size='scalable')) = 11.145
2026-08-06 11:47:27,860 - DEBUG - findfont: score(FontEntry(fname='C:\\Windows\\Fonts\\seguili.ttf', index=0, name='Segoe UI Light', style='italic', variant='normal', weight=400, stretch='normal', size='scalable')) = 11.05
2026-08-06 11:47:27,860 - DEBUG - findfont: score(FontEntry(fname='C:\\Windows\\Fonts\\LBRITEI.TTF', index=0, name='Lucida Bright', style='italic', variant='normal', weight=400, stretch='normal', size='scalable')) = 11.05
2026-08-06 11:47:27,860 - DEBUG - findfont: score(FontEntry(fname='C:\\Windows\\Fonts\\YuGothM.ttc', index=0, name='Yu Gothic', style='normal', variant='normal', weight=500, stretch='normal', size='scalable')) = 10.145
2026-08-06 11:47:27,860 - DEBUG - findfont: score(FontEntry(fname='C:\\Windows\\Fonts\\YuGothM.ttc', index=0, name='Yu Gothic Medium', style='normal', variant='normal', weight=400, stretch='normal', size='scalable')) = 10.05
2026-08-06 11:47:27,860 - DEBUG - findfont: score(FontEntry(fname='C:\\Windows\\Fonts\\YuGothM.ttc', index=1, name='Yu Gothic UI', style='normal', variant='normal', weight=400, stretch='normal', size='scalable')) = 10.05
2026-08-06 11:47:27,860 - DEBUG - findfont: score(FontEntry(fname='C:\\Windows\\Fonts\\symap___.ttf', index=0, name='Symap', style='normal', variant='normal', weight=400, stretch='normal', size='scalable')) = 10.05
2026-08-06 11:47:27,860 - DEBUG - findfont: score(FontEntry(fname='C:\\Windows\\Fonts\\msyhbd.ttc', index=0, name='Microsoft YaHei', style='normal', variant='normal', weight=700, stretch='normal', size='scalable')) = 10.335
2026-08-06 11:47:27,861 - DEBUG - findfont: score(FontEntry(fname='C:\\Windows\\Fonts\\msyhbd.ttc', index=1, name='Microsoft YaHei UI', style='normal', variant='normal', weight=700, stretch='normal', size='scalable')) = 10.335
2026-08-06 11:47:27,861 - DEBUG - findfont: score(FontEntry(fname='C:\\Windows\\Fonts\\BRUSHSCI.TTF', index=0, name='Brush Script MT', style='italic', variant='normal', weight=400, stretch='normal', size='scalable')) = 11.05
2026-08-06 11:47:27,861 - DEBUG - findfont: score(FontEntry(fname='C:\\Windows\\Fonts\\GOUDOSB.TTF', index=0, name='Goudy Old Style', style='normal', variant='normal', weight=700, stretch='normal', size='scalable')) = 10.335
2026-08-06 11:47:27,861 - DEBUG - findfont: score(FontEntry(fname='C:\\Windows\\Fonts\\Candaraz.ttf', index=0, name='Candara', style='italic', variant='normal', weight=700, stretch='normal', size='scalable')) = 11.335
2026-08-06 11:47:27,861 - DEBUG - findfont: score(FontEntry(fname='C:\\Windows\\Fonts\\bahnschrift.ttf', index=0, name='Bahnschrift', style='normal', variant='normal', weight=400, stretch='normal', size='scalable')) = 10.05
2026-08-06 11:47:27,861 - DEBUG - findfont: score(FontEntry(fname='C:\\Windows\\Fonts\\GILB____.TTF', index=0, name='Gill Sans MT', style='normal', variant='normal', weight=700, stretch='normal', size='scalable')) = 10.335
2026-08-06 11:47:27,861 - DEBUG - findfont: score(FontEntry(fname='C:\\Windows\\Fonts\\AIGDT___.TTF', index=0, name='AIGDT', style='normal', variant='normal', weight=400, stretch='normal', size='scalable')) = 10.05
2026-08-06 11:47:27,861 - DEBUG - findfont: score(FontEntry(fname='C:\\Windows\\Fonts\\palabi.ttf', index=0, name='Palatino Linotype', style='italic', variant='normal', weight=700, stretch='normal', size='scalable')) = 11.335
2026-08-06 11:47:27,862 - DEBUG - findfont: score(FontEntry(fname='C:\\Windows\\Fonts\\LBRITED.TTF', index=0, name='Lucida Bright', style='normal', variant='normal', weight=600, stretch='normal', size='scalable')) = 10.24
2026-08-06 11:47:27,862 - DEBUG - findfont: score(FontEntry(fname='C:\\Windows\\Fonts\\mtproxy6.ttf', index=0, name='Proxy 6', style='normal', variant='normal', weight=400, stretch='normal', size='scalable')) = 10.05
2026-08-06 11:47:27,862 - DEBUG - findfont: score(FontEntry(fname='C:\\Windows\\Fonts\\GOUDYSTO.TTF', index=0, name='Goudy Stout', style='normal', variant='normal', weight=400, stretch='normal', size='scalable')) = 10.05
2026-08-06 11:47:27,862 - DEBUG - findfont: score(FontEntry(fname='C:\\Windows\\Fonts\\FRAMDCN.TTF', index=0, name='Franklin Gothic Medium Cond', style='normal', variant='normal', weight=400, stretch='condensed', size='scalable')) = 10.25
2026-08-06 11:47:27,862 - DEBUG - findfont: score(FontEntry(fname='C:\\Windows\\Fonts\\ANTQUAB.TTF', index=0, name='Book Antiqua', style='normal', variant='normal', weight=700, stretch='normal', size='scalable')) = 10.335
2026-08-06 11:47:27,862 - DEBUG - findfont: score(FontEntry(fname='C:\\Windows\\Fonts\\verdana.ttf', index=0, name='Verdana', style='normal', variant='normal', weight=400, stretch='normal', size='scalable')) = 3.6863636363636365
2026-08-06 11:47:27,862 - DEBUG - findfont: score(FontEntry(fname='C:\\Windows\\Fonts\\FTLTLT.TTF', index=0, name='Footlight MT Light', style='normal', variant='normal', weight=300, stretch='normal', size='scalable')) = 10.145
2026-08-06 11:47:27,862 - DEBUG - findfont: score(FontEntry(fname='C:\\Windows\\Fonts\\CALISTBI.TTF', index=0, name='Calisto MT', style='italic', variant='normal', weight=700, stretch='normal', size='scalable')) = 11.335
2026-08-06 11:47:27,862 - DEBUG - findfont: score(FontEntry(fname='C:\\Windows\\Fonts\\LTYPEBO.TTF', index=0, name='Lucida Sans Typewriter', style='oblique', variant='normal', weight=600, stretch='normal', size='scalable')) = 11.24
2026-08-06 11:47:27,862 - DEBUG - findfont: score(FontEntry(fname='C:\\Windows\\Fonts\\msjhl.ttc', index=0, name='Microsoft JhengHei', style='normal', variant='normal', weight=290, stretch='normal', size='scalable')) = 10.1545
2026-08-06 11:47:27,862 - DEBUG - findfont: score(FontEntry(fname='C:\\Windows\\Fonts\\msjhl.ttc', index=0, name='Microsoft JhengHei Light', style='normal', variant='normal', weight=400, stretch='normal', size='scalable')) = 10.05
2026-08-06 11:47:27,862 - DEBUG - findfont: score(FontEntry(fname='C:\\Windows\\Fonts\\msjhl.ttc', index=1, name='Microsoft JhengHei UI', style='normal', variant='normal', weight=290, stretch='normal', size='scalable')) = 10.1545
2026-08-06 11:47:27,863 - DEBUG - findfont: score(FontEntry(fname='C:\\Windows\\Fonts\\msjhl.ttc', index=1, name='Microsoft JhengHei UI Light', style='normal', variant='normal', weight=400, stretch='normal', size='scalable')) = 10.05
2026-08-06 11:47:27,863 - DEBUG - findfont: score(FontEntry(fname='C:\\Windows\\Fonts\\TEMPSITC.TTF', index=0, name='Tempus Sans ITC', style='normal', variant='normal', weight=400, stretch='normal', size='scalable')) = 10.05
2026-08-06 11:47:27,863 - DEBUG - findfont: score(FontEntry(fname='C:\\Windows\\Fonts\\segmdl2.ttf', index=0, name='Segoe MDL2 Assets', style='normal', variant='normal', weight=400, stretch='normal', size='scalable')) = 10.05
2026-08-06 11:47:27,863 - DEBUG - findfont: score(FontEntry(fname='C:\\Windows\\Fonts\\constanz.ttf', index=0, name='Constantia', style='italic', variant='normal', weight=700, stretch='normal', size='scalable')) = 11.335
2026-08-06 11:47:27,863 - DEBUG - findfont: score(FontEntry(fname='C:\\Windows\\Fonts\\compi.ttf', index=0, name='CommercialPi BT', style='normal', variant='normal', weight=400, stretch='normal', size='scalable')) = 10.05
2026-08-06 11:47:27,863 - DEBUG - findfont: score(FontEntry(fname='C:\\Windows\\Fonts\\ERASLGHT.TTF', index=0, name='Eras Light ITC', style='normal', variant='normal', weight=400, stretch='normal', size='scalable')) = 10.05
2026-08-06 11:47:27,863 - DEBUG - findfont: score(FontEntry(fname='C:\\Windows\\Fonts\\swissci.ttf', index=0, name='Swis721 Cn BT', style='italic', variant='normal', weight=400, stretch='condensed', size='scalable')) = 11.25
2026-08-06 11:47:27,863 - DEBUG - findfont: score(FontEntry(fname='C:\\Windows\\Fonts\\timesi.ttf', index=0, name='Times New Roman', style='italic', variant='normal', weight=400, stretch='normal', size='scalable')) = 11.05
2026-08-06 11:47:27,863 - DEBUG - findfont: score(FontEntry(fname='C:\\Windows\\Fonts\\ntailub.ttf', index=0, name='Microsoft New Tai Lue', style='normal', variant='normal', weight=700, stretch='normal', size='scalable')) = 10.335
2026-08-06 11:47:27,863 - DEBUG - findfont: score(FontEntry(fname='C:\\Windows\\Fonts\\sansso__.ttf', index=0, name='SansSerif', style='oblique', variant='normal', weight=400, stretch='normal', size='scalable')) = 11.05
2026-08-06 11:47:27,863 - DEBUG - findfont: score(FontEntry(fname='C:\\Windows\\Fonts\\ebrimabd.ttf', index=0, name='Ebrima', style='normal', variant='normal', weight=700, stretch='normal', size='scalable')) = 10.335
2026-08-06 11:47:27,863 - DEBUG - findfont: score(FontEntry(fname='C:\\Windows\\Fonts\\georgiaz.ttf', index=0, name='Georgia', style='italic', variant='normal', weight=700, stretch='normal', size='scalable')) = 11.335
2026-08-06 11:47:27,864 - DEBUG - findfont: score(FontEntry(fname='C:\\Windows\\Fonts\\italic__.ttf', index=0, name='Italic', style='italic', variant='normal', weight=400, stretch='normal', size='scalable')) = 11.05
2026-08-06 11:47:27,864 - DEBUG - findfont: score(FontEntry(fname='C:\\Windows\\Fonts\\ROCC____.TTF', index=0, name='Rockwell Condensed', style='normal', variant='normal', weight=400, stretch='condensed', size='scalable')) = 10.25
2026-08-06 11:47:27,864 - DEBUG - findfont: score(FontEntry(fname='C:\\Windows\\Fonts\\cambria.ttc', index=0, name='Cambria', style='normal', variant='normal', weight=400, stretch='normal', size='scalable')) = 10.05
2026-08-06 11:47:27,864 - DEBUG - findfont: score(FontEntry(fname='C:\\Windows\\Fonts\\cambria.ttc', index=1, name='Cambria Math', style='normal', variant='normal', weight=400, stretch='normal', size='scalable')) = 10.05
2026-08-06 11:47:27,864 - DEBUG - findfont: score(FontEntry(fname='C:\\Windows\\Fonts\\tahomabd.ttf', index=0, name='Tahoma', style='normal', variant='normal', weight=700, stretch='normal', size='scalable')) = 10.335
2026-08-06 11:47:27,864 - DEBUG - findfont: score(FontEntry(fname='C:\\Windows\\Fonts\\ARIALNBI.TTF', index=0, name='Arial', style='italic', variant='normal', weight=700, stretch='condensed', size='scalable')) = 7.8986363636363635
2026-08-06 11:47:27,864 - DEBUG - findfont: score(FontEntry(fname='C:\\Windows\\Fonts\\ARIALNBI.TTF', index=0, name='Arial Narrow', style='italic', variant='normal', weight=700, stretch='condensed', size='scalable')) = 11.535
2026-08-06 11:47:27,864 - DEBUG - findfont: score(FontEntry(fname='C:\\Windows\\Fonts\\Candaral.ttf', index=0, name='Candara', style='normal', variant='normal', weight=400, stretch='normal', size='scalable')) = 10.05
2026-08-06 11:47:27,864 - DEBUG - findfont: score(FontEntry(fname='C:\\Windows\\Fonts\\Candaral.ttf', index=0, name='Candara Light', style='normal', variant='normal', weight=400, stretch='normal', size='scalable')) = 10.05
2026-08-06 11:47:27,864 - DEBUG - findfont: score(FontEntry(fname='C:\\Windows\\Fonts\\swissi.ttf', index=0, name='Swis721 BT', style='italic', variant='normal', weight=400, stretch='normal', size='scalable')) = 11.05
2026-08-06 11:47:27,864 - DEBUG - findfont: score(FontEntry(fname='C:\\Windows\\Fonts\\seguisym.ttf', index=0, name='Segoe UI Symbol', style='normal', variant='normal', weight=400, stretch='normal', size='scalable')) = 10.05
2026-08-06 11:47:27,864 - DEBUG - findfont: score(FontEntry(fname='C:\\Windows\\Fonts\\LATINWD.TTF', index=0, name='Wide Latin', style='normal', variant='normal', weight=400, stretch='expanded', size='scalable')) = 10.25
2026-08-06 11:47:27,864 - DEBUG - findfont: score(FontEntry(fname='C:\\Windows\\Fonts\\swisscbo.ttf', index=0, name='Swis721 BdCnOul BT', style='normal', variant='normal', weight=400, stretch='condensed', size='scalable')) = 10.25
2026-08-06 11:47:27,864 - DEBUG - findfont: score(FontEntry(fname='C:\\Windows\\Fonts\\PERI____.TTF', index=0, name='Perpetua', style='italic', variant='normal', weight=400, stretch='normal', size='scalable')) = 11.05
2026-08-06 11:47:27,864 - DEBUG - findfont: score(FontEntry(fname='C:\\Windows\\Fonts\\greeks__.ttf', index=0, name='GreekS', style='normal', variant='normal', weight=400, stretch='normal', size='scalable')) = 10.05
2026-08-06 11:47:27,864 - DEBUG - findfont: score(FontEntry(fname='C:\\Windows\\Fonts\\mvboli.ttf', index=0, name='MV Boli', style='normal', variant='normal', weight=400, stretch='normal', size='scalable')) = 10.05
2026-08-06 11:47:27,864 - DEBUG - findfont: score(FontEntry(fname='C:\\Windows\\Fonts\\dutchb.ttf', index=0, name='Dutch801 Rm BT', style='normal', variant='normal', weight=700, stretch='normal', size='scalable')) = 10.335
2026-08-06 11:47:27,864 - DEBUG - findfont: score(FontEntry(fname='C:\\Windows\\Fonts\\GOUDOSI.TTF', index=0, name='Goudy Old Style', style='italic', variant='normal', weight=400, stretch='normal', size='scalable')) = 11.05
2026-08-06 11:47:27,864 - DEBUG - findfont: score(FontEntry(fname='C:\\Windows\\Fonts\\ARIALUNI.ttf', index=0, name='Arial Unicode MS', style='normal', variant='normal', weight=400, stretch='normal', size='scalable')) = 10.05
2026-08-06 11:47:27,865 - DEBUG - findfont: score(FontEntry(fname='C:\\Windows\\Fonts\\cambriab.ttf', index=0, name='Cambria', style='normal', variant='normal', weight=700, stretch='normal', size='scalable')) = 10.335
2026-08-06 11:47:27,865 - DEBUG - findfont: score(FontEntry(fname='C:\\Windows\\Fonts\\romans__.ttf', index=0, name='RomanS', style='normal', variant='normal', weight=400, stretch='normal', size='scalable')) = 10.05
2026-08-06 11:47:27,865 - DEBUG - findfont: score(FontEntry(fname='C:\\Windows\\Fonts\\msgothic.ttc', index=0, name='MS Gothic', style='normal', variant='normal', weight=400, stretch='normal', size='scalable')) = 10.05
2026-08-06 11:47:27,865 - DEBUG - findfont: score(FontEntry(fname='C:\\Windows\\Fonts\\msgothic.ttc', index=1, name='MS UI Gothic', style='normal', variant='normal', weight=400, stretch='normal', size='scalable')) = 10.05
2026-08-06 11:47:27,865 - DEBUG - findfont: score(FontEntry(fname='C:\\Windows\\Fonts\\msgothic.ttc', index=2, name='MS PGothic', style='normal', variant='normal', weight=400, stretch='normal', size='scalable')) = 10.05
2026-08-06 11:47:27,865 - DEBUG - findfont: score(FontEntry(fname='C:\\Windows\\Fonts\\GILBI___.TTF', index=0, name='Gill Sans MT', style='italic', variant='normal', weight=700, stretch='normal', size='scalable')) = 11.335
2026-08-06 11:47:27,865 - DEBUG - findfont: score(FontEntry(fname='C:\\Windows\\Fonts\\GOTHICBI.TTF', index=0, name='Century Gothic', style='italic', variant='normal', weight=700, stretch='normal', size='scalable')) = 11.335
2026-08-06 11:47:27,865 - DEBUG - findfont: score(FontEntry(fname='C:\\Windows\\Fonts\\PAPYRUS.TTF', index=0, name='Papyrus', style='normal', variant='normal', weight=400, stretch='normal', size='scalable')) = 10.05
2026-08-06 11:47:27,865 - DEBUG - findfont: score(FontEntry(fname='C:\\Windows\\Fonts\\SegoeIcons.ttf', index=0, name='Segoe Fluent Icons', style='normal', variant='normal', weight=400, stretch='normal', size='scalable')) = 10.05
2026-08-06 11:47:27,866 - DEBUG - findfont: score(FontEntry(fname='C:\\Windows\\Fonts\\LFAX.TTF', index=0, name='Lucida Fax', style='normal', variant='normal', weight=400, stretch='normal', size='scalable')) = 10.05
2026-08-06 11:47:27,866 - DEBUG - findfont: score(FontEntry(fname='C:\\Windows\\Fonts\\palai.ttf', index=0, name='Palatino Linotype', style='italic', variant='normal', weight=400, stretch='normal', size='scalable')) = 11.05
2026-08-06 11:47:27,866 - DEBUG - findfont: score(FontEntry(fname='C:\\Windows\\Fonts\\swissb.ttf', index=0, name='Swis721 BT', style='normal', variant='normal', weight=700, stretch='normal', size='scalable')) = 10.335
2026-08-06 11:47:27,866 - DEBUG - findfont: score(FontEntry(fname='C:\\Windows\\Fonts\\ELEPHNT.TTF', index=0, name='Elephant', style='normal', variant='normal', weight=400, stretch='normal', size='scalable')) = 10.05
2026-08-06 11:47:27,866 - DEBUG - findfont: score(FontEntry(fname='C:\\Windows\\Fonts\\LeelaUIb.ttf', index=0, name='Leelawadee UI', style='normal', variant='normal', weight=700, stretch='normal', size='scalable')) = 10.335
2026-08-06 11:47:27,866 - DEBUG - findfont: score(FontEntry(fname='C:\\Windows\\Fonts\\verdanab.ttf', index=0, name='Verdana', style='normal', variant='normal', weight=700, stretch='normal', size='scalable')) = 3.9713636363636367
2026-08-06 11:47:27,866 - DEBUG - findfont: score(FontEntry(fname='C:\\Windows\\Fonts\\ROCCB___.TTF', index=0, name='Rockwell Condensed', style='normal', variant='normal', weight=700, stretch='condensed', size='scalable')) = 10.535
2026-08-06 11:47:27,866 - DEBUG - findfont: score(FontEntry(fname='C:\\Windows\\Fonts\\KUNSTLER.TTF', index=0, name='Kunstler Script', style='normal', variant='normal', weight=400, stretch='normal', size='scalable')) = 10.05
2026-08-06 11:47:27,867 - DEBUG - findfont: score(FontEntry(fname='C:\\Windows\\Fonts\\vinet.ttf', index=0, name='Vineta BT', style='normal', variant='normal', weight=400, stretch='normal', size='scalable')) = 10.05
2026-08-06 11:47:27,867 - DEBUG - findfont: score(FontEntry(fname='C:\\Windows\\Fonts\\vinet.ttf', index=0, name='Vineta', style='normal', variant='normal', weight=400, stretch='normal', size='scalable')) = 10.05
2026-08-06 11:47:27,867 - DEBUG - findfont: score(FontEntry(fname='C:\\Windows\\Fonts\\swissek.ttf', index=0, name='Swis721 BlkEx BT', style='normal', variant='normal', weight=400, stretch='expanded', size='scalable')) = 10.25
2026-08-06 11:47:27,867 - DEBUG - findfont: score(FontEntry(fname='C:\\Windows\\Fonts\\TCCM____.TTF', index=0, name='Tw Cen MT Condensed', style='normal', variant='normal', weight=400, stretch='condensed', size='scalable')) = 10.25
2026-08-06 11:47:27,867 - DEBUG - findfont: score(FontEntry(fname='C:\\Windows\\Fonts\\mtproxy4.ttf', index=0, name='Proxy 4', style='normal', variant='normal', weight=400, stretch='normal', size='scalable')) = 10.05
2026-08-06 11:47:27,867 - DEBUG - findfont: score(FontEntry(fname='C:\\Windows\\Fonts\\LTYPEB.TTF', index=0, name='Lucida Sans Typewriter', style='normal', variant='normal', weight=600, stretch='normal', size='scalable')) = 10.24
2026-08-06 11:47:27,867 - DEBUG - findfont: score(FontEntry(fname='C:\\Windows\\Fonts\\dutcheb.ttf', index=0, name='Dutch801 XBd BT', style='normal', variant='normal', weight=400, stretch='normal', size='scalable')) = 10.05
2026-08-06 11:47:27,868 - DEBUG - findfont: score(FontEntry(fname='C:\\Windows\\Fonts\\swisski.ttf', index=0, name='Swis721 Blk BT', style='italic', variant='normal', weight=400, stretch='normal', size='scalable')) = 11.05
2026-08-06 11:47:27,868 - DEBUG - findfont: score(FontEntry(fname='C:\\Windows\\Fonts\\timesbi.ttf', index=0, name='Times New Roman', style='italic', variant='normal', weight=700, stretch='normal', size='scalable')) = 11.335
2026-08-06 11:47:27,868 - DEBUG - findfont: score(FontEntry(fname='C:\\Windows\\Fonts\\ANTQUAI.TTF', index=0, name='Book Antiqua', style='italic', variant='normal', weight=400, stretch='normal', size='scalable')) = 11.05
2026-08-06 11:47:27,868 - DEBUG - findfont: score(FontEntry(fname='C:\\Windows\\Fonts\\PARCHM.TTF', index=0, name='Parchment', style='normal', variant='normal', weight=400, stretch='normal', size='scalable')) = 10.05
2026-08-06 11:47:27,868 - DEBUG - findfont: score(FontEntry(fname='C:\\Windows\\Fonts\\phagspab.ttf', index=0, name='Microsoft PhagsPa', style='normal', variant='normal', weight=700, stretch='normal', size='scalable')) = 10.335
2026-08-06 11:47:27,868 - DEBUG - findfont: score(FontEntry(fname='C:\\Windows\\Fonts\\techl___.ttf', index=0, name='TechnicLite', style='normal', variant='normal', weight=400, stretch='normal', size='scalable')) = 10.05
2026-08-06 11:47:27,868 - DEBUG - findfont: score(FontEntry(fname='C:\\Windows\\Fonts\\MISTRAL.TTF', index=0, name='Mistral', style='normal', variant='normal', weight=400, stretch='normal', size='scalable')) = 10.05
2026-08-06 11:47:27,868 - DEBUG - findfont: score(FontEntry(fname='C:\\Windows\\Fonts\\LFAXDI.TTF', index=0, name='Lucida Fax', style='italic', variant='normal', weight=600, stretch='normal', size='scalable')) = 11.24
2026-08-06 11:47:27,869 - DEBUG - findfont: score(FontEntry(fname='C:\\Windows\\Fonts\\calibrii.ttf', index=0, name='Calibri', style='italic', variant='normal', weight=400, stretch='normal', size='scalable')) = 11.05
2026-08-06 11:47:27,869 - DEBUG - findfont: score(FontEntry(fname='C:\\Windows\\Fonts\\swisscb.ttf', index=0, name='Swis721 Cn BT', style='normal', variant='normal', weight=700, stretch='condensed', size='scalable')) = 10.535
2026-08-06 11:47:27,869 - DEBUG - findfont: score(FontEntry(fname='C:\\Windows\\Fonts\\GENISO.ttf', index=0, name='GENISO', style='normal', variant='normal', weight=400, stretch='normal', size='scalable')) = 10.05
2026-08-06 11:47:27,869 - DEBUG - findfont: score(FontEntry(fname='C:\\Windows\\Fonts\\courbi.ttf', index=0, name='Courier New', style='italic', variant='normal', weight=700, stretch='normal', size='scalable')) = 11.335
2026-08-06 11:47:27,869 - DEBUG - findfont: score(FontEntry(fname='C:\\Windows\\Fonts\\MOD20.TTF', index=0, name='Modern No. 20', style='normal', variant='normal', weight=400, stretch='normal', size='scalable')) = 10.05
2026-08-06 11:47:27,869 - DEBUG - findfont: score(FontEntry(fname='C:\\Windows\\Fonts\\SHOWG.TTF', index=0, name='Showcard Gothic', style='normal', variant='normal', weight=400, stretch='normal', size='scalable')) = 10.05
2026-08-06 11:47:27,869 - DEBUG - findfont: score(FontEntry(fname='C:\\Windows\\Fonts\\OUTLOOK.TTF', index=0, name='MS Outlook', style='normal', variant='normal', weight=400, stretch='normal', size='scalable')) = 10.05
2026-08-06 11:47:27,870 - DEBUG - findfont: score(FontEntry(fname='C:\\Windows\\Fonts\\trebucbd.ttf', index=0, name='Trebuchet MS', style='normal', variant='normal', weight=700, stretch='normal', size='scalable')) = 10.335
2026-08-06 11:47:27,870 - DEBUG - findfont: score(FontEntry(fname='C:\\Windows\\Fonts\\constani.ttf', index=0, name='Constantia', style='italic', variant='normal', weight=400, stretch='normal', size='scalable')) = 11.05
2026-08-06 11:47:27,870 - DEBUG - findfont: score(FontEntry(fname='C:\\Windows\\Fonts\\YuGothB.ttc', index=0, name='Yu Gothic', style='normal', variant='normal', weight=700, stretch='normal', size='scalable')) = 10.335
2026-08-06 11:47:27,870 - DEBUG - findfont: score(FontEntry(fname='C:\\Windows\\Fonts\\YuGothB.ttc', index=1, name='Yu Gothic UI', style='normal', variant='normal', weight=700, stretch='normal', size='scalable')) = 10.335
2026-08-06 11:47:27,870 - DEBUG - findfont: score(FontEntry(fname='C:\\Windows\\Fonts\\YuGothB.ttc', index=2, name='Yu Gothic UI', style='normal', variant='normal', weight=600, stretch='normal', size='scalable')) = 10.24
2026-08-06 11:47:27,870 - DEBUG - findfont: score(FontEntry(fname='C:\\Windows\\Fonts\\YuGothB.ttc', index=2, name='Yu Gothic UI Semibold', style='normal', variant='normal', weight=400, stretch='normal', size='scalable')) = 10.05
2026-08-06 11:47:27,870 - DEBUG - findfont: score(FontEntry(fname='C:\\Windows\\Fonts\\monbaiti.ttf', index=0, name='Mongolian Baiti', style='normal', variant='normal', weight=400, stretch='normal', size='scalable')) = 10.05
2026-08-06 11:47:27,870 - DEBUG - findfont: score(FontEntry(fname='C:\\Windows\\Fonts\\ntailu.ttf', index=0, name='Microsoft New Tai Lue', style='normal', variant='normal', weight=400, stretch='normal', size='scalable')) = 10.05
2026-08-06 11:47:27,870 - DEBUG - findfont: score(FontEntry(fname='C:\\Windows\\Fonts\\dutchbi.ttf', index=0, name='Dutch801 Rm BT', style='italic', variant='normal', weight=700, stretch='normal', size='scalable')) = 11.335
2026-08-06 11:47:27,870 - DEBUG - findfont: score(FontEntry(fname='C:\\Windows\\Fonts\\DUBAI-BOLD.TTF', index=0, name='Dubai', style='normal', variant='normal', weight=700, stretch='normal', size='scalable')) = 10.335
2026-08-06 11:47:27,871 - DEBUG - findfont: score(FontEntry(fname='C:\\Windows\\Fonts\\romantic.ttf', index=0, name='Romantic', style='normal', variant='normal', weight=400, stretch='normal', size='scalable')) = 10.05
2026-08-06 11:47:27,871 - DEBUG - findfont: score(FontEntry(fname='C:\\Windows\\Fonts\\scriptc_.ttf', index=0, name='ScriptC', style='normal', variant='normal', weight=400, stretch='normal', size='scalable')) = 10.05
2026-08-06 11:47:27,871 - DEBUG - findfont: score(FontEntry(fname='C:\\Windows\\Fonts\\ENGR.TTF', index=0, name='Engravers MT', style='normal', variant='normal', weight=500, stretch='normal', size='scalable')) = 10.145
2026-08-06 11:47:27,871 - DEBUG - findfont: score(FontEntry(fname='C:\\Windows\\Fonts\\italict_.ttf', index=0, name='ItalicT', style='italic', variant='normal', weight=400, stretch='normal', size='scalable')) = 11.05
2026-08-06 11:47:27,871 - DEBUG - findfont: score(FontEntry(fname='C:\\Windows\\Fonts\\MAGNETOB.TTF', index=0, name='Magneto', style='normal', variant='normal', weight=700, stretch='normal', size='scalable')) = 10.335
2026-08-06 11:47:27,871 - DEBUG - findfont: score(FontEntry(fname='C:\\Windows\\Fonts\\corbelli.ttf', index=0, name='Corbel', style='italic', variant='normal', weight=300, stretch='normal', size='scalable')) = 11.145
2026-08-06 11:47:27,871 - DEBUG - findfont: score(FontEntry(fname='C:\\Windows\\Fonts\\corbelli.ttf', index=0, name='Corbel Light', style='italic', variant='normal', weight=400, stretch='normal', size='scalable')) = 11.05
2026-08-06 11:47:27,871 - DEBUG - findfont: score(FontEntry(fname='C:\\Windows\\Fonts\\Artifakt Element Black.ttf', index=0, name='Artifakt Element', style='normal', variant='normal', weight=800, stretch='normal', size='scalable')) = 10.43
2026-08-06 11:47:27,872 - DEBUG - findfont: score(FontEntry(fname='C:\\Windows\\Fonts\\Artifakt Element Black.ttf', index=0, name='Artifakt Element Black', style='normal', variant='normal', weight=400, stretch='normal', size='scalable')) = 10.05
2026-08-06 11:47:27,872 - DEBUG - findfont: score(FontEntry(fname='C:\\Windows\\Fonts\\corbelb.ttf', index=0, name='Corbel', style='normal', variant='normal', weight=700, stretch='normal', size='scalable')) = 10.335
2026-08-06 11:47:27,872 - DEBUG - findfont: score(FontEntry(fname='C:\\Windows\\Fonts\\ARLRDBD.TTF', index=0, name='Arial Rounded MT Bold', style='normal', variant='normal', weight=400, stretch='normal', size='scalable')) = 10.05
2026-08-06 11:47:27,872 - DEBUG - findfont: score(FontEntry(fname='C:\\Windows\\Fonts\\FRAHVIT.TTF', index=0, name='Franklin Gothic Heavy', style='italic', variant='normal', weight=400, stretch='normal', size='scalable')) = 11.05
2026-08-06 11:47:27,872 - DEBUG - findfont: score(FontEntry(fname='C:\\Windows\\Fonts\\corbelz.ttf', index=0, name='Corbel', style='italic', variant='normal', weight=700, stretch='normal', size='scalable')) = 11.335
2026-08-06 11:47:27,872 - DEBUG - findfont: score(FontEntry(fname='C:\\Windows\\Fonts\\AGENCYR.TTF', index=0, name='Agency FB', style='normal', variant='normal', weight=400, stretch='normal', size='scalable')) = 10.05
2026-08-06 11:47:27,872 - DEBUG - findfont: score(FontEntry(fname='C:\\Windows\\Fonts\\ITCKRIST.TTF', index=0, name='Kristen ITC', style='normal', variant='normal', weight=400, stretch='normal', size='scalable')) = 10.05
2026-08-06 11:47:27,872 - DEBUG - findfont: score(FontEntry(fname='C:\\Windows\\Fonts\\Candarab.ttf', index=0, name='Candara', style='normal', variant='normal', weight=700, stretch='normal', size='scalable')) = 10.335
2026-08-06 11:47:27,872 - DEBUG - findfont: score(FontEntry(fname='C:\\Windows\\Fonts\\mtproxy1.ttf', index=0, name='Proxy 1', style='normal', variant='normal', weight=400, stretch='normal', size='scalable')) = 10.05
2026-08-06 11:47:27,872 - DEBUG - findfont: score(FontEntry(fname='C:\\Windows\\Fonts\\swissc.ttf', index=0, name='Swis721 Cn BT', style='normal', variant='normal', weight=400, stretch='condensed', size='scalable')) = 10.25
2026-08-06 11:47:27,872 - DEBUG - findfont: score(FontEntry(fname='C:\\Windows\\Fonts\\LEELAWDB.TTF', index=0, name='Leelawadee', style='normal', variant='normal', weight=700, stretch='normal', size='scalable')) = 10.335
2026-08-06 11:47:27,872 - DEBUG - findfont: score(FontEntry(fname='C:\\Windows\\Fonts\\sanssb__.ttf', index=0, name='SansSerif', style='normal', variant='normal', weight=700, stretch='normal', size='scalable')) = 10.335
2026-08-06 11:47:27,872 - DEBUG - findfont: score(FontEntry(fname='C:\\Windows\\Fonts\\Artifakt Element Heavy.ttf', index=0, name='Artifakt Element', style='normal', variant='normal', weight=900, stretch='normal', size='scalable')) = 10.525
2026-08-06 11:47:27,872 - DEBUG - findfont: score(FontEntry(fname='C:\\Windows\\Fonts\\Artifakt Element Heavy.ttf', index=0, name='Artifakt Element Heavy', style='normal', variant='normal', weight=400, stretch='normal', size='scalable')) = 10.05
2026-08-06 11:47:27,872 - DEBUG - findfont: score(FontEntry(fname='C:\\Windows\\Fonts\\SimsunExtG.ttf', index=0, name='SimSun-ExtG', style='normal', variant='normal', weight=400, stretch='normal', size='scalable')) = 10.05
2026-08-06 11:47:27,872 - DEBUG - findfont: score(FontEntry(fname='C:\\Windows\\Fonts\\corbel.ttf', index=0, name='Corbel', style='normal', variant='normal', weight=400, stretch='normal', size='scalable')) = 10.05
2026-08-06 11:47:27,873 - DEBUG - findfont: score(FontEntry(fname='C:\\Windows\\Fonts\\ARIALNB.TTF', index=0, name='Arial', style='normal', variant='normal', weight=700, stretch='condensed', size='scalable')) = 6.8986363636363635
2026-08-06 11:47:27,873 - DEBUG - findfont: score(FontEntry(fname='C:\\Windows\\Fonts\\ARIALNB.TTF', index=0, name='Arial Narrow', style='normal', variant='normal', weight=700, stretch='condensed', size='scalable')) = 10.535
2026-08-06 11:47:27,873 - DEBUG - findfont: score(FontEntry(fname='C:\\Windows\\Fonts\\mtproxy2.ttf', index=0, name='Proxy 2', style='normal', variant='normal', weight=400, stretch='normal', size='scalable')) = 10.05
2026-08-06 11:47:27,873 - DEBUG - findfont: score(FontEntry(fname='C:\\Windows\\Fonts\\techb___.ttf', index=0, name='TechnicBold', style='normal', variant='normal', weight=400, stretch='normal', size='scalable')) = 10.05
2026-08-06 11:47:27,873 - DEBUG - findfont: score(FontEntry(fname='C:\\Windows\\Fonts\\Inkfree.ttf', index=0, name='Ink Free', style='normal', variant='normal', weight=400, stretch='normal', size='scalable')) = 10.05
2026-08-06 11:47:27,873 - DEBUG - findfont: score(FontEntry(fname='C:\\Windows\\Fonts\\COLONNA.TTF', index=0, name='Colonna MT', style='normal', variant='normal', weight=400, stretch='normal', size='scalable')) = 10.05
2026-08-06 11:47:27,873 - DEBUG - findfont: score(FontEntry(fname='C:\\Windows\\Fonts\\comici.ttf', index=0, name='Comic Sans MS', style='italic', variant='normal', weight=400, stretch='normal', size='scalable')) = 11.05
2026-08-06 11:47:27,873 - DEBUG - findfont: score(FontEntry(fname='C:\\Windows\\Fonts\\himalaya.ttf', index=0, name='Microsoft Himalaya', style='normal', variant='normal', weight=400, stretch='normal', size='scalable')) = 10.05
2026-08-06 11:47:27,873 - DEBUG - findfont: score(FontEntry(fname='C:\\Windows\\Fonts\\LSANS.TTF', index=0, name='Lucida Sans', style='normal', variant='normal', weight=400, stretch='normal', size='scalable')) = 10.05
2026-08-06 11:47:27,873 - DEBUG - findfont: score(FontEntry(fname='C:\\Windows\\Fonts\\Artifakt Element LIght.ttf', index=0, name='Artifakt Element', style='normal', variant='normal', weight=300, stretch='normal', size='scalable')) = 10.145
2026-08-06 11:47:27,873 - DEBUG - findfont: score(FontEntry(fname='C:\\Windows\\Fonts\\Artifakt Element LIght.ttf', index=0, name='Artifakt Element Light', style='normal', variant='normal', weight=400, stretch='normal', size='scalable')) = 10.05
2026-08-06 11:47:27,873 - DEBUG - findfont: score(FontEntry(fname='C:\\Windows\\Fonts\\cour.ttf', index=0, name='Courier New', style='normal', variant='normal', weight=400, stretch='normal', size='scalable')) = 10.05
2026-08-06 11:47:27,873 - DEBUG - findfont: score(FontEntry(fname='C:\\Windows\\Fonts\\FRABKIT.TTF', index=0, name='Franklin Gothic Book', style='italic', variant='normal', weight=400, stretch='normal', size='scalable')) = 11.05
2026-08-06 11:47:27,873 - DEBUG - findfont: score(FontEntry(fname='C:\\Windows\\Fonts\\CascadiaCode.ttf', index=0, name='Cascadia Code', style='normal', variant='normal', weight=400, stretch='normal', size='scalable')) = 10.05
2026-08-06 11:47:27,873 - DEBUG - findfont: score(FontEntry(fname='C:\\Windows\\Fonts\\VLADIMIR.TTF', index=0, name='Vladimir Script', style='normal', variant='normal', weight=400, stretch='normal', size='scalable')) = 10.05
2026-08-06 11:47:27,873 - DEBUG - findfont: score(FontEntry(fname='C:\\Windows\\Fonts\\sylfaen.ttf', index=0, name='Sylfaen', style='normal', variant='normal', weight=400, stretch='normal', size='scalable')) = 10.05
2026-08-06 11:47:27,873 - DEBUG - findfont: score(FontEntry(fname='C:\\Windows\\Fonts\\isocp3__.ttf', index=0, name='ISOCP3', style='normal', variant='normal', weight=400, stretch='normal', size='scalable')) = 10.05
2026-08-06 11:47:27,873 - DEBUG - findfont: score(FontEntry(fname='C:\\Windows\\Fonts\\ERASDEMI.TTF', index=0, name='Eras Demi ITC', style='normal', variant='normal', weight=400, stretch='normal', size='scalable')) = 10.05
2026-08-06 11:47:27,874 - DEBUG - findfont: score(FontEntry(fname='C:\\Windows\\Fonts\\wingding.ttf', index=0, name='Wingdings', style='normal', variant='normal', weight=400, stretch='normal', size='scalable')) = 10.05
2026-08-06 11:47:27,874 - DEBUG - findfont: score(FontEntry(fname='C:\\Windows\\Fonts\\BROADW.TTF', index=0, name='Broadway', style='normal', variant='normal', weight=400, stretch='normal', size='scalable')) = 10.05
2026-08-06 11:47:27,874 - DEBUG - findfont: score(FontEntry(fname='C:\\Windows\\Fonts\\YuGothR.ttc', index=0, name='Yu Gothic', style='normal', variant='normal', weight=400, stretch='normal', size='scalable')) = 10.05
2026-08-06 11:47:27,874 - DEBUG - findfont: score(FontEntry(fname='C:\\Windows\\Fonts\\YuGothR.ttc', index=1, name='Yu Gothic UI', style='normal', variant='normal', weight=350, stretch='normal', size='scalable')) = 10.0975
2026-08-06 11:47:27,874 - DEBUG - findfont: score(FontEntry(fname='C:\\Windows\\Fonts\\YuGothR.ttc', index=1, name='Yu Gothic UI Semilight', style='normal', variant='normal', weight=400, stretch='normal', size='scalable')) = 10.05
2026-08-06 11:47:27,874 - DEBUG - findfont: score(FontEntry(fname='C:\\Windows\\Fonts\\BOD_CR.TTF', index=0, name='Bodoni MT', style='normal', variant='normal', weight=400, stretch='condensed', size='scalable')) = 10.25
2026-08-06 11:47:27,874 - DEBUG - findfont: score(FontEntry(fname='C:\\Windows\\Fonts\\BOD_CR.TTF', index=0, name='Bodoni MT Condensed', style='normal', variant='normal', weight=400, stretch='condensed', size='scalable')) = 10.25
2026-08-06 11:47:27,875 - DEBUG - findfont: score(FontEntry(fname='C:\\Windows\\Fonts\\seguihis.ttf', index=0, name='Segoe UI Historic', style='normal', variant='normal', weight=400, stretch='normal', size='scalable')) = 10.05
2026-08-06 11:47:27,875 - DEBUG - findfont: score(FontEntry(fname='C:\\Windows\\Fonts\\segoeuiz.ttf', index=0, name='Segoe UI', style='italic', variant='normal', weight=700, stretch='normal', size='scalable')) = 11.335
2026-08-06 11:47:27,875 - DEBUG - findfont: score(FontEntry(fname='C:\\Windows\\Fonts\\HATTEN.TTF', index=0, name='Haettenschweiler', style='normal', variant='normal', weight=400, stretch='normal', size='scalable')) = 10.05
2026-08-06 11:47:27,875 - DEBUG - findfont: score(FontEntry(fname='C:\\Windows\\Fonts\\framd.ttf', index=0, name='Franklin Gothic Medium', style='normal', variant='normal', weight=400, stretch='normal', size='scalable')) = 10.05
2026-08-06 11:47:27,875 - DEBUG - findfont: score(FontEntry(fname='C:\\Windows\\Fonts\\DUBAI-REGULAR.TTF', index=0, name='Dubai', style='normal', variant='normal', weight=400, stretch='normal', size='scalable')) = 10.05
2026-08-06 11:47:27,875 - DEBUG - findfont: score(FontEntry(fname='C:\\Windows\\Fonts\\MTEXTRA.TTF', index=0, name='MT Extra', style='normal', variant='normal', weight=400, stretch='normal', size='scalable')) = 10.05
2026-08-06 11:47:27,875 - DEBUG - findfont: score(FontEntry(fname='C:\\Windows\\Fonts\\swisscli.ttf', index=0, name='Swis721 LtCn BT', style='italic', variant='normal', weight=400, stretch='condensed', size='scalable')) = 11.25
2026-08-06 11:47:27,875 - DEBUG - findfont: score(FontEntry(fname='C:\\Windows\\Fonts\\dutch.ttf', index=0, name='Dutch801 Rm BT', style='normal', variant='normal', weight=400, stretch='normal', size='scalable')) = 10.05
2026-08-06 11:47:27,875 - DEBUG - findfont: score(FontEntry(fname='C:\\Windows\\Fonts\\monosb.ttf', index=0, name='Monospac821 BT', style='normal', variant='normal', weight=700, stretch='normal', size='scalable')) = 10.335
2026-08-06 11:47:27,876 - DEBUG - findfont: score(FontEntry(fname='C:\\Windows\\Fonts\\mmrtext.ttf', index=0, name='Myanmar Text', style='normal', variant='normal', weight=400, stretch='normal', size='scalable')) = 10.05
2026-08-06 11:47:27,876 - DEBUG - findfont: score(FontEntry(fname='C:\\Windows\\Fonts\\impact.ttf', index=0, name='Impact', style='normal', variant='normal', weight=400, stretch='normal', size='scalable')) = 10.05
2026-08-06 11:47:27,876 - DEBUG - findfont: score(FontEntry(fname='C:\\Windows\\Fonts\\LiberationSans-Bold.ttf', index=0, name='Liberation Sans', style='normal', variant='normal', weight=700, stretch='normal', size='scalable')) = 10.335
2026-08-06 11:47:27,876 - DEBUG - findfont: score(FontEntry(fname='C:\\Windows\\Fonts\\stylu.ttf', index=0, name='Stylus BT', style='normal', variant='normal', weight=300, stretch='normal', size='scalable')) = 10.145
2026-08-06 11:47:27,876 - DEBUG - findfont: score(FontEntry(fname='C:\\Windows\\Fonts\\isoct___.ttf', index=0, name='ISOCT', style='normal', variant='normal', weight=400, stretch='normal', size='scalable')) = 10.05
2026-08-06 11:47:27,876 - DEBUG - findfont: score(FontEntry(fname='C:\\Windows\\Fonts\\BOD_BLAR.TTF', index=0, name='Bodoni MT', style='normal', variant='normal', weight=900, stretch='normal', size='scalable')) = 10.525
2026-08-06 11:47:27,876 - DEBUG - findfont: score(FontEntry(fname='C:\\Windows\\Fonts\\BOD_BLAR.TTF', index=0, name='Bodoni MT Black', style='normal', variant='normal', weight=400, stretch='normal', size='scalable')) = 10.05
2026-08-06 11:47:27,876 - DEBUG - findfont: score(FontEntry(fname='C:\\Windows\\Fonts\\BELLB.TTF', index=0, name='Bell MT', style='normal', variant='normal', weight=700, stretch='normal', size='scalable')) = 10.335
2026-08-06 11:47:27,877 - DEBUG - findfont: score(FontEntry(fname='C:\\Windows\\Fonts\\BOOKOSB.TTF', index=0, name='Bookman Old Style', style='normal', variant='normal', weight=600, stretch='normal', size='scalable')) = 10.24
2026-08-06 11:47:27,877 - DEBUG - findfont: score(FontEntry(fname='C:\\Windows\\Fonts\\gothicg_.ttf', index=0, name='GothicG', style='normal', variant='normal', weight=400, stretch='normal', size='scalable')) = 10.05
2026-08-06 11:47:27,877 - DEBUG - findfont: score(FontEntry(fname='C:\\Windows\\Fonts\\BOD_B.TTF', index=0, name='Bodoni MT', style='normal', variant='normal', weight=700, stretch='normal', size='scalable')) = 10.335
2026-08-06 11:47:27,877 - DEBUG - findfont: score(FontEntry(fname='C:\\Windows\\Fonts\\Artifakt Element Bold.ttf', index=0, name='Artifakt Element', style='normal', variant='normal', weight=700, stretch='normal', size='scalable')) = 10.335
2026-08-06 11:47:27,877 - DEBUG - findfont: score(FontEntry(fname='C:\\Windows\\Fonts\\ELEPHNTI.TTF', index=0, name='Elephant', style='italic', variant='normal', weight=400, stretch='normal', size='scalable')) = 11.05
2026-08-06 11:47:27,877 - DEBUG - findfont: score(FontEntry(fname='C:\\Windows\\Fonts\\mtproxy8.ttf', index=0, name='Proxy 8', style='normal', variant='normal', weight=400, stretch='normal', size='scalable')) = 10.05
2026-08-06 11:47:27,877 - DEBUG - findfont: score(FontEntry(fname='C:\\Windows\\Fonts\\mtproxy5.ttf', index=0, name='Proxy 5', style='normal', variant='normal', weight=400, stretch='normal', size='scalable')) = 10.05
2026-08-06 11:47:27,877 - DEBUG - findfont: score(FontEntry(fname='C:\\Windows\\Fonts\\swissl.ttf', index=0, name='Swis721 Lt BT', style='normal', variant='normal', weight=400, stretch='normal', size='scalable')) = 10.05
2026-08-06 11:47:27,878 - DEBUG - findfont: score(FontEntry(fname='C:\\Windows\\Fonts\\ROCKI.TTF', index=0, name='Rockwell', style='italic', variant='normal', weight=400, stretch='normal', size='scalable')) = 11.05
2026-08-06 11:47:27,878 - DEBUG - findfont: score(FontEntry(fname='C:\\Windows\\Fonts\\phagspa.ttf', index=0, name='Microsoft PhagsPa', style='normal', variant='normal', weight=400, stretch='normal', size='scalable')) = 10.05
2026-08-06 11:47:27,878 - DEBUG - findfont: score(FontEntry(fname='C:\\Windows\\Fonts\\mtproxy7.ttf', index=0, name='Proxy 7', style='normal', variant='normal', weight=400, stretch='normal', size='scalable')) = 10.05
2026-08-06 11:47:27,878 - DEBUG - findfont: score(FontEntry(fname='C:\\Windows\\Fonts\\cambriai.ttf', index=0, name='Cambria', style='italic', variant='normal', weight=400, stretch='normal', size='scalable')) = 11.05
2026-08-06 11:47:27,878 - DEBUG - findfont: score(FontEntry(fname='C:\\Windows\\Fonts\\BRADHITC.TTF', index=0, name='Bradley Hand ITC', style='normal', variant='normal', weight=400, stretch='normal', size='scalable')) = 10.05
2026-08-06 11:47:27,878 - DEBUG - findfont: score(FontEntry(fname='C:\\Windows\\Fonts\\Artifakt Element Heavy Italic.ttf', index=0, name='Artifakt Element', style='italic', variant='normal', weight=900, stretch='normal', size='scalable')) = 11.525
2026-08-06 11:47:27,878 - DEBUG - findfont: score(FontEntry(fname='C:\\Windows\\Fonts\\Artifakt Element Heavy Italic.ttf', index=0, name='Artifakt Element Heavy', style='italic', variant='normal', weight=400, stretch='normal', size='scalable')) = 11.05
2026-08-06 11:47:27,878 - DEBUG - findfont: score(FontEntry(fname='C:\\Windows\\Fonts\\segoeuisl.ttf', index=0, name='Segoe UI', style='normal', variant='normal', weight=350, stretch='normal', size='scalable')) = 10.0975
2026-08-06 11:47:27,878 - DEBUG - findfont: score(FontEntry(fname='C:\\Windows\\Fonts\\segoeuisl.ttf', index=0, name='Segoe UI Semilight', style='normal', variant='normal', weight=400, stretch='normal', size='scalable')) = 10.05
2026-08-06 11:47:27,878 - DEBUG - findfont: score(FontEntry(fname='C:\\Windows\\Fonts\\msyi.ttf', index=0, name='Microsoft Yi Baiti', style='normal', variant='normal', weight=400, stretch='normal', size='scalable')) = 10.05
2026-08-06 11:47:27,878 - DEBUG - findfont: score(FontEntry(fname='C:\\Windows\\Fonts\\DUBAI-LIGHT.TTF', index=0, name='Dubai', style='normal', variant='normal', weight=300, stretch='normal', size='scalable')) = 10.145
2026-08-06 11:47:27,878 - DEBUG - findfont: score(FontEntry(fname='C:\\Windows\\Fonts\\DUBAI-LIGHT.TTF', index=0, name='Dubai Light', style='normal', variant='normal', weight=400, stretch='normal', size='scalable')) = 10.05
2026-08-06 11:47:27,878 - DEBUG - findfont: score(FontEntry(fname='C:\\Windows\\Fonts\\Candarali.ttf', index=0, name='Candara', style='italic', variant='normal', weight=400, stretch='normal', size='scalable')) = 11.05
2026-08-06 11:47:27,879 - DEBUG - findfont: score(FontEntry(fname='C:\\Windows\\Fonts\\Candarali.ttf', index=0, name='Candara Light', style='italic', variant='normal', weight=400, stretch='normal', size='scalable')) = 11.05
2026-08-06 11:47:27,879 - DEBUG - findfont: score(FontEntry(fname='C:\\Windows\\Fonts\\arial.ttf', index=0, name='Arial', style='normal', variant='normal', weight=400, stretch='normal', size='scalable')) = 6.413636363636363
2026-08-06 11:47:27,879 - DEBUG - findfont: score(FontEntry(fname='C:\\Windows\\Fonts\\consolab.ttf', index=0, name='Consolas', style='normal', variant='normal', weight=700, stretch='normal', size='scalable')) = 10.335
2026-08-06 11:47:27,879 - DEBUG - findfont: score(FontEntry(fname='C:\\Windows\\Fonts\\BELLI.TTF', index=0, name='Bell MT', style='italic', variant='normal', weight=400, stretch='normal', size='scalable')) = 11.05
2026-08-06 11:47:27,879 - DEBUG - findfont: score(FontEntry(fname='C:\\Windows\\Fonts\\supef___.ttf', index=0, name='SuperFrench', style='normal', variant='normal', weight=400, stretch='normal', size='scalable')) = 10.05
2026-08-06 11:47:27,879 - DEBUG - findfont: score(FontEntry(fname='C:\\Windows\\Fonts\\LiberationSans-Italic.ttf', index=0, name='Liberation Sans', style='italic', variant='normal', weight=400, stretch='normal', size='scalable')) = 11.05
2026-08-06 11:47:27,879 - DEBUG - findfont: score(FontEntry(fname='C:\\Windows\\Fonts\\romab___.ttf', index=0, name='Romantic', style='normal', variant='normal', weight=700, stretch='normal', size='scalable')) = 10.335
2026-08-06 11:47:27,879 - DEBUG - findfont: score(FontEntry(fname='C:\\Windows\\Fonts\\FRADMIT.TTF', index=0, name='Franklin Gothic Demi', style='italic', variant='normal', weight=400, stretch='normal', size='scalable')) = 11.05
2026-08-06 11:47:27,879 - DEBUG - findfont: score(FontEntry(fname='C:\\Windows\\Fonts\\SCHLBKBI.TTF', index=0, name='Century Schoolbook', style='italic', variant='normal', weight=700, stretch='normal', size='scalable')) = 11.335
2026-08-06 11:47:27,879 - DEBUG - findfont: score(FontEntry(fname='C:\\Windows\\Fonts\\PRISTINA.TTF', index=0, name='Pristina', style='normal', variant='normal', weight=400, stretch='normal', size='scalable')) = 10.05
2026-08-06 11:47:27,880 - DEBUG - findfont: score(FontEntry(fname='C:\\Windows\\Fonts\\POORICH.TTF', index=0, name='Poor Richard', style='normal', variant='normal', weight=400, stretch='normal', size='scalable')) = 10.05
2026-08-06 11:47:27,880 - DEBUG - findfont: score(FontEntry(fname='C:\\Windows\\Fonts\\isocpeui.ttf', index=0, name='ISOCPEUR', style='italic', variant='normal', weight=400, stretch='normal', size='scalable')) = 11.05
2026-08-06 11:47:27,880 - DEBUG - findfont: score(FontEntry(fname='C:\\Windows\\Fonts\\PALSCRI.TTF', index=0, name='Palace Script MT', style='normal', variant='normal', weight=400, stretch='normal', size='scalable')) = 10.05
2026-08-06 11:47:27,880 - DEBUG - findfont: score(FontEntry(fname='C:\\Windows\\Fonts\\calibril.ttf', index=0, name='Calibri', style='normal', variant='normal', weight=300, stretch='normal', size='scalable')) = 10.145
2026-08-06 11:47:27,880 - DEBUG - findfont: score(FontEntry(fname='C:\\Windows\\Fonts\\calibril.ttf', index=0, name='Calibri Light', style='normal', variant='normal', weight=400, stretch='normal', size='scalable')) = 10.05
2026-08-06 11:47:27,880 - DEBUG - findfont: score(FontEntry(fname='C:\\Windows\\Fonts\\MTCORSVA.TTF', index=0, name='Monotype Corsiva', style='normal', variant='normal', weight=400, stretch='normal', size='scalable')) = 10.05
2026-08-06 11:47:27,880 - DEBUG - findfont: score(FontEntry(fname='C:\\Windows\\Fonts\\VIVALDII.TTF', index=0, name='Vivaldi', style='italic', variant='normal', weight=400, stretch='normal', size='scalable')) = 11.05
2026-08-06 11:47:27,880 - DEBUG - findfont: score(FontEntry(fname='C:\\Windows\\Fonts\\comsc.ttf', index=0, name='CommercialScript BT', style='normal', variant='normal', weight=400, stretch='normal', size='scalable')) = 10.05
2026-08-06 11:47:27,880 - DEBUG - findfont: score(FontEntry(fname='C:\\Windows\\Fonts\\comsc.ttf', index=0, name='CommercialScript', style='normal', variant='normal', weight=400, stretch='normal', size='scalable')) = 10.05
2026-08-06 11:47:27,880 - DEBUG - findfont: score(FontEntry(fname='C:\\Windows\\Fonts\\LiberationSans-BoldItalic.ttf', index=0, name='Liberation Sans', style='italic', variant='normal', weight=700, stretch='normal', size='scalable')) = 11.335
2026-08-06 11:47:27,880 - DEBUG - findfont: score(FontEntry(fname='C:\\Windows\\Fonts\\GILC____.TTF', index=0, name='Gill Sans MT Condensed', style='normal', variant='normal', weight=400, stretch='condensed', size='scalable')) = 10.25
2026-08-06 11:47:27,880 - DEBUG - findfont: score(FontEntry(fname='C:\\Windows\\Fonts\\BOD_PSTC.TTF', index=0, name='Bodoni MT', style='normal', variant='normal', weight=300, stretch='normal', size='scalable')) = 10.145
2026-08-06 11:47:27,880 - DEBUG - findfont: score(FontEntry(fname='C:\\Windows\\Fonts\\BOD_PSTC.TTF', index=0, name='Bodoni MT Poster Compressed', style='normal', variant='normal', weight=400, stretch='normal', size='scalable')) = 10.05
2026-08-06 11:47:27,880 - DEBUG - findfont: score(FontEntry(fname='C:\\Windows\\Fonts\\seguisb.ttf', index=0, name='Segoe UI', style='normal', variant='normal', weight=600, stretch='normal', size='scalable')) = 10.24
2026-08-06 11:47:27,880 - DEBUG - findfont: score(FontEntry(fname='C:\\Windows\\Fonts\\seguisb.ttf', index=0, name='Segoe UI Semibold', style='normal', variant='normal', weight=400, stretch='normal', size='scalable')) = 10.05
2026-08-06 11:47:27,880 - DEBUG - findfont: score(FontEntry(fname='C:\\Windows\\Fonts\\segoescb.ttf', index=0, name='Segoe Script', style='normal', variant='normal', weight=700, stretch='normal', size='scalable')) = 10.335
2026-08-06 11:47:27,880 - DEBUG - findfont: score(FontEntry(fname='C:\\Windows\\Fonts\\ebrima.ttf', index=0, name='Ebrima', style='normal', variant='normal', weight=400, stretch='normal', size='scalable')) = 10.05
2026-08-06 11:47:27,880 - DEBUG - findfont: score(FontEntry(fname='C:\\Windows\\Fonts\\GIGI.TTF', index=0, name='Gigi', style='normal', variant='normal', weight=400, stretch='normal', size='scalable')) = 10.05
2026-08-06 11:47:27,881 - DEBUG - findfont: score(FontEntry(fname='C:\\Windows\\Fonts\\BOD_CB.TTF', index=0, name='Bodoni MT', style='normal', variant='normal', weight=700, stretch='condensed', size='scalable')) = 10.535
2026-08-06 11:47:27,881 - DEBUG - findfont: score(FontEntry(fname='C:\\Windows\\Fonts\\BOD_CB.TTF', index=0, name='Bodoni MT Condensed', style='normal', variant='normal', weight=700, stretch='condensed', size='scalable')) = 10.535
2026-08-06 11:47:27,881 - DEBUG - findfont: score(FontEntry(fname='C:\\Windows\\Fonts\\gadugib.ttf', index=0, name='Gadugi', style='normal', variant='normal', weight=700, stretch='normal', size='scalable')) = 10.335
2026-08-06 11:47:27,881 - DEBUG - findfont: score(FontEntry(fname='C:\\Windows\\Fonts\\ROCKEB.TTF', index=0, name='Rockwell Extra Bold', style='normal', variant='normal', weight=800, stretch='normal', size='scalable')) = 10.43
2026-08-06 11:47:27,881 - DEBUG - findfont: score(FontEntry(fname='C:\\Windows\\Fonts\\FREESCPT.TTF', index=0, name='Freestyle Script', style='normal', variant='normal', weight=400, stretch='normal', size='scalable')) = 10.05
2026-08-06 11:47:27,881 - DEBUG - findfont: score(FontEntry(fname='C:\\Windows\\Fonts\\LTYPEO.TTF', index=0, name='Lucida Sans Typewriter', style='oblique', variant='normal', weight=400, stretch='normal', size='scalable')) = 11.05
2026-08-06 11:47:27,881 - DEBUG - findfont: score(FontEntry(fname='C:\\Windows\\Fonts\\taileb.ttf', index=0, name='Microsoft Tai Le', style='normal', variant='normal', weight=700, stretch='normal', size='scalable')) = 10.335
2026-08-06 11:47:27,882 - DEBUG - findfont: score(FontEntry(fname='C:\\Windows\\Fonts\\cityb___.ttf', index=0, name='CityBlueprint', style='normal', variant='normal', weight=400, stretch='normal', size='scalable')) = 10.05
2026-08-06 11:47:27,882 - DEBUG - findfont: score(FontEntry(fname='C:\\Windows\\Fonts\\consolaz.ttf', index=0, name='Consolas', style='italic', variant='normal', weight=700, stretch='normal', size='scalable')) = 11.335
2026-08-06 11:47:27,882 - DEBUG - findfont: score(FontEntry(fname='C:\\Windows\\Fonts\\GIL_____.TTF', index=0, name='Gill Sans MT', style='normal', variant='normal', weight=400, stretch='normal', size='scalable')) = 10.05
2026-08-06 11:47:27,882 - DEBUG - findfont: score(FontEntry(fname='C:\\Windows\\Fonts\\trebucbi.ttf', index=0, name='Trebuchet MS', style='italic', variant='normal', weight=700, stretch='normal', size='scalable')) = 11.335
2026-08-06 11:47:27,882 - DEBUG - findfont: score(FontEntry(fname='C:\\Windows\\Fonts\\LFAXD.TTF', index=0, name='Lucida Fax', style='normal', variant='normal', weight=600, stretch='normal', size='scalable')) = 10.24
2026-08-06 11:47:27,882 - DEBUG - findfont: score(FontEntry(fname='C:\\Windows\\Fonts\\DUBAI-MEDIUM.TTF', index=0, name='Dubai', style='normal', variant='normal', weight=500, stretch='normal', size='scalable')) = 10.145
2026-08-06 11:47:27,882 - DEBUG - findfont: score(FontEntry(fname='C:\\Windows\\Fonts\\DUBAI-MEDIUM.TTF', index=0, name='Dubai Medium', style='normal', variant='normal', weight=400, stretch='normal', size='scalable')) = 10.05
2026-08-06 11:47:27,882 - DEBUG - findfont: score(FontEntry(fname='C:\\Windows\\Fonts\\BOD_CI.TTF', index=0, name='Bodoni MT', style='italic', variant='normal', weight=400, stretch='condensed', size='scalable')) = 11.25
2026-08-06 11:47:27,883 - DEBUG - findfont: score(FontEntry(fname='C:\\Windows\\Fonts\\BOD_CI.TTF', index=0, name='Bodoni MT Condensed', style='italic', variant='normal', weight=400, stretch='condensed', size='scalable')) = 11.25
2026-08-06 11:47:27,883 - DEBUG - findfont: score(FontEntry(fname='C:\\Windows\\Fonts\\tahoma.ttf', index=0, name='Tahoma', style='normal', variant='normal', weight=400, stretch='normal', size='scalable')) = 10.05
2026-08-06 11:47:27,883 - DEBUG - findfont: score(FontEntry(fname='C:\\Windows\\Fonts\\CALIFR.TTF', index=0, name='Californian FB', style='normal', variant='normal', weight=400, stretch='normal', size='scalable')) = 10.05
2026-08-06 11:47:27,883 - DEBUG - findfont: score(FontEntry(fname='C:\\Windows\\Fonts\\Gabriola.ttf', index=0, name='Gabriola', style='normal', variant='normal', weight=400, stretch='normal', size='scalable')) = 10.05
2026-08-06 11:47:27,883 - DEBUG - findfont: score(FontEntry(fname='C:\\Windows\\Fonts\\BOD_I.TTF', index=0, name='Bodoni MT', style='italic', variant='normal', weight=400, stretch='normal', size='scalable')) = 11.05
2026-08-06 11:47:27,883 - DEBUG - findfont: score(FontEntry(fname='C:\\Windows\\Fonts\\corbell.ttf', index=0, name='Corbel', style='normal', variant='normal', weight=300, stretch='normal', size='scalable')) = 10.145
2026-08-06 11:47:27,883 - DEBUG - findfont: score(FontEntry(fname='C:\\Windows\\Fonts\\corbell.ttf', index=0, name='Corbel Light', style='normal', variant='normal', weight=400, stretch='normal', size='scalable')) = 10.05
2026-08-06 11:47:27,883 - DEBUG - findfont: score(FontEntry(fname='C:\\Windows\\Fonts\\segoeprb.ttf', index=0, name='Segoe Print', style='normal', variant='normal', weight=700, stretch='normal', size='scalable')) = 10.335
2026-08-06 11:47:27,883 - DEBUG - findfont: score(FontEntry(fname='C:\\Windows\\Fonts\\ITCEDSCR.TTF', index=0, name='Edwardian Script ITC', style='normal', variant='normal', weight=400, stretch='normal', size='scalable')) = 10.05
2026-08-06 11:47:27,883 - DEBUG - findfont: score(FontEntry(fname='C:\\Windows\\Fonts\\Artifakt Element Medium Italic.ttf', index=0, name='Artifakt Element', style='italic', variant='normal', weight=600, stretch='normal', size='scalable')) = 11.24
2026-08-06 11:47:27,883 - DEBUG - findfont: score(FontEntry(fname='C:\\Windows\\Fonts\\Artifakt Element Medium Italic.ttf', index=0, name='Artifakt Element Medium', style='italic', variant='normal', weight=400, stretch='normal', size='scalable')) = 11.05
2026-08-06 11:47:27,883 - DEBUG - findfont: score(FontEntry(fname='C:\\Windows\\Fonts\\FORTE.TTF', index=0, name='Forte', style='normal', variant='normal', weight=400, stretch='normal', size='scalable')) = 10.05
2026-08-06 11:47:27,883 - DEBUG - findfont: score(FontEntry(fname='C:\\Windows\\Fonts\\FRABK.TTF', index=0, name='Franklin Gothic Book', style='normal', variant='normal', weight=400, stretch='normal', size='scalable')) = 10.05
2026-08-06 11:47:27,884 - DEBUG - findfont: score(FontEntry(fname='C:\\Windows\\Fonts\\FRADMCN.TTF', index=0, name='Franklin Gothic Demi Cond', style='normal', variant='normal', weight=400, stretch='condensed', size='scalable')) = 10.25
2026-08-06 11:47:27,884 - DEBUG - findfont: score(FontEntry(fname='C:\\Windows\\Fonts\\courbd.ttf', index=0, name='Courier New', style='normal', variant='normal', weight=700, stretch='normal', size='scalable')) = 10.335
2026-08-06 11:47:27,884 - DEBUG - findfont: score(FontEntry(fname='C:\\Windows\\Fonts\\HTOWERTI.TTF', index=0, name='High Tower Text', style='italic', variant='normal', weight=400, stretch='normal', size='scalable')) = 11.05
2026-08-06 11:47:27,884 - DEBUG - findfont: score(FontEntry(fname='C:\\Windows\\Fonts\\monosi.ttf', index=0, name='Monospac821 BT', style='italic', variant='normal', weight=400, stretch='normal', size='scalable')) = 11.05
2026-08-06 11:47:27,884 - DEBUG - findfont: score(FontEntry(fname='C:\\Windows\\Fonts\\gadugi.ttf', index=0, name='Gadugi', style='normal', variant='normal', weight=400, stretch='normal', size='scalable')) = 10.05
2026-08-06 11:47:27,884 - DEBUG - findfont: score(FontEntry(fname='C:\\Windows\\Fonts\\BERNHC.TTF', index=0, name='Bernard MT Condensed', style='normal', variant='normal', weight=400, stretch='condensed', size='scalable')) = 10.25
2026-08-06 11:47:27,884 - DEBUG - findfont: score(FontEntry(fname='C:\\Windows\\Fonts\\RAVIE.TTF', index=0, name='Ravie', style='normal', variant='normal', weight=400, stretch='normal', size='scalable')) = 10.05
2026-08-06 11:47:27,884 - DEBUG - findfont: score(FontEntry(fname='C:\\Windows\\Fonts\\constanb.ttf', index=0, name='Constantia', style='normal', variant='normal', weight=700, stretch='normal', size='scalable')) = 10.335
2026-08-06 11:47:27,884 - DEBUG - findfont: score(FontEntry(fname='C:\\Windows\\Fonts\\Artifakt Element Light Italic.ttf', index=0, name='Artifakt Element', style='italic', variant='normal', weight=300, stretch='normal', size='scalable')) = 11.145
2026-08-06 11:47:27,884 - DEBUG - findfont: score(FontEntry(fname='C:\\Windows\\Fonts\\Artifakt Element Light Italic.ttf', index=0, name='Artifakt Element Light', style='italic', variant='normal', weight=400, stretch='normal', size='scalable')) = 11.05
2026-08-06 11:47:27,884 - DEBUG - findfont: score(FontEntry(fname='C:\\Windows\\Fonts\\lucon.ttf', index=0, name='Lucida Console', style='normal', variant='normal', weight=400, stretch='normal', size='scalable')) = 10.05
2026-08-06 11:47:27,884 - DEBUG - findfont: score(FontEntry(fname='C:\\Windows\\Fonts\\FRSCRIPT.TTF', index=0, name='French Script MT', style='normal', variant='normal', weight=400, stretch='normal', size='scalable')) = 10.05
2026-08-06 11:47:27,884 - DEBUG - findfont: score(FontEntry(fname='C:\\Windows\\Fonts\\BELL.TTF', index=0, name='Bell MT', style='normal', variant='normal', weight=400, stretch='normal', size='scalable')) = 10.05
2026-08-06 11:47:27,884 - DEBUG - findfont: score(FontEntry(fname='C:\\Windows\\Fonts\\NIAGENG.TTF', index=0, name='Niagara Engraved', style='normal', variant='normal', weight=400, stretch='normal', size='scalable')) = 10.05
2026-08-06 11:47:27,884 - DEBUG - findfont: score(FontEntry(fname='C:\\Windows\\Fonts\\GILLUBCD.TTF', index=0, name='Gill Sans Ultra Bold Condensed', style='normal', variant='normal', weight=400, stretch='condensed', size='scalable')) = 10.25
2026-08-06 11:47:27,884 - DEBUG - findfont: score(FontEntry(fname='C:\\Windows\\Fonts\\OLDENGL.TTF', index=0, name='Old English Text MT', style='normal', variant='normal', weight=400, stretch='normal', size='scalable')) = 10.05
2026-08-06 11:47:27,884 - DEBUG - findfont: score(FontEntry(fname='C:\\Windows\\Fonts\\JOKERMAN.TTF', index=0, name='Jokerman', style='normal', variant='normal', weight=400, stretch='normal', size='scalable')) = 10.05
2026-08-06 11:47:27,884 - DEBUG - findfont: score(FontEntry(fname='C:\\Windows\\Fonts\\georgiai.ttf', index=0, name='Georgia', style='italic', variant='normal', weight=400, stretch='normal', size='scalable')) = 11.05
2026-08-06 11:47:27,885 - DEBUG - findfont: score(FontEntry(fname='C:\\Windows\\Fonts\\PERB____.TTF', index=0, name='Perpetua', style='normal', variant='normal', weight=700, stretch='normal', size='scalable')) = 10.335
2026-08-06 11:47:27,885 - DEBUG - findfont: score(FontEntry(fname='C:\\Windows\\Fonts\\LSANSDI.TTF', index=0, name='Lucida Sans', style='italic', variant='normal', weight=600, stretch='normal', size='scalable')) = 11.24
2026-08-06 11:47:27,885 - DEBUG - findfont: score(FontEntry(fname='C:\\Windows\\Fonts\\FRAHV.TTF', index=0, name='Franklin Gothic Heavy', style='normal', variant='normal', weight=400, stretch='normal', size='scalable')) = 10.05
2026-08-06 11:47:27,885 - DEBUG - findfont: score(FontEntry(fname='C:\\Windows\\Fonts\\LeelawUI.ttf', index=0, name='Leelawadee UI', style='normal', variant='normal', weight=400, stretch='normal', size='scalable')) = 10.05
2026-08-06 11:47:27,885 - DEBUG - findfont: score(FontEntry(fname='C:\\Windows\\Fonts\\SitkaVF-Italic.ttf', index=0, name='Sitka', style='italic', variant='normal', weight=400, stretch='normal', size='scalable')) = 11.05
2026-08-06 11:47:27,885 - DEBUG - findfont: score(FontEntry(fname='C:\\Windows\\Fonts\\SitkaVF-Italic.ttf', index=0, name='Sitka Text', style='italic', variant='normal', weight=400, stretch='normal', size='scalable')) = 11.05
2026-08-06 11:47:27,885 - DEBUG - findfont: score(FontEntry(fname='C:\\Windows\\Fonts\\PERTILI.TTF', index=0, name='Perpetua Titling MT', style='normal', variant='normal', weight=300, stretch='normal', size='scalable')) = 10.145
2026-08-06 11:47:27,886 - DEBUG - findfont: score(FontEntry(fname='C:\\Windows\\Fonts\\msjh.ttc', index=0, name='Microsoft JhengHei', style='normal', variant='normal', weight=400, stretch='normal', size='scalable')) = 10.05
2026-08-06 11:47:27,886 - DEBUG - findfont: score(FontEntry(fname='C:\\Windows\\Fonts\\msjh.ttc', index=1, name='Microsoft JhengHei UI', style='normal', variant='normal', weight=400, stretch='normal', size='scalable')) = 10.05
2026-08-06 11:47:27,886 - DEBUG - findfont: score(FontEntry(fname='C:\\Windows\\Fonts\\isocp2__.ttf', index=0, name='ISOCP2', style='normal', variant='normal', weight=400, stretch='normal', size='scalable')) = 10.05
2026-08-06 11:47:27,886 - DEBUG - findfont: score(FontEntry(fname='C:\\Windows\\Fonts\\swisseb.ttf', index=0, name='Swis721 Ex BT', style='normal', variant='normal', weight=700, stretch='expanded', size='scalable')) = 10.535
2026-08-06 11:47:27,886 - DEBUG - findfont: score(FontEntry(fname='C:\\Windows\\Fonts\\NIAGSOL.TTF', index=0, name='Niagara Solid', style='normal', variant='normal', weight=400, stretch='normal', size='scalable')) = 10.05
2026-08-06 11:47:27,886 - DEBUG - findfont: score(FontEntry(fname='C:\\Windows\\Fonts\\Artifakt Element Medium.ttf', index=0, name='Artifakt Element', style='normal', variant='normal', weight=600, stretch='normal', size='scalable')) = 10.24
2026-08-06 11:47:27,886 - DEBUG - findfont: score(FontEntry(fname='C:\\Windows\\Fonts\\Artifakt Element Medium.ttf', index=0, name='Artifakt Element Medium', style='normal', variant='normal', weight=400, stretch='normal', size='scalable')) = 10.05
2026-08-06 11:47:27,886 - DEBUG - findfont: score(FontEntry(fname='C:\\Windows\\Fonts\\l_10646.ttf', index=0, name='Lucida Sans Unicode', style='normal', variant='normal', weight=400, stretch='normal', size='scalable')) = 10.05
2026-08-06 11:47:27,886 - DEBUG - findfont: score(FontEntry(fname='C:\\Windows\\Fonts\\IMPRISHA.TTF', index=0, name='Imprint MT Shadow', style='normal', variant='normal', weight=400, stretch='normal', size='scalable')) = 10.05
2026-08-06 11:47:27,886 - DEBUG - findfont: score(FontEntry(fname='C:\\Windows\\Fonts\\segoeuii.ttf', index=0, name='Segoe UI', style='italic', variant='normal', weight=400, stretch='normal', size='scalable')) = 11.05
2026-08-06 11:47:27,887 - DEBUG - findfont: score(FontEntry(fname='C:\\Windows\\Fonts\\georgiab.ttf', index=0, name='Georgia', style='normal', variant='normal', weight=700, stretch='normal', size='scalable')) = 10.335
2026-08-06 11:47:27,887 - DEBUG - findfont: score(FontEntry(fname='C:\\Windows\\Fonts\\COPRGTB.TTF', index=0, name='Copperplate Gothic Bold', style='normal', variant='normal', weight=400, stretch='normal', size='scalable')) = 10.05
2026-08-06 11:47:27,887 - DEBUG - findfont: score(FontEntry(fname='C:\\Windows\\Fonts\\corbeli.ttf', index=0, name='Corbel', style='italic', variant='normal', weight=400, stretch='normal', size='scalable')) = 11.05
2026-08-06 11:47:27,887 - DEBUG - findfont: score(FontEntry(fname='C:\\Windows\\Fonts\\panroman.ttf', index=0, name='PanRoman', style='normal', variant='normal', weight=400, stretch='normal', size='scalable')) = 10.05
2026-08-06 11:47:27,887 - DEBUG - findfont: score(FontEntry(fname='C:\\Windows\\Fonts\\Artifakt Element Bold Italic.ttf', index=0, name='Artifakt Element', style='italic', variant='normal', weight=700, stretch='normal', size='scalable')) = 11.335
2026-08-06 11:47:27,887 - DEBUG - findfont: score(FontEntry(fname='C:\\Windows\\Fonts\\BOOKOSI.TTF', index=0, name='Bookman Old Style', style='italic', variant='normal', weight=300, stretch='normal', size='scalable')) = 11.145
2026-08-06 11:47:27,887 - DEBUG - findfont: score(FontEntry(fname='C:\\Windows\\Fonts\\CENSCBK.TTF', index=0, name='Century Schoolbook', style='normal', variant='normal', weight=400, stretch='normal', size='scalable')) = 10.05
2026-08-06 11:47:27,887 - DEBUG - findfont: score(FontEntry(fname='C:\\Windows\\Fonts\\TCB_____.TTF', index=0, name='Tw Cen MT', style='normal', variant='normal', weight=700, stretch='normal', size='scalable')) = 10.335
2026-08-06 11:47:27,887 - DEBUG - findfont: score(FontEntry(fname='C:\\Windows\\Fonts\\bgothm.ttf', index=0, name='BankGothic Md BT', style='normal', variant='normal', weight=400, stretch='normal', size='scalable')) = 10.05
2026-08-06 11:47:27,887 - DEBUG - findfont: score(FontEntry(fname='C:\\Windows\\Fonts\\BRITANIC.TTF', index=0, name='Britannic Bold', style='normal', variant='normal', weight=400, stretch='normal', size='scalable')) = 10.05
2026-08-06 11:47:27,887 - DEBUG - findfont: score(FontEntry(fname='C:\\Windows\\Fonts\\timesbd.ttf', index=0, name='Times New Roman', style='normal', variant='normal', weight=700, stretch='normal', size='scalable')) = 10.335
2026-08-06 11:47:27,887 - DEBUG - findfont: score(FontEntry(fname='C:\\Windows\\Fonts\\swissel.ttf', index=0, name='Swis721 LtEx BT', style='normal', variant='normal', weight=400, stretch='expanded', size='scalable')) = 10.25
2026-08-06 11:47:27,887 - DEBUG - findfont: score(FontEntry(fname='C:\\Windows\\Fonts\\LBRITEDI.TTF', index=0, name='Lucida Bright', style='italic', variant='normal', weight=600, stretch='normal', size='scalable')) = 11.24
2026-08-06 11:47:27,888 - DEBUG - findfont: score(FontEntry(fname='C:\\Windows\\Fonts\\scripts_.ttf', index=0, name='ScriptS', style='normal', variant='normal', weight=400, stretch='normal', size='scalable')) = 10.05
2026-08-06 11:47:27,888 - DEBUG - findfont: score(FontEntry(fname='C:\\Windows\\Fonts\\SCHLBKB.TTF', index=0, name='Century Schoolbook', style='normal', variant='normal', weight=700, stretch='normal', size='scalable')) = 10.335
2026-08-06 11:47:27,888 - DEBUG - findfont: score(FontEntry(fname='C:\\Windows\\Fonts\\CASTELAR.TTF', index=0, name='Castellar', style='normal', variant='normal', weight=400, stretch='normal', size='scalable')) = 10.05
2026-08-06 11:47:27,888 - DEBUG - findfont: score(FontEntry(fname='C:\\Windows\\Fonts\\calibrili.ttf', index=0, name='Calibri', style='italic', variant='normal', weight=300, stretch='normal', size='scalable')) = 11.145
2026-08-06 11:47:27,888 - DEBUG - findfont: score(FontEntry(fname='C:\\Windows\\Fonts\\calibrili.ttf', index=0, name='Calibri Light', style='italic', variant='normal', weight=400, stretch='normal', size='scalable')) = 11.05
2026-08-06 11:47:27,888 - DEBUG - findfont: Matching sans\-serif:style=normal:variant=normal:weight=normal:stretch=normal:size=12.0 to DejaVu Sans ('D:\\Projects\\TreeAIBox\\.venv\\Lib\\site-packages\\matplotlib\\mpl-data\\fonts\\ttf\\DejaVuSans.ttf') with score of 0.050000.
2026-08-06 11:47:27,917 - DEBUG - findfont: Matching sans\-serif:style=normal:variant=normal:weight=normal:stretch=normal:size=8.33.
2026-08-06 11:47:27,917 - DEBUG - findfont: score(FontEntry(fname='D:\\Projects\\TreeAIBox\\.venv\\Lib\\site-packages\\matplotlib\\mpl-data\\fonts\\ttf\\DejaVuSans-Oblique.ttf', index=0, name='DejaVu Sans', style='oblique', variant='normal', weight=400, stretch='normal', size='scalable')) = 1.05
2026-08-06 11:47:27,917 - DEBUG - findfont: score(FontEntry(fname='D:\\Projects\\TreeAIBox\\.venv\\Lib\\site-packages\\matplotlib\\mpl-data\\fonts\\ttf\\DejaVuSans-BoldOblique.ttf', index=0, name='DejaVu Sans', style='oblique', variant='normal', weight=700, stretch='normal', size='scalable')) = 1.335
2026-08-06 11:47:27,917 - DEBUG - findfont: score(FontEntry(fname='D:\\Projects\\TreeAIBox\\.venv\\Lib\\site-packages\\matplotlib\\mpl-data\\fonts\\ttf\\STIXNonUniIta.ttf', index=0, name='STIXNonUnicode', style='italic', variant='normal', weight=400, stretch='normal', size='scalable')) = 11.05
2026-08-06 11:47:27,917 - DEBUG - findfont: score(FontEntry(fname='D:\\Projects\\TreeAIBox\\.venv\\Lib\\site-packages\\matplotlib\\mpl-data\\fonts\\ttf\\STIXGeneralItalic.ttf', index=0, name='STIXGeneral', style='italic', variant='normal', weight=400, stretch='normal', size='scalable')) = 11.05
2026-08-06 11:47:27,918 - DEBUG - findfont: score(FontEntry(fname='D:\\Projects\\TreeAIBox\\.venv\\Lib\\site-packages\\matplotlib\\mpl-data\\fonts\\ttf\\DejaVuSansMono-Bold.ttf', index=0, name='DejaVu Sans Mono', style='normal', variant='normal', weight=700, stretch='normal', size='scalable')) = 10.335
2026-08-06 11:47:27,918 - DEBUG - findfont: score(FontEntry(fname='D:\\Projects\\TreeAIBox\\.venv\\Lib\\site-packages\\matplotlib\\mpl-data\\fonts\\ttf\\STIXGeneral.ttf', index=0, name='STIXGeneral', style='normal', variant='normal', weight=400, stretch='normal', size='scalable')) = 10.05
2026-08-06 11:47:27,918 - DEBUG - findfont: score(FontEntry(fname='D:\\Projects\\TreeAIBox\\.venv\\Lib\\site-packages\\matplotlib\\mpl-data\\fonts\\ttf\\cmb10.ttf', index=0, name='cmb10', style='normal', variant='normal', weight=400, stretch='normal', size='scalable')) = 10.05
2026-08-06 11:47:27,918 - DEBUG - findfont: score(FontEntry(fname='D:\\Projects\\TreeAIBox\\.venv\\Lib\\site-packages\\matplotlib\\mpl-data\\fonts\\ttf\\cmmi10.ttf', index=0, name='cmmi10', style='normal', variant='normal', weight=400, stretch='normal', size='scalable')) = 10.05
2026-08-06 11:47:27,918 - DEBUG - findfont: score(FontEntry(fname='D:\\Projects\\TreeAIBox\\.venv\\Lib\\site-packages\\matplotlib\\mpl-data\\fonts\\ttf\\DejaVuSansMono-BoldOblique.ttf', index=0, name='DejaVu Sans Mono', style='oblique', variant='normal', weight=700, stretch='normal', size='scalable')) = 11.335
2026-08-06 11:47:27,918 - DEBUG - findfont: score(FontEntry(fname='D:\\Projects\\TreeAIBox\\.venv\\Lib\\site-packages\\matplotlib\\mpl-data\\fonts\\ttf\\DejaVuSerif.ttf', index=0, name='DejaVu Serif', style='normal', variant='normal', weight=400, stretch='normal', size='scalable')) = 10.05
2026-08-06 11:47:27,918 - DEBUG - findfont: score(FontEntry(fname='D:\\Projects\\TreeAIBox\\.venv\\Lib\\site-packages\\matplotlib\\mpl-data\\fonts\\ttf\\DejaVuSansMono-Oblique.ttf', index=0, name='DejaVu Sans Mono', style='oblique', variant='normal', weight=400, stretch='normal', size='scalable')) = 11.05
2026-08-06 11:47:27,918 - DEBUG - findfont: score(FontEntry(fname='D:\\Projects\\TreeAIBox\\.venv\\Lib\\site-packages\\matplotlib\\mpl-data\\fonts\\ttf\\cmex10.ttf', index=0, name='cmex10', style='normal', variant='normal', weight=400, stretch='normal', size='scalable')) = 10.05
2026-08-06 11:47:27,918 - DEBUG - findfont: score(FontEntry(fname='D:\\Projects\\TreeAIBox\\.venv\\Lib\\site-packages\\matplotlib\\mpl-data\\fonts\\ttf\\STIXSizOneSymBol.ttf', index=0, name='STIXSizeOneSym', style='normal', variant='normal', weight=700, stretch='normal', size='scalable')) = 10.335
2026-08-06 11:47:27,918 - DEBUG - findfont: score(FontEntry(fname='D:\\Projects\\TreeAIBox\\.venv\\Lib\\site-packages\\matplotlib\\mpl-data\\fonts\\ttf\\STIXNonUniBol.ttf', index=0, name='STIXNonUnicode', style='normal', variant='normal', weight=700, stretch='normal', size='scalable')) = 10.335
2026-08-06 11:47:27,918 - DEBUG - findfont: score(FontEntry(fname='D:\\Projects\\TreeAIBox\\.venv\\Lib\\site-packages\\matplotlib\\mpl-data\\fonts\\ttf\\STIXGeneralBol.ttf', index=0, name='STIXGeneral', style='normal', variant='normal', weight=700, stretch='normal', size='scalable')) = 10.335
2026-08-06 11:47:27,918 - DEBUG - findfont: score(FontEntry(fname='D:\\Projects\\TreeAIBox\\.venv\\Lib\\site-packages\\matplotlib\\mpl-data\\fonts\\ttf\\DejaVuSans.ttf', index=0, name='DejaVu Sans', style='normal', variant='normal', weight=400, stretch='normal', size='scalable')) = 0.05
2026-08-06 11:47:27,918 - DEBUG - findfont: score(FontEntry(fname='D:\\Projects\\TreeAIBox\\.venv\\Lib\\site-packages\\matplotlib\\mpl-data\\fonts\\ttf\\STIXNonUni.ttf', index=0, name='STIXNonUnicode', style='normal', variant='normal', weight=400, stretch='normal', size='scalable')) = 10.05
2026-08-06 11:47:27,918 - DEBUG - findfont: score(FontEntry(fname='D:\\Projects\\TreeAIBox\\.venv\\Lib\\site-packages\\matplotlib\\mpl-data\\fonts\\ttf\\STIXSizFourSymBol.ttf', index=0, name='STIXSizeFourSym', style='normal', variant='normal', weight=700, stretch='normal', size='scalable')) = 10.335
2026-08-06 11:47:27,918 - DEBUG - findfont: score(FontEntry(fname='D:\\Projects\\TreeAIBox\\.venv\\Lib\\site-packages\\matplotlib\\mpl-data\\fonts\\ttf\\cmr10.ttf', index=0, name='cmr10', style='normal', variant='normal', weight=400, stretch='normal', size='scalable')) = 10.05
2026-08-06 11:47:27,918 - DEBUG - findfont: score(FontEntry(fname='D:\\Projects\\TreeAIBox\\.venv\\Lib\\site-packages\\matplotlib\\mpl-data\\fonts\\ttf\\STIXSizFiveSymReg.ttf', index=0, name='STIXSizeFiveSym', style='normal', variant='normal', weight=400, stretch='normal', size='scalable')) = 10.05
2026-08-06 11:47:27,918 - DEBUG - findfont: score(FontEntry(fname='D:\\Projects\\TreeAIBox\\.venv\\Lib\\site-packages\\matplotlib\\mpl-data\\fonts\\ttf\\cmti10.ttf', index=0, name='cmti10', style='normal', variant='normal', weight=400, stretch='normal', size='scalable')) = 10.05
2026-08-06 11:47:27,918 - DEBUG - findfont: score(FontEntry(fname='D:\\Projects\\TreeAIBox\\.venv\\Lib\\site-packages\\matplotlib\\mpl-data\\fonts\\ttf\\STIXSizThreeSymBol.ttf', index=0, name='STIXSizeThreeSym', style='normal', variant='normal', weight=700, stretch='normal', size='scalable')) = 10.335
2026-08-06 11:47:27,919 - DEBUG - findfont: score(FontEntry(fname='D:\\Projects\\TreeAIBox\\.venv\\Lib\\site-packages\\matplotlib\\mpl-data\\fonts\\ttf\\cmtt10.ttf', index=0, name='cmtt10', style='normal', variant='normal', weight=400, stretch='normal', size='scalable')) = 10.05
2026-08-06 11:47:27,919 - DEBUG - findfont: score(FontEntry(fname='D:\\Projects\\TreeAIBox\\.venv\\Lib\\site-packages\\matplotlib\\mpl-data\\fonts\\ttf\\STIXSizFourSymReg.ttf', index=0, name='STIXSizeFourSym', style='normal', variant='normal', weight=400, stretch='normal', size='scalable')) = 10.05
2026-08-06 11:47:27,919 - DEBUG - findfont: score(FontEntry(fname='D:\\Projects\\TreeAIBox\\.venv\\Lib\\site-packages\\matplotlib\\mpl-data\\fonts\\ttf\\DejaVuSerif-Italic.ttf', index=0, name='DejaVu Serif', style='italic', variant='normal', weight=400, stretch='normal', size='scalable')) = 11.05
2026-08-06 11:47:27,919 - DEBUG - findfont: score(FontEntry(fname='D:\\Projects\\TreeAIBox\\.venv\\Lib\\site-packages\\matplotlib\\mpl-data\\fonts\\ttf\\cmsy10.ttf', index=0, name='cmsy10', style='normal', variant='normal', weight=400, stretch='normal', size='scalable')) = 10.05
2026-08-06 11:47:27,919 - DEBUG - findfont: score(FontEntry(fname='D:\\Projects\\TreeAIBox\\.venv\\Lib\\site-packages\\matplotlib\\mpl-data\\fonts\\ttf\\DejaVuSerif-BoldItalic.ttf', index=0, name='DejaVu Serif', style='italic', variant='normal', weight=700, stretch='normal', size='scalable')) = 11.335
2026-08-06 11:47:27,919 - DEBUG - findfont: score(FontEntry(fname='D:\\Projects\\TreeAIBox\\.venv\\Lib\\site-packages\\matplotlib\\mpl-data\\fonts\\ttf\\cmss10.ttf', index=0, name='cmss10', style='normal', variant='normal', weight=400, stretch='normal', size='scalable')) = 10.05
2026-08-06 11:47:27,919 - DEBUG - findfont: score(FontEntry(fname='D:\\Projects\\TreeAIBox\\.venv\\Lib\\site-packages\\matplotlib\\mpl-data\\fonts\\ttf\\STIXSizOneSymReg.ttf', index=0, name='STIXSizeOneSym', style='normal', variant='normal', weight=400, stretch='normal', size='scalable')) = 10.05
2026-08-06 11:47:27,919 - DEBUG - findfont: score(FontEntry(fname='D:\\Projects\\TreeAIBox\\.venv\\Lib\\site-packages\\matplotlib\\mpl-data\\fonts\\ttf\\LastResortHE-Regular.ttf', index=0, name='Last Resort High-Efficiency', style='normal', variant='normal', weight=400, stretch='normal', size='scalable')) = 10.05
2026-08-06 11:47:27,919 - DEBUG - findfont: score(FontEntry(fname='D:\\Projects\\TreeAIBox\\.venv\\Lib\\site-packages\\matplotlib\\mpl-data\\fonts\\ttf\\STIXSizTwoSymReg.ttf', index=0, name='STIXSizeTwoSym', style='normal', variant='normal', weight=400, stretch='normal', size='scalable')) = 10.05
2026-08-06 11:47:27,919 - DEBUG - findfont: score(FontEntry(fname='D:\\Projects\\TreeAIBox\\.venv\\Lib\\site-packages\\matplotlib\\mpl-data\\fonts\\ttf\\DejaVuSansDisplay.ttf', index=0, name='DejaVu Sans Display', style='normal', variant='normal', weight=400, stretch='normal', size='scalable')) = 10.05
2026-08-06 11:47:27,919 - DEBUG - findfont: score(FontEntry(fname='D:\\Projects\\TreeAIBox\\.venv\\Lib\\site-packages\\matplotlib\\mpl-data\\fonts\\ttf\\STIXNonUniBolIta.ttf', index=0, name='STIXNonUnicode', style='italic', variant='normal', weight=700, stretch='normal', size='scalable')) = 11.335
2026-08-06 11:47:27,919 - DEBUG - findfont: score(FontEntry(fname='D:\\Projects\\TreeAIBox\\.venv\\Lib\\site-packages\\matplotlib\\mpl-data\\fonts\\ttf\\STIXSizTwoSymBol.ttf', index=0, name='STIXSizeTwoSym', style='normal', variant='normal', weight=700, stretch='normal', size='scalable')) = 10.335
2026-08-06 11:47:27,919 - DEBUG - findfont: score(FontEntry(fname='D:\\Projects\\TreeAIBox\\.venv\\Lib\\site-packages\\matplotlib\\mpl-data\\fonts\\ttf\\DejaVuSansMono.ttf', index=0, name='DejaVu Sans Mono', style='normal', variant='normal', weight=400, stretch='normal', size='scalable')) = 10.05
2026-08-06 11:47:27,919 - DEBUG - findfont: score(FontEntry(fname='D:\\Projects\\TreeAIBox\\.venv\\Lib\\site-packages\\matplotlib\\mpl-data\\fonts\\ttf\\DejaVuSerif-Bold.ttf', index=0, name='DejaVu Serif', style='normal', variant='normal', weight=700, stretch='normal', size='scalable')) = 10.335
2026-08-06 11:47:27,919 - DEBUG - findfont: score(FontEntry(fname='D:\\Projects\\TreeAIBox\\.venv\\Lib\\site-packages\\matplotlib\\mpl-data\\fonts\\ttf\\DejaVuSans-Bold.ttf', index=0, name='DejaVu Sans', style='normal', variant='normal', weight=700, stretch='normal', size='scalable')) = 0.33499999999999996
2026-08-06 11:47:27,919 - DEBUG - findfont: score(FontEntry(fname='D:\\Projects\\TreeAIBox\\.venv\\Lib\\site-packages\\matplotlib\\mpl-data\\fonts\\ttf\\DejaVuSerifDisplay.ttf', index=0, name='DejaVu Serif Display', style='normal', variant='normal', weight=400, stretch='normal', size='scalable')) = 10.05
2026-08-06 11:47:27,919 - DEBUG - findfont: score(FontEntry(fname='D:\\Projects\\TreeAIBox\\.venv\\Lib\\site-packages\\matplotlib\\mpl-data\\fonts\\ttf\\STIXSizThreeSymReg.ttf', index=0, name='STIXSizeThreeSym', style='normal', variant='normal', weight=400, stretch='normal', size='scalable')) = 10.05
2026-08-06 11:47:27,919 - DEBUG - findfont: score(FontEntry(fname='D:\\Projects\\TreeAIBox\\.venv\\Lib\\site-packages\\matplotlib\\mpl-data\\fonts\\ttf\\STIXGeneralBolIta.ttf', index=0, name='STIXGeneral', style='italic', variant='normal', weight=700, stretch='normal', size='scalable')) = 11.335
2026-08-06 11:47:27,920 - DEBUG - findfont: score(FontEntry(fname='C:\\Windows\\Fonts\\TCCB____.TTF', index=0, name='Tw Cen MT Condensed', style='normal', variant='normal', weight=700, stretch='condensed', size='scalable')) = 10.535
2026-08-06 11:47:27,920 - DEBUG - findfont: score(FontEntry(fname='C:\\Windows\\Fonts\\seguibl.ttf', index=0, name='Segoe UI', style='normal', variant='normal', weight=900, stretch='normal', size='scalable')) = 10.525
2026-08-06 11:47:27,920 - DEBUG - findfont: score(FontEntry(fname='C:\\Windows\\Fonts\\seguibl.ttf', index=0, name='Segoe UI Black', style='normal', variant='normal', weight=400, stretch='normal', size='scalable')) = 10.05
2026-08-06 11:47:27,920 - DEBUG - findfont: score(FontEntry(fname='C:\\Windows\\Fonts\\isocpeur.ttf', index=0, name='ISOCPEUR', style='normal', variant='normal', weight=400, stretch='normal', size='scalable')) = 10.05
2026-08-06 11:47:27,920 - DEBUG - findfont: score(FontEntry(fname='C:\\Windows\\Fonts\\LBRITE.TTF', index=0, name='Lucida Bright', style='normal', variant='normal', weight=400, stretch='normal', size='scalable')) = 10.05
2026-08-06 11:47:27,920 - DEBUG - findfont: score(FontEntry(fname='C:\\Windows\\Fonts\\CALIFB.TTF', index=0, name='Californian FB', style='normal', variant='normal', weight=700, stretch='normal', size='scalable')) = 10.335
2026-08-06 11:47:27,920 - DEBUG - findfont: score(FontEntry(fname='C:\\Windows\\Fonts\\Nirmala.ttc', index=0, name='Nirmala UI', style='normal', variant='normal', weight=400, stretch='normal', size='scalable')) = 10.05
2026-08-06 11:47:27,920 - DEBUG - findfont: score(FontEntry(fname='C:\\Windows\\Fonts\\Nirmala.ttc', index=1, name='Nirmala UI', style='normal', variant='normal', weight=700, stretch='normal', size='scalable')) = 10.335
2026-08-06 11:47:27,920 - DEBUG - findfont: score(FontEntry(fname='C:\\Windows\\Fonts\\Nirmala.ttc', index=2, name='Nirmala UI', style='normal', variant='normal', weight=350, stretch='normal', size='scalable')) = 10.0975
2026-08-06 11:47:27,920 - DEBUG - findfont: score(FontEntry(fname='C:\\Windows\\Fonts\\Nirmala.ttc', index=2, name='Nirmala UI Semilight', style='normal', variant='normal', weight=400, stretch='normal', size='scalable')) = 10.05
2026-08-06 11:47:27,920 - DEBUG - findfont: score(FontEntry(fname='C:\\Windows\\Fonts\\Nirmala.ttc', index=3, name='Nirmala Text', style='normal', variant='normal', weight=400, stretch='normal', size='scalable')) = 10.05
2026-08-06 11:47:27,920 - DEBUG - findfont: score(FontEntry(fname='C:\\Windows\\Fonts\\Nirmala.ttc', index=4, name='Nirmala Text', style='normal', variant='normal', weight=700, stretch='normal', size='scalable')) = 10.335
2026-08-06 11:47:27,920 - DEBUG - findfont: score(FontEntry(fname='C:\\Windows\\Fonts\\Nirmala.ttc', index=5, name='Nirmala Text', style='normal', variant='normal', weight=350, stretch='normal', size='scalable')) = 10.0975
2026-08-06 11:47:27,920 - DEBUG - findfont: score(FontEntry(fname='C:\\Windows\\Fonts\\Nirmala.ttc', index=5, name='Nirmala Text Semilight', style='normal', variant='normal', weight=400, stretch='normal', size='scalable')) = 10.05
2026-08-06 11:47:27,920 - DEBUG - findfont: score(FontEntry(fname='C:\\Windows\\Fonts\\HARNGTON.TTF', index=0, name='Harrington', style='normal', variant='normal', weight=400, stretch='normal', size='scalable')) = 10.05
2026-08-06 11:47:27,920 - DEBUG - findfont: score(FontEntry(fname='C:\\Windows\\Fonts\\BRLNSB.TTF', index=0, name='Berlin Sans FB', style='normal', variant='normal', weight=700, stretch='normal', size='scalable')) = 10.335
2026-08-06 11:47:27,920 - DEBUG - findfont: score(FontEntry(fname='C:\\Windows\\Fonts\\romai___.ttf', index=0, name='Romantic', style='italic', variant='normal', weight=400, stretch='normal', size='scalable')) = 11.05
2026-08-06 11:47:27,920 - DEBUG - findfont: score(FontEntry(fname='C:\\Windows\\Fonts\\seguibli.ttf', index=0, name='Segoe UI', style='italic', variant='normal', weight=900, stretch='normal', size='scalable')) = 11.525
2026-08-06 11:47:27,921 - DEBUG - findfont: score(FontEntry(fname='C:\\Windows\\Fonts\\seguibli.ttf', index=0, name='Segoe UI Black', style='italic', variant='normal', weight=400, stretch='normal', size='scalable')) = 11.05
2026-08-06 11:47:27,921 - DEBUG - findfont: score(FontEntry(fname='C:\\Windows\\Fonts\\PERTIBD.TTF', index=0, name='Perpetua Titling MT', style='normal', variant='normal', weight=700, stretch='normal', size='scalable')) = 10.335
2026-08-06 11:47:27,921 - DEBUG - findfont: score(FontEntry(fname='C:\\Windows\\Fonts\\verdanaz.ttf', index=0, name='Verdana', style='italic', variant='normal', weight=700, stretch='normal', size='scalable')) = 4.971363636363637
2026-08-06 11:47:27,921 - DEBUG - findfont: score(FontEntry(fname='C:\\Windows\\Fonts\\simsun.ttc', index=0, name='SimSun', style='normal', variant='normal', weight=400, stretch='normal', size='scalable')) = 10.05
2026-08-06 11:47:27,921 - DEBUG - findfont: score(FontEntry(fname='C:\\Windows\\Fonts\\simsun.ttc', index=1, name='NSimSun', style='normal', variant='normal', weight=400, stretch='normal', size='scalable')) = 10.05
2026-08-06 11:47:27,921 - DEBUG - findfont: score(FontEntry(fname='C:\\Windows\\Fonts\\isocteui.ttf', index=0, name='ISOCTEUR', style='italic', variant='normal', weight=400, stretch='normal', size='scalable')) = 11.05
2026-08-06 11:47:27,921 - DEBUG - findfont: score(FontEntry(fname='C:\\Windows\\Fonts\\arialbi.ttf', index=0, name='Arial', style='italic', variant='normal', weight=700, stretch='normal', size='scalable')) = 7.698636363636363
2026-08-06 11:47:27,921 - DEBUG - findfont: score(FontEntry(fname='C:\\Windows\\Fonts\\CALIST.TTF', index=0, name='Calisto MT', style='normal', variant='normal', weight=400, stretch='normal', size='scalable')) = 10.05
2026-08-06 11:47:27,921 - DEBUG - findfont: score(FontEntry(fname='C:\\Windows\\Fonts\\swisscbi.ttf', index=0, name='Swis721 Cn BT', style='italic', variant='normal', weight=700, stretch='condensed', size='scalable')) = 11.535
2026-08-06 11:47:27,921 - DEBUG - findfont: score(FontEntry(fname='C:\\Windows\\Fonts\\LHANDW.TTF', index=0, name='Lucida Handwriting', style='italic', variant='normal', weight=400, stretch='normal', size='scalable')) = 11.05
2026-08-06 11:47:27,921 - DEBUG - findfont: score(FontEntry(fname='C:\\Windows\\Fonts\\swissk.ttf', index=0, name='Swis721 Blk BT', style='normal', variant='normal', weight=400, stretch='normal', size='scalable')) = 10.05
2026-08-06 11:47:27,921 - DEBUG - findfont: score(FontEntry(fname='C:\\Windows\\Fonts\\CENTAUR.TTF', index=0, name='Centaur', style='normal', variant='normal', weight=400, stretch='normal', size='scalable')) = 10.05
2026-08-06 11:47:27,921 - DEBUG - findfont: score(FontEntry(fname='C:\\Windows\\Fonts\\umath.ttf', index=0, name='UniversalMath1 BT', style='normal', variant='normal', weight=400, stretch='normal', size='scalable')) = 10.05
2026-08-06 11:47:27,921 - DEBUG - findfont: score(FontEntry(fname='C:\\Windows\\Fonts\\TCBI____.TTF', index=0, name='Tw Cen MT', style='italic', variant='normal', weight=700, stretch='normal', size='scalable')) = 11.335
2026-08-06 11:47:27,921 - DEBUG - findfont: score(FontEntry(fname='C:\\Windows\\Fonts\\constan.ttf', index=0, name='Constantia', style='normal', variant='normal', weight=400, stretch='normal', size='scalable')) = 10.05
2026-08-06 11:47:27,921 - DEBUG - findfont: score(FontEntry(fname='C:\\Windows\\Fonts\\romant__.ttf', index=0, name='RomanT', style='normal', variant='normal', weight=400, stretch='normal', size='scalable')) = 10.05
2026-08-06 11:47:27,921 - DEBUG - findfont: score(FontEntry(fname='C:\\Windows\\Fonts\\GILI____.TTF', index=0, name='Gill Sans MT', style='italic', variant='normal', weight=400, stretch='normal', size='scalable')) = 11.05
2026-08-06 11:47:27,921 - DEBUG - findfont: score(FontEntry(fname='C:\\Windows\\Fonts\\seguisli.ttf', index=0, name='Segoe UI', style='italic', variant='normal', weight=350, stretch='normal', size='scalable')) = 11.0975
2026-08-06 11:47:27,921 - DEBUG - findfont: score(FontEntry(fname='C:\\Windows\\Fonts\\seguisli.ttf', index=0, name='Segoe UI Semilight', style='italic', variant='normal', weight=400, stretch='normal', size='scalable')) = 11.05
2026-08-06 11:47:27,922 - DEBUG - findfont: score(FontEntry(fname='C:\\Windows\\Fonts\\monosbi.ttf', index=0, name='Monospac821 BT', style='italic', variant='normal', weight=700, stretch='normal', size='scalable')) = 11.335
2026-08-06 11:47:27,922 - DEBUG - findfont: score(FontEntry(fname='C:\\Windows\\Fonts\\times.ttf', index=0, name='Times New Roman', style='normal', variant='normal', weight=400, stretch='normal', size='scalable')) = 10.05
2026-08-06 11:47:27,922 - DEBUG - findfont: score(FontEntry(fname='C:\\Windows\\Fonts\\MSUIGHUR.TTF', index=0, name='Microsoft Uighur', style='normal', variant='normal', weight=400, stretch='normal', size='scalable')) = 10.05
2026-08-06 11:47:27,922 - DEBUG - findfont: score(FontEntry(fname='C:\\Windows\\Fonts\\romand__.ttf', index=0, name='RomanD', style='normal', variant='normal', weight=400, stretch='normal', size='scalable')) = 10.05
2026-08-06 11:47:27,922 - DEBUG - findfont: score(FontEntry(fname='C:\\Windows\\Fonts\\BOD_R.TTF', index=0, name='Bodoni MT', style='normal', variant='normal', weight=400, stretch='normal', size='scalable')) = 10.05
2026-08-06 11:47:27,922 - DEBUG - findfont: score(FontEntry(fname='C:\\Windows\\Fonts\\OCRAEXT.TTF', index=0, name='OCR A Extended', style='normal', variant='normal', weight=400, stretch='expanded', size='scalable')) = 10.25
2026-08-06 11:47:27,922 - DEBUG - findfont: score(FontEntry(fname='C:\\Windows\\Fonts\\TCMI____.TTF', index=0, name='Tw Cen MT', style='italic', variant='normal', weight=400, stretch='normal', size='scalable')) = 11.05
2026-08-06 11:47:27,922 - DEBUG - findfont: score(FontEntry(fname='C:\\Windows\\Fonts\\consolai.ttf', index=0, name='Consolas', style='italic', variant='normal', weight=400, stretch='normal', size='scalable')) = 11.05
2026-08-06 11:47:27,922 - DEBUG - findfont: score(FontEntry(fname='C:\\Windows\\Fonts\\counb___.ttf', index=0, name='CountryBlueprint', style='normal', variant='normal', weight=400, stretch='normal', size='scalable')) = 10.05
2026-08-06 11:47:27,922 - DEBUG - findfont: score(FontEntry(fname='C:\\Windows\\Fonts\\AMDT_Symbols.ttf', index=0, name='AmdtSymbols', style='normal', variant='normal', weight=400, stretch='normal', size='scalable')) = 10.05
2026-08-06 11:47:27,922 - DEBUG - findfont: score(FontEntry(fname='C:\\Windows\\Fonts\\cambriaz.ttf', index=0, name='Cambria', style='italic', variant='normal', weight=700, stretch='normal', size='scalable')) = 11.335
2026-08-06 11:47:27,922 - DEBUG - findfont: score(FontEntry(fname='C:\\Windows\\Fonts\\swissbi.ttf', index=0, name='Swis721 BT', style='italic', variant='normal', weight=700, stretch='normal', size='scalable')) = 11.335
2026-08-06 11:47:27,922 - DEBUG - findfont: score(FontEntry(fname='C:\\Windows\\Fonts\\GOTHIC.TTF', index=0, name='Century Gothic', style='normal', variant='normal', weight=400, stretch='normal', size='scalable')) = 10.05
2026-08-06 11:47:27,922 - DEBUG - findfont: score(FontEntry(fname='C:\\Windows\\Fonts\\SCHLBKI.TTF', index=0, name='Century Schoolbook', style='italic', variant='normal', weight=400, stretch='normal', size='scalable')) = 11.05
2026-08-06 11:47:27,922 - DEBUG - findfont: score(FontEntry(fname='C:\\Windows\\Fonts\\VINERITC.TTF', index=0, name='Viner Hand ITC', style='normal', variant='normal', weight=400, stretch='normal', size='scalable')) = 10.05
2026-08-06 11:47:27,922 - DEBUG - findfont: score(FontEntry(fname='C:\\Windows\\Fonts\\PERBI___.TTF', index=0, name='Perpetua', style='italic', variant='normal', weight=700, stretch='normal', size='scalable')) = 11.335
2026-08-06 11:47:27,922 - DEBUG - findfont: score(FontEntry(fname='C:\\Windows\\Fonts\\COOPBL.TTF', index=0, name='Cooper Black', style='normal', variant='normal', weight=400, stretch='normal', size='scalable')) = 10.05
2026-08-06 11:47:27,923 - DEBUG - findfont: score(FontEntry(fname='C:\\Windows\\Fonts\\GLECB.TTF', index=0, name='Gloucester MT Extra Condensed', style='normal', variant='normal', weight=400, stretch='condensed', size='scalable')) = 10.25
2026-08-06 11:47:27,923 - DEBUG - findfont: score(FontEntry(fname='C:\\Windows\\Fonts\\BRLNSDB.TTF', index=0, name='Berlin Sans FB Demi', style='normal', variant='normal', weight=700, stretch='normal', size='scalable')) = 10.335
2026-08-06 11:47:27,923 - DEBUG - findfont: score(FontEntry(fname='C:\\Windows\\Fonts\\segoeuib.ttf', index=0, name='Segoe UI', style='normal', variant='normal', weight=700, stretch='normal', size='scalable')) = 10.335
2026-08-06 11:47:27,923 - DEBUG - findfont: score(FontEntry(fname='C:\\Windows\\Fonts\\Artifakt Element Hair.ttf', index=0, name='Artifakt Element', style='normal', variant='normal', weight=100, stretch='normal', size='scalable')) = 10.335
2026-08-06 11:47:27,923 - DEBUG - findfont: score(FontEntry(fname='C:\\Windows\\Fonts\\Artifakt Element Hair.ttf', index=0, name='Artifakt Element Hair', style='normal', variant='normal', weight=400, stretch='normal', size='scalable')) = 10.05
2026-08-06 11:47:27,923 - DEBUG - findfont: score(FontEntry(fname='C:\\Windows\\Fonts\\couri.ttf', index=0, name='Courier New', style='italic', variant='normal', weight=400, stretch='normal', size='scalable')) = 11.05
2026-08-06 11:47:27,923 - DEBUG - findfont: score(FontEntry(fname='C:\\Windows\\Fonts\\txt_____.ttf', index=0, name='Txt', style='normal', variant='normal', weight=400, stretch='normal', size='scalable')) = 10.05
2026-08-06 11:47:27,924 - DEBUG - findfont: score(FontEntry(fname='C:\\Windows\\Fonts\\SitkaVF.ttf', index=0, name='Sitka', style='normal', variant='normal', weight=400, stretch='normal', size='scalable')) = 10.05
2026-08-06 11:47:27,924 - DEBUG - findfont: score(FontEntry(fname='C:\\Windows\\Fonts\\SitkaVF.ttf', index=0, name='Sitka Text', style='normal', variant='normal', weight=400, stretch='normal', size='scalable')) = 10.05
2026-08-06 11:47:27,924 - DEBUG - findfont: score(FontEntry(fname='C:\\Windows\\Fonts\\ERASMD.TTF', index=0, name='Eras Medium ITC', style='normal', variant='normal', weight=400, stretch='normal', size='scalable')) = 10.05
2026-08-06 11:47:27,924 - DEBUG - findfont: score(FontEntry(fname='C:\\Windows\\Fonts\\gothice_.ttf', index=0, name='GothicE', style='normal', variant='normal', weight=400, stretch='normal', size='scalable')) = 10.05
2026-08-06 11:47:27,924 - DEBUG - findfont: score(FontEntry(fname='C:\\Windows\\Fonts\\LSANSD.TTF', index=0, name='Lucida Sans', style='normal', variant='normal', weight=600, stretch='normal', size='scalable')) = 10.24
2026-08-06 11:47:27,924 - DEBUG - findfont: score(FontEntry(fname='C:\\Windows\\Fonts\\Artifakt Element Italic.ttf', index=0, name='Artifakt Element', style='italic', variant='normal', weight=400, stretch='normal', size='scalable')) = 11.05
2026-08-06 11:47:27,924 - DEBUG - findfont: score(FontEntry(fname='C:\\Windows\\Fonts\\greekc__.ttf', index=0, name='GreekC', style='normal', variant='normal', weight=400, stretch='normal', size='scalable')) = 10.05
2026-08-06 11:47:27,924 - DEBUG - findfont: score(FontEntry(fname='C:\\Windows\\Fonts\\Artifakt Element Black Italic.ttf', index=0, name='Artifakt Element', style='italic', variant='normal', weight=800, stretch='normal', size='scalable')) = 11.43
2026-08-06 11:47:27,924 - DEBUG - findfont: score(FontEntry(fname='C:\\Windows\\Fonts\\Artifakt Element Black Italic.ttf', index=0, name='Artifakt Element Black', style='italic', variant='normal', weight=400, stretch='normal', size='scalable')) = 11.05
2026-08-06 11:47:27,924 - DEBUG - findfont: score(FontEntry(fname='C:\\Windows\\Fonts\\BOD_BLAI.TTF', index=0, name='Bodoni MT', style='italic', variant='normal', weight=900, stretch='normal', size='scalable')) = 11.525
2026-08-06 11:47:27,924 - DEBUG - findfont: score(FontEntry(fname='C:\\Windows\\Fonts\\BOD_BLAI.TTF', index=0, name='Bodoni MT Black', style='italic', variant='normal', weight=400, stretch='normal', size='scalable')) = 11.05
2026-08-06 11:47:27,924 - DEBUG - findfont: score(FontEntry(fname='C:\\Windows\\Fonts\\ANTQUABI.TTF', index=0, name='Book Antiqua', style='italic', variant='normal', weight=700, stretch='normal', size='scalable')) = 11.335
2026-08-06 11:47:27,924 - DEBUG - findfont: score(FontEntry(fname='C:\\Windows\\Fonts\\sanssbo_.ttf', index=0, name='SansSerif', style='oblique', variant='normal', weight=700, stretch='normal', size='scalable')) = 11.335
2026-08-06 11:47:27,924 - DEBUG - findfont: score(FontEntry(fname='C:\\Windows\\Fonts\\monotxt_.ttf', index=0, name='Monotxt', style='normal', variant='normal', weight=400, stretch='normal', size='scalable')) = 10.05
2026-08-06 11:47:27,924 - DEBUG - findfont: score(FontEntry(fname='C:\\Windows\\Fonts\\mmrtextb.ttf', index=0, name='Myanmar Text', style='normal', variant='normal', weight=700, stretch='normal', size='scalable')) = 10.335
2026-08-06 11:47:27,925 - DEBUG - findfont: score(FontEntry(fname='C:\\Windows\\Fonts\\ONYX.TTF', index=0, name='Onyx', style='normal', variant='normal', weight=400, stretch='normal', size='scalable')) = 10.05
2026-08-06 11:47:27,925 - DEBUG - findfont: score(FontEntry(fname='C:\\Windows\\Fonts\\symbol.ttf', index=0, name='Symbol', style='normal', variant='normal', weight=400, stretch='normal', size='scalable')) = 10.05
2026-08-06 11:47:27,925 - DEBUG - findfont: score(FontEntry(fname='C:\\Windows\\Fonts\\LEELAWAD.TTF', index=0, name='Leelawadee', style='normal', variant='normal', weight=400, stretch='normal', size='scalable')) = 10.05
2026-08-06 11:47:27,925 - DEBUG - findfont: score(FontEntry(fname='C:\\Windows\\Fonts\\GARABD.TTF', index=0, name='Garamond', style='normal', variant='normal', weight=700, stretch='normal', size='scalable')) = 10.335
2026-08-06 11:47:27,925 - DEBUG - findfont: score(FontEntry(fname='C:\\Windows\\Fonts\\MATURASC.TTF', index=0, name='Matura MT Script Capitals', style='normal', variant='normal', weight=400, stretch='normal', size='scalable')) = 10.05
2026-08-06 11:47:27,925 - DEBUG - findfont: score(FontEntry(fname='C:\\Windows\\Fonts\\italicc_.ttf', index=0, name='ItalicC', style='italic', variant='normal', weight=400, stretch='normal', size='scalable')) = 11.05
2026-08-06 11:47:27,925 - DEBUG - findfont: score(FontEntry(fname='C:\\Windows\\Fonts\\Artifakt Element Thin Italic.ttf', index=0, name='Artifakt Element', style='italic', variant='normal', weight=200, stretch='normal', size='scalable')) = 11.24
2026-08-06 11:47:27,925 - DEBUG - findfont: score(FontEntry(fname='C:\\Windows\\Fonts\\Artifakt Element Thin Italic.ttf', index=0, name='Artifakt Element Thin', style='italic', variant='normal', weight=400, stretch='normal', size='scalable')) = 11.05
2026-08-06 11:47:27,925 - DEBUG - findfont: score(FontEntry(fname='C:\\Windows\\Fonts\\Artifakt Element Book Italic.ttf', index=0, name='Artifakt Element', style='italic', variant='normal', weight=450, stretch='normal', size='scalable')) = 11.0975
2026-08-06 11:47:27,925 - DEBUG - findfont: score(FontEntry(fname='C:\\Windows\\Fonts\\Artifakt Element Book Italic.ttf', index=0, name='Artifakt Element Book', style='italic', variant='normal', weight=400, stretch='normal', size='scalable')) = 11.05
2026-08-06 11:47:27,925 - DEBUG - findfont: score(FontEntry(fname='C:\\Windows\\Fonts\\ROCKB.TTF', index=0, name='Rockwell', style='normal', variant='normal', weight=700, stretch='normal', size='scalable')) = 10.335
2026-08-06 11:47:27,925 - DEBUG - findfont: score(FontEntry(fname='C:\\Windows\\Fonts\\AMGDT___.ttf', index=0, name='AMGDT', style='normal', variant='normal', weight=400, stretch='normal', size='scalable')) = 10.05
2026-08-06 11:47:27,925 - DEBUG - findfont: score(FontEntry(fname='C:\\Windows\\Fonts\\syastro_.ttf', index=0, name='Syastro', style='normal', variant='normal', weight=400, stretch='normal', size='scalable')) = 10.05
2026-08-06 11:47:27,925 - DEBUG - findfont: score(FontEntry(fname='C:\\Windows\\Fonts\\SegUIVar.ttf', index=0, name='Segoe UI Variable', style='normal', variant='normal', weight=400, stretch='normal', size='scalable')) = 10.05
2026-08-06 11:47:27,925 - DEBUG - findfont: score(FontEntry(fname='C:\\Windows\\Fonts\\HTOWERT.TTF', index=0, name='High Tower Text', style='normal', variant='normal', weight=400, stretch='normal', size='scalable')) = 10.05
2026-08-06 11:47:27,925 - DEBUG - findfont: score(FontEntry(fname='C:\\Windows\\Fonts\\comic.ttf', index=0, name='Comic Sans MS', style='normal', variant='normal', weight=400, stretch='normal', size='scalable')) = 10.05
2026-08-06 11:47:27,925 - DEBUG - findfont: score(FontEntry(fname='C:\\Windows\\Fonts\\CHILLER.TTF', index=0, name='Chiller', style='normal', variant='normal', weight=400, stretch='normal', size='scalable')) = 10.05
2026-08-06 11:47:27,925 - DEBUG - findfont: score(FontEntry(fname='C:\\Windows\\Fonts\\Artifakt Element Book.ttf', index=0, name='Artifakt Element', style='normal', variant='normal', weight=450, stretch='normal', size='scalable')) = 10.0975
2026-08-06 11:47:27,925 - DEBUG - findfont: score(FontEntry(fname='C:\\Windows\\Fonts\\Artifakt Element Book.ttf', index=0, name='Artifakt Element Book', style='normal', variant='normal', weight=400, stretch='normal', size='scalable')) = 10.05
2026-08-06 11:47:27,926 - DEBUG - findfont: score(FontEntry(fname='C:\\Windows\\Fonts\\GILSANUB.TTF', index=0, name='Gill Sans Ultra Bold', style='normal', variant='normal', weight=400, stretch='normal', size='scalable')) = 10.05
2026-08-06 11:47:27,926 - DEBUG - findfont: score(FontEntry(fname='C:\\Windows\\Fonts\\PER_____.TTF', index=0, name='Perpetua', style='normal', variant='normal', weight=400, stretch='normal', size='scalable')) = 10.05
2026-08-06 11:47:27,926 - DEBUG - findfont: score(FontEntry(fname='C:\\Windows\\Fonts\\simsunb.ttf', index=0, name='SimSun-ExtB', style='normal', variant='normal', weight=400, stretch='normal', size='scalable')) = 10.05
2026-08-06 11:47:27,926 - DEBUG - findfont: score(FontEntry(fname='C:\\Windows\\Fonts\\bgothl.ttf', index=0, name='BankGothic Lt BT', style='normal', variant='normal', weight=400, stretch='normal', size='scalable')) = 10.05
2026-08-06 11:47:27,926 - DEBUG - findfont: score(FontEntry(fname='C:\\Windows\\Fonts\\BOOKOS.TTF', index=0, name='Bookman Old Style', style='normal', variant='normal', weight=300, stretch='normal', size='scalable')) = 10.145
2026-08-06 11:47:27,926 - DEBUG - findfont: score(FontEntry(fname='C:\\Windows\\Fonts\\mtproxy3.ttf', index=0, name='Proxy 3', style='normal', variant='normal', weight=400, stretch='normal', size='scalable')) = 10.05
2026-08-06 11:47:27,926 - DEBUG - findfont: score(FontEntry(fname='C:\\Windows\\Fonts\\swiss.ttf', index=0, name='Swis721 BT', style='normal', variant='normal', weight=400, stretch='normal', size='scalable')) = 10.05
2026-08-06 11:47:27,926 - DEBUG - findfont: score(FontEntry(fname='C:\\Windows\\Fonts\\isocteur.ttf', index=0, name='ISOCTEUR', style='normal', variant='normal', weight=400, stretch='normal', size='scalable')) = 10.05
2026-08-06 11:47:27,926 - DEBUG - findfont: score(FontEntry(fname='C:\\Windows\\Fonts\\REFSPCL.TTF', index=0, name='MS Reference Specialty', style='normal', variant='normal', weight=400, stretch='normal', size='scalable')) = 10.05
2026-08-06 11:47:27,926 - DEBUG - findfont: score(FontEntry(fname='C:\\Windows\\Fonts\\swissko.ttf', index=0, name='Swis721 BlkOul BT', style='normal', variant='normal', weight=400, stretch='normal', size='scalable')) = 10.05
2026-08-06 11:47:27,926 - DEBUG - findfont: score(FontEntry(fname='C:\\Windows\\Fonts\\CascadiaMono.ttf', index=0, name='Cascadia Mono', style='normal', variant='normal', weight=400, stretch='normal', size='scalable')) = 10.05
2026-08-06 11:47:27,926 - DEBUG - findfont: score(FontEntry(fname='C:\\Windows\\Fonts\\seguisbi.ttf', index=0, name='Segoe UI', style='italic', variant='normal', weight=600, stretch='normal', size='scalable')) = 11.24
2026-08-06 11:47:27,926 - DEBUG - findfont: score(FontEntry(fname='C:\\Windows\\Fonts\\seguisbi.ttf', index=0, name='Segoe UI Semibold', style='italic', variant='normal', weight=400, stretch='normal', size='scalable')) = 11.05
2026-08-06 11:47:27,926 - DEBUG - findfont: score(FontEntry(fname='C:\\Windows\\Fonts\\msjhbd.ttc', index=0, name='Microsoft JhengHei', style='normal', variant='normal', weight=700, stretch='normal', size='scalable')) = 10.335
2026-08-06 11:47:27,926 - DEBUG - findfont: score(FontEntry(fname='C:\\Windows\\Fonts\\msjhbd.ttc', index=1, name='Microsoft JhengHei UI', style='normal', variant='normal', weight=700, stretch='normal', size='scalable')) = 10.335
2026-08-06 11:47:27,926 - DEBUG - findfont: score(FontEntry(fname='C:\\Windows\\Fonts\\segoesc.ttf', index=0, name='Segoe Script', style='normal', variant='normal', weight=400, stretch='normal', size='scalable')) = 10.05
2026-08-06 11:47:27,926 - DEBUG - findfont: score(FontEntry(fname='C:\\Windows\\Fonts\\BOD_CBI.TTF', index=0, name='Bodoni MT', style='italic', variant='normal', weight=700, stretch='condensed', size='scalable')) = 11.535
2026-08-06 11:47:27,926 - DEBUG - findfont: score(FontEntry(fname='C:\\Windows\\Fonts\\BOD_CBI.TTF', index=0, name='Bodoni MT Condensed', style='italic', variant='normal', weight=700, stretch='condensed', size='scalable')) = 11.535
2026-08-06 11:47:27,926 - DEBUG - findfont: score(FontEntry(fname='C:\\Windows\\Fonts\\GARAIT.TTF', index=0, name='Garamond', style='italic', variant='normal', weight=400, stretch='normal', size='scalable')) = 11.05
2026-08-06 11:47:27,927 - DEBUG - findfont: score(FontEntry(fname='C:\\Windows\\Fonts\\trebuc.ttf', index=0, name='Trebuchet MS', style='normal', variant='normal', weight=400, stretch='normal', size='scalable')) = 10.05
2026-08-06 11:47:27,927 - DEBUG - findfont: score(FontEntry(fname='C:\\Windows\\Fonts\\ITCBLKAD.TTF', index=0, name='Blackadder ITC', style='normal', variant='normal', weight=400, stretch='normal', size='scalable')) = 10.05
2026-08-06 11:47:27,927 - DEBUG - findfont: score(FontEntry(fname='C:\\Windows\\Fonts\\CENTURY.TTF', index=0, name='Century', style='normal', variant='normal', weight=400, stretch='normal', size='scalable')) = 10.05
2026-08-06 11:47:27,927 - DEBUG - findfont: score(FontEntry(fname='C:\\Windows\\Fonts\\mtproxy9.ttf', index=0, name='Proxy 9', style='normal', variant='normal', weight=400, stretch='normal', size='scalable')) = 10.05
2026-08-06 11:47:27,927 - DEBUG - findfont: score(FontEntry(fname='C:\\Windows\\Fonts\\AGENCYB.TTF', index=0, name='Agency FB', style='normal', variant='normal', weight=700, stretch='normal', size='scalable')) = 10.335
2026-08-06 11:47:27,927 - DEBUG - findfont: score(FontEntry(fname='C:\\Windows\\Fonts\\calibriz.ttf', index=0, name='Calibri', style='italic', variant='normal', weight=700, stretch='normal', size='scalable')) = 11.335
2026-08-06 11:47:27,927 - DEBUG - findfont: score(FontEntry(fname='C:\\Windows\\Fonts\\malgunsl.ttf', index=0, name='Malgun Gothic', style='normal', variant='normal', weight=300, stretch='normal', size='scalable')) = 10.145
2026-08-06 11:47:27,927 - DEBUG - findfont: score(FontEntry(fname='C:\\Windows\\Fonts\\malgunsl.ttf', index=0, name='Malgun Gothic Semilight', style='normal', variant='normal', weight=400, stretch='normal', size='scalable')) = 10.05
2026-08-06 11:47:27,927 - DEBUG - findfont: score(FontEntry(fname='C:\\Windows\\Fonts\\BAUHS93.TTF', index=0, name='Bauhaus 93', style='normal', variant='normal', weight=400, stretch='normal', size='scalable')) = 10.05
2026-08-06 11:47:27,927 - DEBUG - findfont: score(FontEntry(fname='C:\\Windows\\Fonts\\SNAP____.TTF', index=0, name='Snap ITC', style='normal', variant='normal', weight=400, stretch='normal', size='scalable')) = 10.05
2026-08-06 11:47:27,927 - DEBUG - findfont: score(FontEntry(fname='C:\\Windows\\Fonts\\arialbd.ttf', index=0, name='Arial', style='normal', variant='normal', weight=700, stretch='normal', size='scalable')) = 6.698636363636363
2026-08-06 11:47:27,927 - DEBUG - findfont: score(FontEntry(fname='C:\\Windows\\Fonts\\malgun.ttf', index=0, name='Malgun Gothic', style='normal', variant='normal', weight=400, stretch='normal', size='scalable')) = 10.05
2026-08-06 11:47:27,927 - DEBUG - findfont: score(FontEntry(fname='C:\\Windows\\Fonts\\GOUDOS.TTF', index=0, name='Goudy Old Style', style='normal', variant='normal', weight=400, stretch='normal', size='scalable')) = 10.05
2026-08-06 11:47:27,927 - DEBUG - findfont: score(FontEntry(fname='C:\\Windows\\Fonts\\LTYPE.TTF', index=0, name='Lucida Sans Typewriter', style='normal', variant='normal', weight=400, stretch='normal', size='scalable')) = 10.05
2026-08-06 11:47:27,927 - DEBUG - findfont: score(FontEntry(fname='C:\\Windows\\Fonts\\symeteo_.ttf', index=0, name='Symeteo', style='normal', variant='normal', weight=400, stretch='normal', size='scalable')) = 10.05
2026-08-06 11:47:27,927 - DEBUG - findfont: score(FontEntry(fname='C:\\Windows\\Fonts\\PLAYBILL.TTF', index=0, name='Playbill', style='normal', variant='normal', weight=400, stretch='normal', size='scalable')) = 10.05
2026-08-06 11:47:27,927 - DEBUG - findfont: score(FontEntry(fname='C:\\Windows\\Fonts\\eurro___.ttf', index=0, name='EuroRoman', style='oblique', variant='normal', weight=400, stretch='normal', size='scalable')) = 11.05
2026-08-06 11:47:27,927 - DEBUG - findfont: score(FontEntry(fname='C:\\Windows\\Fonts\\LCALLIG.TTF', index=0, name='Lucida Calligraphy', style='italic', variant='normal', weight=400, stretch='normal', size='scalable')) = 11.05
2026-08-06 11:47:27,927 - DEBUG - findfont: score(FontEntry(fname='C:\\Windows\\Fonts\\segoepr.ttf', index=0, name='Segoe Print', style='normal', variant='normal', weight=400, stretch='normal', size='scalable')) = 10.05
2026-08-06 11:47:27,927 - DEBUG - findfont: score(FontEntry(fname='C:\\Windows\\Fonts\\msyhl.ttc', index=0, name='Microsoft YaHei', style='normal', variant='normal', weight=290, stretch='normal', size='scalable')) = 10.1545
2026-08-06 11:47:27,927 - DEBUG - findfont: score(FontEntry(fname='C:\\Windows\\Fonts\\msyhl.ttc', index=0, name='Microsoft YaHei Light', style='normal', variant='normal', weight=400, stretch='normal', size='scalable')) = 10.05
2026-08-06 11:47:27,928 - DEBUG - findfont: score(FontEntry(fname='C:\\Windows\\Fonts\\msyhl.ttc', index=1, name='Microsoft YaHei UI', style='normal', variant='normal', weight=290, stretch='normal', size='scalable')) = 10.1545
2026-08-06 11:47:27,928 - DEBUG - findfont: score(FontEntry(fname='C:\\Windows\\Fonts\\msyhl.ttc', index=1, name='Microsoft YaHei UI Light', style='normal', variant='normal', weight=400, stretch='normal', size='scalable')) = 10.05
2026-08-06 11:47:27,928 - DEBUG - findfont: score(FontEntry(fname='C:\\Windows\\Fonts\\isoct2__.ttf', index=0, name='ISOCT2', style='normal', variant='normal', weight=400, stretch='normal', size='scalable')) = 10.05
2026-08-06 11:47:27,928 - DEBUG - findfont: score(FontEntry(fname='C:\\Windows\\Fonts\\FRADM.TTF', index=0, name='Franklin Gothic Demi', style='normal', variant='normal', weight=400, stretch='normal', size='scalable')) = 10.05
2026-08-06 11:47:27,928 - DEBUG - findfont: score(FontEntry(fname='C:\\Windows\\Fonts\\CALIFI.TTF', index=0, name='Californian FB', style='italic', variant='normal', weight=400, stretch='normal', size='scalable')) = 11.05
2026-08-06 11:47:27,928 - DEBUG - findfont: score(FontEntry(fname='C:\\Windows\\Fonts\\ARIALNI.TTF', index=0, name='Arial', style='italic', variant='normal', weight=400, stretch='condensed', size='scalable')) = 7.613636363636363
2026-08-06 11:47:27,928 - DEBUG - findfont: score(FontEntry(fname='C:\\Windows\\Fonts\\ARIALNI.TTF', index=0, name='Arial Narrow', style='italic', variant='normal', weight=400, stretch='condensed', size='scalable')) = 11.25
2026-08-06 11:47:27,928 - DEBUG - findfont: score(FontEntry(fname='C:\\Windows\\Fonts\\taile.ttf', index=0, name='Microsoft Tai Le', style='normal', variant='normal', weight=400, stretch='normal', size='scalable')) = 10.05
2026-08-06 11:47:27,928 - DEBUG - findfont: score(FontEntry(fname='C:\\Windows\\Fonts\\Artifakt Element Hair Italic.ttf', index=0, name='Artifakt Element', style='italic', variant='normal', weight=100, stretch='normal', size='scalable')) = 11.335
2026-08-06 11:47:27,928 - DEBUG - findfont: score(FontEntry(fname='C:\\Windows\\Fonts\\Artifakt Element Hair Italic.ttf', index=0, name='Artifakt Element Hair', style='italic', variant='normal', weight=400, stretch='normal', size='scalable')) = 11.05
2026-08-06 11:47:27,928 - DEBUG - findfont: score(FontEntry(fname='C:\\Windows\\Fonts\\swisscki.ttf', index=0, name='Swis721 BlkCn BT', style='italic', variant='normal', weight=400, stretch='condensed', size='scalable')) = 11.25
2026-08-06 11:47:27,928 - DEBUG - findfont: score(FontEntry(fname='C:\\Windows\\Fonts\\gothici_.ttf', index=0, name='GothicI', style='normal', variant='normal', weight=400, stretch='normal', size='scalable')) = 10.05
2026-08-06 11:47:27,928 - DEBUG - findfont: score(FontEntry(fname='C:\\Windows\\Fonts\\dutchi.ttf', index=0, name='Dutch801 Rm BT', style='italic', variant='normal', weight=400, stretch='normal', size='scalable')) = 11.05
2026-08-06 11:47:27,928 - DEBUG - findfont: score(FontEntry(fname='C:\\Windows\\Fonts\\mingliub.ttc', index=0, name='MingLiU-ExtB', style='normal', variant='normal', weight=400, stretch='normal', size='scalable')) = 10.05
2026-08-06 11:47:27,929 - DEBUG - findfont: score(FontEntry(fname='C:\\Windows\\Fonts\\mingliub.ttc', index=1, name='PMingLiU-ExtB', style='normal', variant='normal', weight=400, stretch='normal', size='scalable')) = 10.05
2026-08-06 11:47:27,929 - DEBUG - findfont: score(FontEntry(fname='C:\\Windows\\Fonts\\mingliub.ttc', index=2, name='MingLiU_HKSCS-ExtB', style='normal', variant='normal', weight=400, stretch='normal', size='scalable')) = 10.05
2026-08-06 11:47:27,929 - DEBUG - findfont: score(FontEntry(fname='C:\\Windows\\Fonts\\mingliub.ttc', index=3, name='MingLiU_MSCS-ExtB', style='normal', variant='normal', weight=400, stretch='normal', size='scalable')) = 10.05
2026-08-06 11:47:27,929 - DEBUG - findfont: score(FontEntry(fname='C:\\Windows\\Fonts\\GARA.TTF', index=0, name='Garamond', style='normal', variant='normal', weight=400, stretch='normal', size='scalable')) = 10.05
2026-08-06 11:47:27,929 - DEBUG - findfont: score(FontEntry(fname='C:\\Windows\\Fonts\\GLSNECB.TTF', index=0, name='Gill Sans MT Ext Condensed Bold', style='normal', variant='normal', weight=400, stretch='condensed', size='scalable')) = 10.25
2026-08-06 11:47:27,929 - DEBUG - findfont: score(FontEntry(fname='C:\\Windows\\Fonts\\REFSAN.TTF', index=0, name='MS Reference Sans Serif', style='normal', variant='normal', weight=400, stretch='normal', size='scalable')) = 10.05
2026-08-06 11:47:27,929 - DEBUG - findfont: score(FontEntry(fname='C:\\Windows\\Fonts\\SCRIPTBL.TTF', index=0, name='Script MT Bold', style='normal', variant='normal', weight=700, stretch='normal', size='scalable')) = 10.335
2026-08-06 11:47:27,929 - DEBUG - findfont: score(FontEntry(fname='C:\\Windows\\Fonts\\LSANSI.TTF', index=0, name='Lucida Sans', style='italic', variant='normal', weight=400, stretch='normal', size='scalable')) = 11.05
2026-08-06 11:47:27,929 - DEBUG - findfont: score(FontEntry(fname='C:\\Windows\\Fonts\\AcadEref.ttf', index=0, name='AcadEref', style='normal', variant='normal', weight=400, stretch='normal', size='scalable')) = 10.05
2026-08-06 11:47:27,929 - DEBUG - findfont: score(FontEntry(fname='C:\\Windows\\Fonts\\segoeui.ttf', index=0, name='Segoe UI', style='normal', variant='normal', weight=400, stretch='normal', size='scalable')) = 10.05
2026-08-06 11:47:27,929 - DEBUG - findfont: score(FontEntry(fname='C:\\Windows\\Fonts\\ROCKBI.TTF', index=0, name='Rockwell', style='italic', variant='normal', weight=700, stretch='normal', size='scalable')) = 11.335
2026-08-06 11:47:27,929 - DEBUG - findfont: score(FontEntry(fname='C:\\Windows\\Fonts\\Artifakt Element Regular.ttf', index=0, name='Artifakt Element', style='normal', variant='normal', weight=400, stretch='normal', size='scalable')) = 10.05
2026-08-06 11:47:27,929 - DEBUG - findfont: score(FontEntry(fname='C:\\Windows\\Fonts\\LeelUIsl.ttf', index=0, name='Leelawadee UI', style='normal', variant='normal', weight=350, stretch='normal', size='scalable')) = 10.0975
2026-08-06 11:47:27,929 - DEBUG - findfont: score(FontEntry(fname='C:\\Windows\\Fonts\\LeelUIsl.ttf', index=0, name='Leelawadee UI Semilight', style='normal', variant='normal', weight=400, stretch='normal', size='scalable')) = 10.05
2026-08-06 11:47:27,930 - DEBUG - findfont: score(FontEntry(fname='C:\\Windows\\Fonts\\micross.ttf', index=0, name='Microsoft Sans Serif', style='normal', variant='normal', weight=400, stretch='normal', size='scalable')) = 10.05
2026-08-06 11:47:27,930 - DEBUG - findfont: score(FontEntry(fname='C:\\Windows\\Fonts\\simplex_.ttf', index=0, name='Simplex', style='normal', variant='normal', weight=400, stretch='normal', size='scalable')) = 10.05
2026-08-06 11:47:27,930 - DEBUG - findfont: score(FontEntry(fname='C:\\Windows\\Fonts\\javatext.ttf', index=0, name='Javanese Text', style='normal', variant='normal', weight=400, stretch='normal', size='scalable')) = 10.05
2026-08-06 11:47:27,930 - DEBUG - findfont: score(FontEntry(fname='C:\\Windows\\Fonts\\isoct3__.ttf', index=0, name='ISOCT3', style='normal', variant='normal', weight=400, stretch='normal', size='scalable')) = 10.05
2026-08-06 11:47:27,930 - DEBUG - findfont: score(FontEntry(fname='C:\\Windows\\Fonts\\CALISTB.TTF', index=0, name='Calisto MT', style='normal', variant='normal', weight=700, stretch='normal', size='scalable')) = 10.335
2026-08-06 11:47:27,930 - DEBUG - findfont: score(FontEntry(fname='C:\\Windows\\Fonts\\BOOKOSBI.TTF', index=0, name='Bookman Old Style', style='italic', variant='normal', weight=600, stretch='normal', size='scalable')) = 11.24
2026-08-06 11:47:27,930 - DEBUG - findfont: score(FontEntry(fname='C:\\Windows\\Fonts\\framdit.ttf', index=0, name='Franklin Gothic Medium', style='italic', variant='normal', weight=400, stretch='normal', size='scalable')) = 11.05
2026-08-06 11:47:27,930 - DEBUG - findfont: score(FontEntry(fname='C:\\Windows\\Fonts\\swissbo.ttf', index=0, name='Swis721 BdOul BT', style='normal', variant='normal', weight=400, stretch='normal', size='scalable')) = 10.05
2026-08-06 11:47:27,930 - DEBUG - findfont: score(FontEntry(fname='C:\\Windows\\Fonts\\CURLZ___.TTF', index=0, name='Curlz MT', style='normal', variant='normal', weight=400, stretch='normal', size='scalable')) = 10.05
2026-08-06 11:47:27,930 - DEBUG - findfont: score(FontEntry(fname='C:\\Windows\\Fonts\\Candarai.ttf', index=0, name='Candara', style='italic', variant='normal', weight=400, stretch='normal', size='scalable')) = 11.05
2026-08-06 11:47:27,930 - DEBUG - findfont: score(FontEntry(fname='C:\\Windows\\Fonts\\LiberationSans-Regular.ttf', index=0, name='Liberation Sans', style='normal', variant='normal', weight=400, stretch='normal', size='scalable')) = 10.05
2026-08-06 11:47:27,930 - DEBUG - findfont: score(FontEntry(fname='C:\\Windows\\Fonts\\trebucit.ttf', index=0, name='Trebuchet MS', style='italic', variant='normal', weight=400, stretch='normal', size='scalable')) = 11.05
2026-08-06 11:47:27,931 - DEBUG - findfont: score(FontEntry(fname='C:\\Windows\\Fonts\\complex_.ttf', index=0, name='Complex', style='normal', variant='normal', weight=400, stretch='normal', size='scalable')) = 10.05
2026-08-06 11:47:27,931 - DEBUG - findfont: score(FontEntry(fname='C:\\Windows\\Fonts\\consola.ttf', index=0, name='Consolas', style='normal', variant='normal', weight=400, stretch='normal', size='scalable')) = 10.05
2026-08-06 11:47:27,931 - DEBUG - findfont: score(FontEntry(fname='C:\\Windows\\Fonts\\swissck.ttf', index=0, name='Swis721 BlkCn BT', style='normal', variant='normal', weight=400, stretch='condensed', size='scalable')) = 10.25
2026-08-06 11:47:27,931 - DEBUG - findfont: score(FontEntry(fname='C:\\Windows\\Fonts\\INFROMAN.TTF', index=0, name='Informal Roman', style='normal', variant='normal', weight=400, stretch='normal', size='scalable')) = 10.05
2026-08-06 11:47:27,931 - DEBUG - findfont: score(FontEntry(fname='C:\\Windows\\Fonts\\BRLNSR.TTF', index=0, name='Berlin Sans FB', style='normal', variant='normal', weight=400, stretch='normal', size='scalable')) = 10.05
2026-08-06 11:47:27,931 - DEBUG - findfont: score(FontEntry(fname='C:\\Windows\\Fonts\\technic_.ttf', index=0, name='Technic', style='normal', variant='normal', weight=400, stretch='normal', size='scalable')) = 10.05
2026-08-06 11:47:27,931 - DEBUG - findfont: score(FontEntry(fname='C:\\Windows\\Fonts\\BKANT.TTF', index=0, name='Book Antiqua', style='normal', variant='normal', weight=400, stretch='normal', size='scalable')) = 10.05
2026-08-06 11:47:27,931 - DEBUG - findfont: score(FontEntry(fname='C:\\Windows\\Fonts\\eurr____.ttf', index=0, name='EuroRoman', style='normal', variant='normal', weight=400, stretch='normal', size='scalable')) = 10.05
2026-08-06 11:47:27,931 - DEBUG - findfont: score(FontEntry(fname='C:\\Windows\\Fonts\\verdanai.ttf', index=0, name='Verdana', style='italic', variant='normal', weight=400, stretch='normal', size='scalable')) = 4.6863636363636365
2026-08-06 11:47:27,932 - DEBUG - findfont: score(FontEntry(fname='C:\\Windows\\Fonts\\GOTHICI.TTF', index=0, name='Century Gothic', style='italic', variant='normal', weight=400, stretch='normal', size='scalable')) = 11.05
2026-08-06 11:47:27,932 - DEBUG - findfont: score(FontEntry(fname='C:\\Windows\\Fonts\\ARIALN.TTF', index=0, name='Arial', style='normal', variant='normal', weight=400, stretch='condensed', size='scalable')) = 6.613636363636363
2026-08-06 11:47:27,932 - DEBUG - findfont: score(FontEntry(fname='C:\\Windows\\Fonts\\ARIALN.TTF', index=0, name='Arial Narrow', style='normal', variant='normal', weight=400, stretch='condensed', size='scalable')) = 10.25
2026-08-06 11:47:27,932 - DEBUG - findfont: score(FontEntry(fname='C:\\Windows\\Fonts\\segoeuil.ttf', index=0, name='Segoe UI', style='normal', variant='normal', weight=300, stretch='normal', size='scalable')) = 10.145
2026-08-06 11:47:27,932 - DEBUG - findfont: score(FontEntry(fname='C:\\Windows\\Fonts\\segoeuil.ttf', index=0, name='Segoe UI Light', style='normal', variant='normal', weight=400, stretch='normal', size='scalable')) = 10.05
2026-08-06 11:47:27,932 - DEBUG - findfont: score(FontEntry(fname='C:\\Windows\\Fonts\\msyh.ttc', index=0, name='Microsoft YaHei', style='normal', variant='normal', weight=400, stretch='normal', size='scalable')) = 10.05
2026-08-06 11:47:27,932 - DEBUG - findfont: score(FontEntry(fname='C:\\Windows\\Fonts\\msyh.ttc', index=1, name='Microsoft YaHei UI', style='normal', variant='normal', weight=400, stretch='normal', size='scalable')) = 10.05
2026-08-06 11:47:27,932 - DEBUG - findfont: score(FontEntry(fname='C:\\Windows\\Fonts\\malgunbd.ttf', index=0, name='Malgun Gothic', style='normal', variant='normal', weight=700, stretch='normal', size='scalable')) = 10.335
2026-08-06 11:47:27,932 - DEBUG - findfont: score(FontEntry(fname='C:\\Windows\\Fonts\\calibri.ttf', index=0, name='Calibri', style='normal', variant='normal', weight=400, stretch='normal', size='scalable')) = 10.05
2026-08-06 11:47:27,933 - DEBUG - findfont: score(FontEntry(fname='C:\\Windows\\Fonts\\ariali.ttf', index=0, name='Arial', style='italic', variant='normal', weight=400, stretch='normal', size='scalable')) = 7.413636363636363
2026-08-06 11:47:27,933 - DEBUG - findfont: score(FontEntry(fname='C:\\Windows\\Fonts\\sanss___.ttf', index=0, name='SansSerif', style='normal', variant='normal', weight=400, stretch='normal', size='scalable')) = 10.05
2026-08-06 11:47:27,933 - DEBUG - findfont: score(FontEntry(fname='C:\\Windows\\Fonts\\HARLOWSI.TTF', index=0, name='Harlow Solid Italic', style='italic', variant='normal', weight=400, stretch='normal', size='scalable')) = 11.05
2026-08-06 11:47:27,933 - DEBUG - findfont: score(FontEntry(fname='C:\\Windows\\Fonts\\LFAXI.TTF', index=0, name='Lucida Fax', style='italic', variant='normal', weight=400, stretch='normal', size='scalable')) = 11.05
2026-08-06 11:47:27,933 - DEBUG - findfont: score(FontEntry(fname='C:\\Windows\\Fonts\\BASKVILL.TTF', index=0, name='Baskerville Old Face', style='normal', variant='normal', weight=400, stretch='normal', size='scalable')) = 10.05
2026-08-06 11:47:27,933 - DEBUG - findfont: score(FontEntry(fname='C:\\Windows\\Fonts\\JUICE___.TTF', index=0, name='Juice ITC', style='normal', variant='normal', weight=400, stretch='normal', size='scalable')) = 10.05
2026-08-06 11:47:27,933 - DEBUG - findfont: score(FontEntry(fname='C:\\Windows\\Fonts\\CALISTI.TTF', index=0, name='Calisto MT', style='italic', variant='normal', weight=400, stretch='normal', size='scalable')) = 11.05
2026-08-06 11:47:27,933 - DEBUG - findfont: score(FontEntry(fname='C:\\Windows\\Fonts\\Candara.ttf', index=0, name='Candara', style='normal', variant='normal', weight=400, stretch='normal', size='scalable')) = 10.05
2026-08-06 11:47:27,933 - DEBUG - findfont: score(FontEntry(fname='C:\\Windows\\Fonts\\MSUIGHUB.TTF', index=0, name='Microsoft Uighur', style='normal', variant='normal', weight=700, stretch='normal', size='scalable')) = 10.335
2026-08-06 11:47:27,934 - DEBUG - findfont: score(FontEntry(fname='C:\\Windows\\Fonts\\STENCIL.TTF', index=0, name='Stencil', style='normal', variant='normal', weight=400, stretch='normal', size='scalable')) = 10.05
2026-08-06 11:47:27,934 - DEBUG - findfont: score(FontEntry(fname='C:\\Windows\\Fonts\\SansSerifCollection.ttf', index=0, name='Sans Serif Collection', style='normal', variant='normal', weight=400, stretch='normal', size='scalable')) = 10.05
2026-08-06 11:47:27,934 - DEBUG - findfont: score(FontEntry(fname='C:\\Windows\\Fonts\\ALGER.TTF', index=0, name='Algerian', style='normal', variant='normal', weight=400, stretch='normal', size='scalable')) = 10.05
2026-08-06 11:47:27,934 - DEBUG - findfont: score(FontEntry(fname='C:\\Windows\\Fonts\\georgia.ttf', index=0, name='Georgia', style='normal', variant='normal', weight=400, stretch='normal', size='scalable')) = 10.05
2026-08-06 11:47:27,934 - DEBUG - findfont: score(FontEntry(fname='C:\\Windows\\Fonts\\BSSYM7.TTF', index=0, name='Bookshelf Symbol 7', style='normal', variant='normal', weight=400, stretch='normal', size='scalable')) = 10.05
2026-08-06 11:47:27,934 - DEBUG - findfont: score(FontEntry(fname='C:\\Windows\\Fonts\\RAGE.TTF', index=0, name='Rage Italic', style='italic', variant='normal', weight=400, stretch='normal', size='scalable')) = 11.05
2026-08-06 11:47:27,934 - DEBUG - findfont: score(FontEntry(fname='C:\\Windows\\Fonts\\isocp___.ttf', index=0, name='ISOCP', style='normal', variant='normal', weight=400, stretch='normal', size='scalable')) = 10.05
2026-08-06 11:47:27,934 - DEBUG - findfont: score(FontEntry(fname='C:\\Windows\\Fonts\\gdt_____.ttf', index=0, name='GDT', style='normal', variant='normal', weight=400, stretch='normal', size='scalable')) = 10.05
2026-08-06 11:47:27,934 - DEBUG - findfont: score(FontEntry(fname='C:\\Windows\\Fonts\\palab.ttf', index=0, name='Palatino Linotype', style='normal', variant='normal', weight=700, stretch='normal', size='scalable')) = 10.335
2026-08-06 11:47:27,934 - DEBUG - findfont: score(FontEntry(fname='C:\\Windows\\Fonts\\BOD_BI.TTF', index=0, name='Bodoni MT', style='italic', variant='normal', weight=700, stretch='normal', size='scalable')) = 11.335
2026-08-06 11:47:27,934 - DEBUG - findfont: score(FontEntry(fname='C:\\Windows\\Fonts\\monos.ttf', index=0, name='Monospac821 BT', style='normal', variant='normal', weight=400, stretch='normal', size='scalable')) = 10.05
2026-08-06 11:47:27,934 - DEBUG - findfont: score(FontEntry(fname='C:\\Windows\\Fonts\\comicz.ttf', index=0, name='Comic Sans MS', style='italic', variant='normal', weight=700, stretch='normal', size='scalable')) = 11.335
2026-08-06 11:47:27,935 - DEBUG - findfont: score(FontEntry(fname='C:\\Windows\\Fonts\\swissli.ttf', index=0, name='Swis721 Lt BT', style='italic', variant='normal', weight=400, stretch='normal', size='scalable')) = 11.05
2026-08-06 11:47:27,935 - DEBUG - findfont: score(FontEntry(fname='C:\\Windows\\Fonts\\WINGDNG2.TTF', index=0, name='Wingdings 2', style='normal', variant='normal', weight=400, stretch='normal', size='scalable')) = 10.05
2026-08-06 11:47:27,935 - DEBUG - findfont: score(FontEntry(fname='C:\\Windows\\Fonts\\swisse.ttf', index=0, name='Swis721 Ex BT', style='normal', variant='normal', weight=400, stretch='expanded', size='scalable')) = 10.25
2026-08-06 11:47:27,935 - DEBUG - findfont: score(FontEntry(fname='C:\\Windows\\Fonts\\FELIXTI.TTF', index=0, name='Felix Titling', style='normal', variant='normal', weight=400, stretch='normal', size='scalable')) = 10.05
2026-08-06 11:47:27,935 - DEBUG - findfont: score(FontEntry(fname='C:\\Windows\\Fonts\\MAIAN.TTF', index=0, name='Maiandra GD', style='normal', variant='normal', weight=400, stretch='normal', size='scalable')) = 10.05
2026-08-06 11:47:27,935 - DEBUG - findfont: score(FontEntry(fname='C:\\Windows\\Fonts\\COPRGTL.TTF', index=0, name='Copperplate Gothic Light', style='normal', variant='normal', weight=400, stretch='normal', size='scalable')) = 10.05
2026-08-06 11:47:27,935 - DEBUG - findfont: score(FontEntry(fname='C:\\Windows\\Fonts\\WINGDNG3.TTF', index=0, name='Wingdings 3', style='normal', variant='normal', weight=400, stretch='normal', size='scalable')) = 10.05
2026-08-06 11:47:27,935 - DEBUG - findfont: score(FontEntry(fname='C:\\Windows\\Fonts\\seguiemj.ttf', index=0, name='Segoe UI Emoji', style='normal', variant='normal', weight=400, stretch='normal', size='scalable')) = 10.05
2026-08-06 11:47:27,935 - DEBUG - findfont: score(FontEntry(fname='C:\\Windows\\Fonts\\webdings.ttf', index=0, name='Webdings', style='normal', variant='normal', weight=400, stretch='normal', size='scalable')) = 10.05
2026-08-06 11:47:27,935 - DEBUG - findfont: score(FontEntry(fname='C:\\Windows\\Fonts\\symusic_.ttf', index=0, name='Symusic', style='normal', variant='normal', weight=400, stretch='normal', size='scalable')) = 10.05
2026-08-06 11:47:27,935 - DEBUG - findfont: score(FontEntry(fname='C:\\Windows\\Fonts\\symath__.ttf', index=0, name='Symath', style='normal', variant='normal', weight=400, stretch='normal', size='scalable')) = 10.05
2026-08-06 11:47:27,935 - DEBUG - findfont: score(FontEntry(fname='C:\\Windows\\Fonts\\TCCEB.TTF', index=0, name='Tw Cen MT Condensed Extra Bold', style='normal', variant='normal', weight=400, stretch='condensed', size='scalable')) = 10.25
2026-08-06 11:47:27,935 - DEBUG - findfont: score(FontEntry(fname='C:\\Windows\\Fonts\\YuGothL.ttc', index=0, name='Yu Gothic', style='normal', variant='normal', weight=300, stretch='normal', size='scalable')) = 10.145
2026-08-06 11:47:27,935 - DEBUG - findfont: score(FontEntry(fname='C:\\Windows\\Fonts\\YuGothL.ttc', index=0, name='Yu Gothic Light', style='normal', variant='normal', weight=400, stretch='normal', size='scalable')) = 10.05
2026-08-06 11:47:27,935 - DEBUG - findfont: score(FontEntry(fname='C:\\Windows\\Fonts\\YuGothL.ttc', index=1, name='Yu Gothic UI', style='normal', variant='normal', weight=300, stretch='normal', size='scalable')) = 10.145
2026-08-06 11:47:27,936 - DEBUG - findfont: score(FontEntry(fname='C:\\Windows\\Fonts\\YuGothL.ttc', index=1, name='Yu Gothic UI Light', style='normal', variant='normal', weight=400, stretch='normal', size='scalable')) = 10.05
2026-08-06 11:47:27,936 - DEBUG - findfont: score(FontEntry(fname='C:\\Windows\\Fonts\\TCM_____.TTF', index=0, name='Tw Cen MT', style='normal', variant='normal', weight=400, stretch='normal', size='scalable')) = 10.05
2026-08-06 11:47:27,936 - DEBUG - findfont: score(FontEntry(fname='C:\\Windows\\Fonts\\pala.ttf', index=0, name='Palatino Linotype', style='normal', variant='normal', weight=400, stretch='normal', size='scalable')) = 10.05
2026-08-06 11:47:27,936 - DEBUG - findfont: score(FontEntry(fname='C:\\Windows\\Fonts\\Artifakt Element Thin.ttf', index=0, name='Artifakt Element', style='normal', variant='normal', weight=200, stretch='normal', size='scalable')) = 10.24
2026-08-06 11:47:27,936 - DEBUG - findfont: score(FontEntry(fname='C:\\Windows\\Fonts\\Artifakt Element Thin.ttf', index=0, name='Artifakt Element Thin', style='normal', variant='normal', weight=400, stretch='normal', size='scalable')) = 10.05
2026-08-06 11:47:27,936 - DEBUG - findfont: score(FontEntry(fname='C:\\Windows\\Fonts\\ERASBD.TTF', index=0, name='Eras Bold ITC', style='normal', variant='normal', weight=400, stretch='normal', size='scalable')) = 10.05
2026-08-06 11:47:27,936 - DEBUG - findfont: score(FontEntry(fname='C:\\Windows\\Fonts\\GOTHICB.TTF', index=0, name='Century Gothic', style='normal', variant='normal', weight=700, stretch='normal', size='scalable')) = 10.335
2026-08-06 11:47:27,936 - DEBUG - findfont: score(FontEntry(fname='C:\\Windows\\Fonts\\ROCK.TTF', index=0, name='Rockwell', style='normal', variant='normal', weight=400, stretch='normal', size='scalable')) = 10.05
2026-08-06 11:47:27,936 - DEBUG - findfont: score(FontEntry(fname='C:\\Windows\\Fonts\\calibrib.ttf', index=0, name='Calibri', style='normal', variant='normal', weight=700, stretch='normal', size='scalable')) = 10.335
2026-08-06 11:47:27,936 - DEBUG - findfont: score(FontEntry(fname='C:\\Windows\\Fonts\\comicbd.ttf', index=0, name='Comic Sans MS', style='normal', variant='normal', weight=700, stretch='normal', size='scalable')) = 10.335
2026-08-06 11:47:27,936 - DEBUG - findfont: score(FontEntry(fname='C:\\Windows\\Fonts\\ariblk.ttf', index=0, name='Arial', style='normal', variant='normal', weight=900, stretch='normal', size='scalable')) = 6.888636363636364
2026-08-06 11:47:27,936 - DEBUG - findfont: score(FontEntry(fname='C:\\Windows\\Fonts\\ariblk.ttf', index=0, name='Arial Black', style='normal', variant='normal', weight=400, stretch='normal', size='scalable')) = 10.05
2026-08-06 11:47:27,936 - DEBUG - findfont: score(FontEntry(fname='C:\\Windows\\Fonts\\swisscl.ttf', index=0, name='Swis721 LtCn BT', style='normal', variant='normal', weight=400, stretch='condensed', size='scalable')) = 10.25
2026-08-06 11:47:27,936 - DEBUG - findfont: score(FontEntry(fname='C:\\Windows\\Fonts\\romanc__.ttf', index=0, name='RomanC', style='normal', variant='normal', weight=400, stretch='normal', size='scalable')) = 10.05
2026-08-06 11:47:27,936 - DEBUG - findfont: score(FontEntry(fname='C:\\Windows\\Fonts\\seguili.ttf', index=0, name='Segoe UI', style='italic', variant='normal', weight=300, stretch='normal', size='scalable')) = 11.145
2026-08-06 11:47:27,936 - DEBUG - findfont: score(FontEntry(fname='C:\\Windows\\Fonts\\seguili.ttf', index=0, name='Segoe UI Light', style='italic', variant='normal', weight=400, stretch='normal', size='scalable')) = 11.05
2026-08-06 11:47:27,937 - DEBUG - findfont: score(FontEntry(fname='C:\\Windows\\Fonts\\LBRITEI.TTF', index=0, name='Lucida Bright', style='italic', variant='normal', weight=400, stretch='normal', size='scalable')) = 11.05
2026-08-06 11:47:27,937 - DEBUG - findfont: score(FontEntry(fname='C:\\Windows\\Fonts\\YuGothM.ttc', index=0, name='Yu Gothic', style='normal', variant='normal', weight=500, stretch='normal', size='scalable')) = 10.145
2026-08-06 11:47:27,937 - DEBUG - findfont: score(FontEntry(fname='C:\\Windows\\Fonts\\YuGothM.ttc', index=0, name='Yu Gothic Medium', style='normal', variant='normal', weight=400, stretch='normal', size='scalable')) = 10.05
2026-08-06 11:47:27,937 - DEBUG - findfont: score(FontEntry(fname='C:\\Windows\\Fonts\\YuGothM.ttc', index=1, name='Yu Gothic UI', style='normal', variant='normal', weight=400, stretch='normal', size='scalable')) = 10.05
2026-08-06 11:47:27,937 - DEBUG - findfont: score(FontEntry(fname='C:\\Windows\\Fonts\\symap___.ttf', index=0, name='Symap', style='normal', variant='normal', weight=400, stretch='normal', size='scalable')) = 10.05
2026-08-06 11:47:27,937 - DEBUG - findfont: score(FontEntry(fname='C:\\Windows\\Fonts\\msyhbd.ttc', index=0, name='Microsoft YaHei', style='normal', variant='normal', weight=700, stretch='normal', size='scalable')) = 10.335
2026-08-06 11:47:27,937 - DEBUG - findfont: score(FontEntry(fname='C:\\Windows\\Fonts\\msyhbd.ttc', index=1, name='Microsoft YaHei UI', style='normal', variant='normal', weight=700, stretch='normal', size='scalable')) = 10.335
2026-08-06 11:47:27,937 - DEBUG - findfont: score(FontEntry(fname='C:\\Windows\\Fonts\\BRUSHSCI.TTF', index=0, name='Brush Script MT', style='italic', variant='normal', weight=400, stretch='normal', size='scalable')) = 11.05
2026-08-06 11:47:27,937 - DEBUG - findfont: score(FontEntry(fname='C:\\Windows\\Fonts\\GOUDOSB.TTF', index=0, name='Goudy Old Style', style='normal', variant='normal', weight=700, stretch='normal', size='scalable')) = 10.335
2026-08-06 11:47:27,937 - DEBUG - findfont: score(FontEntry(fname='C:\\Windows\\Fonts\\Candaraz.ttf', index=0, name='Candara', style='italic', variant='normal', weight=700, stretch='normal', size='scalable')) = 11.335
2026-08-06 11:47:27,937 - DEBUG - findfont: score(FontEntry(fname='C:\\Windows\\Fonts\\bahnschrift.ttf', index=0, name='Bahnschrift', style='normal', variant='normal', weight=400, stretch='normal', size='scalable')) = 10.05
2026-08-06 11:47:27,937 - DEBUG - findfont: score(FontEntry(fname='C:\\Windows\\Fonts\\GILB____.TTF', index=0, name='Gill Sans MT', style='normal', variant='normal', weight=700, stretch='normal', size='scalable')) = 10.335
2026-08-06 11:47:27,937 - DEBUG - findfont: score(FontEntry(fname='C:\\Windows\\Fonts\\AIGDT___.TTF', index=0, name='AIGDT', style='normal', variant='normal', weight=400, stretch='normal', size='scalable')) = 10.05
2026-08-06 11:47:27,937 - DEBUG - findfont: score(FontEntry(fname='C:\\Windows\\Fonts\\palabi.ttf', index=0, name='Palatino Linotype', style='italic', variant='normal', weight=700, stretch='normal', size='scalable')) = 11.335
2026-08-06 11:47:27,937 - DEBUG - findfont: score(FontEntry(fname='C:\\Windows\\Fonts\\LBRITED.TTF', index=0, name='Lucida Bright', style='normal', variant='normal', weight=600, stretch='normal', size='scalable')) = 10.24
2026-08-06 11:47:27,938 - DEBUG - findfont: score(FontEntry(fname='C:\\Windows\\Fonts\\mtproxy6.ttf', index=0, name='Proxy 6', style='normal', variant='normal', weight=400, stretch='normal', size='scalable')) = 10.05
2026-08-06 11:47:27,938 - DEBUG - findfont: score(FontEntry(fname='C:\\Windows\\Fonts\\GOUDYSTO.TTF', index=0, name='Goudy Stout', style='normal', variant='normal', weight=400, stretch='normal', size='scalable')) = 10.05
2026-08-06 11:47:27,938 - DEBUG - findfont: score(FontEntry(fname='C:\\Windows\\Fonts\\FRAMDCN.TTF', index=0, name='Franklin Gothic Medium Cond', style='normal', variant='normal', weight=400, stretch='condensed', size='scalable')) = 10.25
2026-08-06 11:47:27,938 - DEBUG - findfont: score(FontEntry(fname='C:\\Windows\\Fonts\\ANTQUAB.TTF', index=0, name='Book Antiqua', style='normal', variant='normal', weight=700, stretch='normal', size='scalable')) = 10.335
2026-08-06 11:47:27,938 - DEBUG - findfont: score(FontEntry(fname='C:\\Windows\\Fonts\\verdana.ttf', index=0, name='Verdana', style='normal', variant='normal', weight=400, stretch='normal', size='scalable')) = 3.6863636363636365
2026-08-06 11:47:27,938 - DEBUG - findfont: score(FontEntry(fname='C:\\Windows\\Fonts\\FTLTLT.TTF', index=0, name='Footlight MT Light', style='normal', variant='normal', weight=300, stretch='normal', size='scalable')) = 10.145
2026-08-06 11:47:27,938 - DEBUG - findfont: score(FontEntry(fname='C:\\Windows\\Fonts\\CALISTBI.TTF', index=0, name='Calisto MT', style='italic', variant='normal', weight=700, stretch='normal', size='scalable')) = 11.335
2026-08-06 11:47:27,938 - DEBUG - findfont: score(FontEntry(fname='C:\\Windows\\Fonts\\LTYPEBO.TTF', index=0, name='Lucida Sans Typewriter', style='oblique', variant='normal', weight=600, stretch='normal', size='scalable')) = 11.24
2026-08-06 11:47:27,938 - DEBUG - findfont: score(FontEntry(fname='C:\\Windows\\Fonts\\msjhl.ttc', index=0, name='Microsoft JhengHei', style='normal', variant='normal', weight=290, stretch='normal', size='scalable')) = 10.1545
2026-08-06 11:47:27,938 - DEBUG - findfont: score(FontEntry(fname='C:\\Windows\\Fonts\\msjhl.ttc', index=0, name='Microsoft JhengHei Light', style='normal', variant='normal', weight=400, stretch='normal', size='scalable')) = 10.05
2026-08-06 11:47:27,938 - DEBUG - findfont: score(FontEntry(fname='C:\\Windows\\Fonts\\msjhl.ttc', index=1, name='Microsoft JhengHei UI', style='normal', variant='normal', weight=290, stretch='normal', size='scalable')) = 10.1545
2026-08-06 11:47:27,938 - DEBUG - findfont: score(FontEntry(fname='C:\\Windows\\Fonts\\msjhl.ttc', index=1, name='Microsoft JhengHei UI Light', style='normal', variant='normal', weight=400, stretch='normal', size='scalable')) = 10.05
2026-08-06 11:47:27,938 - DEBUG - findfont: score(FontEntry(fname='C:\\Windows\\Fonts\\TEMPSITC.TTF', index=0, name='Tempus Sans ITC', style='normal', variant='normal', weight=400, stretch='normal', size='scalable')) = 10.05
2026-08-06 11:47:27,938 - DEBUG - findfont: score(FontEntry(fname='C:\\Windows\\Fonts\\segmdl2.ttf', index=0, name='Segoe MDL2 Assets', style='normal', variant='normal', weight=400, stretch='normal', size='scalable')) = 10.05
2026-08-06 11:47:27,938 - DEBUG - findfont: score(FontEntry(fname='C:\\Windows\\Fonts\\constanz.ttf', index=0, name='Constantia', style='italic', variant='normal', weight=700, stretch='normal', size='scalable')) = 11.335
2026-08-06 11:47:27,938 - DEBUG - findfont: score(FontEntry(fname='C:\\Windows\\Fonts\\compi.ttf', index=0, name='CommercialPi BT', style='normal', variant='normal', weight=400, stretch='normal', size='scalable')) = 10.05
2026-08-06 11:47:27,939 - DEBUG - findfont: score(FontEntry(fname='C:\\Windows\\Fonts\\ERASLGHT.TTF', index=0, name='Eras Light ITC', style='normal', variant='normal', weight=400, stretch='normal', size='scalable')) = 10.05
2026-08-06 11:47:27,939 - DEBUG - findfont: score(FontEntry(fname='C:\\Windows\\Fonts\\swissci.ttf', index=0, name='Swis721 Cn BT', style='italic', variant='normal', weight=400, stretch='condensed', size='scalable')) = 11.25
2026-08-06 11:47:27,939 - DEBUG - findfont: score(FontEntry(fname='C:\\Windows\\Fonts\\timesi.ttf', index=0, name='Times New Roman', style='italic', variant='normal', weight=400, stretch='normal', size='scalable')) = 11.05
2026-08-06 11:47:27,939 - DEBUG - findfont: score(FontEntry(fname='C:\\Windows\\Fonts\\ntailub.ttf', index=0, name='Microsoft New Tai Lue', style='normal', variant='normal', weight=700, stretch='normal', size='scalable')) = 10.335
2026-08-06 11:47:27,939 - DEBUG - findfont: score(FontEntry(fname='C:\\Windows\\Fonts\\sansso__.ttf', index=0, name='SansSerif', style='oblique', variant='normal', weight=400, stretch='normal', size='scalable')) = 11.05
2026-08-06 11:47:27,939 - DEBUG - findfont: score(FontEntry(fname='C:\\Windows\\Fonts\\ebrimabd.ttf', index=0, name='Ebrima', style='normal', variant='normal', weight=700, stretch='normal', size='scalable')) = 10.335
2026-08-06 11:47:27,939 - DEBUG - findfont: score(FontEntry(fname='C:\\Windows\\Fonts\\georgiaz.ttf', index=0, name='Georgia', style='italic', variant='normal', weight=700, stretch='normal', size='scalable')) = 11.335
2026-08-06 11:47:27,939 - DEBUG - findfont: score(FontEntry(fname='C:\\Windows\\Fonts\\italic__.ttf', index=0, name='Italic', style='italic', variant='normal', weight=400, stretch='normal', size='scalable')) = 11.05
2026-08-06 11:47:27,939 - DEBUG - findfont: score(FontEntry(fname='C:\\Windows\\Fonts\\ROCC____.TTF', index=0, name='Rockwell Condensed', style='normal', variant='normal', weight=400, stretch='condensed', size='scalable')) = 10.25
2026-08-06 11:47:27,939 - DEBUG - findfont: score(FontEntry(fname='C:\\Windows\\Fonts\\cambria.ttc', index=0, name='Cambria', style='normal', variant='normal', weight=400, stretch='normal', size='scalable')) = 10.05
2026-08-06 11:47:27,939 - DEBUG - findfont: score(FontEntry(fname='C:\\Windows\\Fonts\\cambria.ttc', index=1, name='Cambria Math', style='normal', variant='normal', weight=400, stretch='normal', size='scalable')) = 10.05
2026-08-06 11:47:27,939 - DEBUG - findfont: score(FontEntry(fname='C:\\Windows\\Fonts\\tahomabd.ttf', index=0, name='Tahoma', style='normal', variant='normal', weight=700, stretch='normal', size='scalable')) = 10.335
2026-08-06 11:47:27,939 - DEBUG - findfont: score(FontEntry(fname='C:\\Windows\\Fonts\\ARIALNBI.TTF', index=0, name='Arial', style='italic', variant='normal', weight=700, stretch='condensed', size='scalable')) = 7.8986363636363635
2026-08-06 11:47:27,939 - DEBUG - findfont: score(FontEntry(fname='C:\\Windows\\Fonts\\ARIALNBI.TTF', index=0, name='Arial Narrow', style='italic', variant='normal', weight=700, stretch='condensed', size='scalable')) = 11.535
2026-08-06 11:47:27,939 - DEBUG - findfont: score(FontEntry(fname='C:\\Windows\\Fonts\\Candaral.ttf', index=0, name='Candara', style='normal', variant='normal', weight=400, stretch='normal', size='scalable')) = 10.05
2026-08-06 11:47:27,940 - DEBUG - findfont: score(FontEntry(fname='C:\\Windows\\Fonts\\Candaral.ttf', index=0, name='Candara Light', style='normal', variant='normal', weight=400, stretch='normal', size='scalable')) = 10.05
2026-08-06 11:47:27,940 - DEBUG - findfont: score(FontEntry(fname='C:\\Windows\\Fonts\\swissi.ttf', index=0, name='Swis721 BT', style='italic', variant='normal', weight=400, stretch='normal', size='scalable')) = 11.05
2026-08-06 11:47:27,940 - DEBUG - findfont: score(FontEntry(fname='C:\\Windows\\Fonts\\seguisym.ttf', index=0, name='Segoe UI Symbol', style='normal', variant='normal', weight=400, stretch='normal', size='scalable')) = 10.05
2026-08-06 11:47:27,940 - DEBUG - findfont: score(FontEntry(fname='C:\\Windows\\Fonts\\LATINWD.TTF', index=0, name='Wide Latin', style='normal', variant='normal', weight=400, stretch='expanded', size='scalable')) = 10.25
2026-08-06 11:47:27,940 - DEBUG - findfont: score(FontEntry(fname='C:\\Windows\\Fonts\\swisscbo.ttf', index=0, name='Swis721 BdCnOul BT', style='normal', variant='normal', weight=400, stretch='condensed', size='scalable')) = 10.25
2026-08-06 11:47:27,940 - DEBUG - findfont: score(FontEntry(fname='C:\\Windows\\Fonts\\PERI____.TTF', index=0, name='Perpetua', style='italic', variant='normal', weight=400, stretch='normal', size='scalable')) = 11.05
2026-08-06 11:47:27,940 - DEBUG - findfont: score(FontEntry(fname='C:\\Windows\\Fonts\\greeks__.ttf', index=0, name='GreekS', style='normal', variant='normal', weight=400, stretch='normal', size='scalable')) = 10.05
2026-08-06 11:47:27,940 - DEBUG - findfont: score(FontEntry(fname='C:\\Windows\\Fonts\\mvboli.ttf', index=0, name='MV Boli', style='normal', variant='normal', weight=400, stretch='normal', size='scalable')) = 10.05
2026-08-06 11:47:27,940 - DEBUG - findfont: score(FontEntry(fname='C:\\Windows\\Fonts\\dutchb.ttf', index=0, name='Dutch801 Rm BT', style='normal', variant='normal', weight=700, stretch='normal', size='scalable')) = 10.335
2026-08-06 11:47:27,940 - DEBUG - findfont: score(FontEntry(fname='C:\\Windows\\Fonts\\GOUDOSI.TTF', index=0, name='Goudy Old Style', style='italic', variant='normal', weight=400, stretch='normal', size='scalable')) = 11.05
2026-08-06 11:47:27,940 - DEBUG - findfont: score(FontEntry(fname='C:\\Windows\\Fonts\\ARIALUNI.ttf', index=0, name='Arial Unicode MS', style='normal', variant='normal', weight=400, stretch='normal', size='scalable')) = 10.05
2026-08-06 11:47:27,940 - DEBUG - findfont: score(FontEntry(fname='C:\\Windows\\Fonts\\cambriab.ttf', index=0, name='Cambria', style='normal', variant='normal', weight=700, stretch='normal', size='scalable')) = 10.335
2026-08-06 11:47:27,940 - DEBUG - findfont: score(FontEntry(fname='C:\\Windows\\Fonts\\romans__.ttf', index=0, name='RomanS', style='normal', variant='normal', weight=400, stretch='normal', size='scalable')) = 10.05
2026-08-06 11:47:27,940 - DEBUG - findfont: score(FontEntry(fname='C:\\Windows\\Fonts\\msgothic.ttc', index=0, name='MS Gothic', style='normal', variant='normal', weight=400, stretch='normal', size='scalable')) = 10.05
2026-08-06 11:47:27,940 - DEBUG - findfont: score(FontEntry(fname='C:\\Windows\\Fonts\\msgothic.ttc', index=1, name='MS UI Gothic', style='normal', variant='normal', weight=400, stretch='normal', size='scalable')) = 10.05
2026-08-06 11:47:27,940 - DEBUG - findfont: score(FontEntry(fname='C:\\Windows\\Fonts\\msgothic.ttc', index=2, name='MS PGothic', style='normal', variant='normal', weight=400, stretch='normal', size='scalable')) = 10.05
2026-08-06 11:47:27,940 - DEBUG - findfont: score(FontEntry(fname='C:\\Windows\\Fonts\\GILBI___.TTF', index=0, name='Gill Sans MT', style='italic', variant='normal', weight=700, stretch='normal', size='scalable')) = 11.335
2026-08-06 11:47:27,941 - DEBUG - findfont: score(FontEntry(fname='C:\\Windows\\Fonts\\GOTHICBI.TTF', index=0, name='Century Gothic', style='italic', variant='normal', weight=700, stretch='normal', size='scalable')) = 11.335
2026-08-06 11:47:27,941 - DEBUG - findfont: score(FontEntry(fname='C:\\Windows\\Fonts\\PAPYRUS.TTF', index=0, name='Papyrus', style='normal', variant='normal', weight=400, stretch='normal', size='scalable')) = 10.05
2026-08-06 11:47:27,941 - DEBUG - findfont: score(FontEntry(fname='C:\\Windows\\Fonts\\SegoeIcons.ttf', index=0, name='Segoe Fluent Icons', style='normal', variant='normal', weight=400, stretch='normal', size='scalable')) = 10.05
2026-08-06 11:47:27,941 - DEBUG - findfont: score(FontEntry(fname='C:\\Windows\\Fonts\\LFAX.TTF', index=0, name='Lucida Fax', style='normal', variant='normal', weight=400, stretch='normal', size='scalable')) = 10.05
2026-08-06 11:47:27,941 - DEBUG - findfont: score(FontEntry(fname='C:\\Windows\\Fonts\\palai.ttf', index=0, name='Palatino Linotype', style='italic', variant='normal', weight=400, stretch='normal', size='scalable')) = 11.05
2026-08-06 11:47:27,941 - DEBUG - findfont: score(FontEntry(fname='C:\\Windows\\Fonts\\swissb.ttf', index=0, name='Swis721 BT', style='normal', variant='normal', weight=700, stretch='normal', size='scalable')) = 10.335
2026-08-06 11:47:27,941 - DEBUG - findfont: score(FontEntry(fname='C:\\Windows\\Fonts\\ELEPHNT.TTF', index=0, name='Elephant', style='normal', variant='normal', weight=400, stretch='normal', size='scalable')) = 10.05
2026-08-06 11:47:27,941 - DEBUG - findfont: score(FontEntry(fname='C:\\Windows\\Fonts\\LeelaUIb.ttf', index=0, name='Leelawadee UI', style='normal', variant='normal', weight=700, stretch='normal', size='scalable')) = 10.335
2026-08-06 11:47:27,941 - DEBUG - findfont: score(FontEntry(fname='C:\\Windows\\Fonts\\verdanab.ttf', index=0, name='Verdana', style='normal', variant='normal', weight=700, stretch='normal', size='scalable')) = 3.9713636363636367
2026-08-06 11:47:27,941 - DEBUG - findfont: score(FontEntry(fname='C:\\Windows\\Fonts\\ROCCB___.TTF', index=0, name='Rockwell Condensed', style='normal', variant='normal', weight=700, stretch='condensed', size='scalable')) = 10.535
2026-08-06 11:47:27,941 - DEBUG - findfont: score(FontEntry(fname='C:\\Windows\\Fonts\\KUNSTLER.TTF', index=0, name='Kunstler Script', style='normal', variant='normal', weight=400, stretch='normal', size='scalable')) = 10.05
2026-08-06 11:47:27,941 - DEBUG - findfont: score(FontEntry(fname='C:\\Windows\\Fonts\\vinet.ttf', index=0, name='Vineta BT', style='normal', variant='normal', weight=400, stretch='normal', size='scalable')) = 10.05
2026-08-06 11:47:27,941 - DEBUG - findfont: score(FontEntry(fname='C:\\Windows\\Fonts\\vinet.ttf', index=0, name='Vineta', style='normal', variant='normal', weight=400, stretch='normal', size='scalable')) = 10.05
2026-08-06 11:47:27,941 - DEBUG - findfont: score(FontEntry(fname='C:\\Windows\\Fonts\\swissek.ttf', index=0, name='Swis721 BlkEx BT', style='normal', variant='normal', weight=400, stretch='expanded', size='scalable')) = 10.25
2026-08-06 11:47:27,941 - DEBUG - findfont: score(FontEntry(fname='C:\\Windows\\Fonts\\TCCM____.TTF', index=0, name='Tw Cen MT Condensed', style='normal', variant='normal', weight=400, stretch='condensed', size='scalable')) = 10.25
2026-08-06 11:47:27,941 - DEBUG - findfont: score(FontEntry(fname='C:\\Windows\\Fonts\\mtproxy4.ttf', index=0, name='Proxy 4', style='normal', variant='normal', weight=400, stretch='normal', size='scalable')) = 10.05
2026-08-06 11:47:27,941 - DEBUG - findfont: score(FontEntry(fname='C:\\Windows\\Fonts\\LTYPEB.TTF', index=0, name='Lucida Sans Typewriter', style='normal', variant='normal', weight=600, stretch='normal', size='scalable')) = 10.24
2026-08-06 11:47:27,941 - DEBUG - findfont: score(FontEntry(fname='C:\\Windows\\Fonts\\dutcheb.ttf', index=0, name='Dutch801 XBd BT', style='normal', variant='normal', weight=400, stretch='normal', size='scalable')) = 10.05
2026-08-06 11:47:27,942 - DEBUG - findfont: score(FontEntry(fname='C:\\Windows\\Fonts\\swisski.ttf', index=0, name='Swis721 Blk BT', style='italic', variant='normal', weight=400, stretch='normal', size='scalable')) = 11.05
2026-08-06 11:47:27,942 - DEBUG - findfont: score(FontEntry(fname='C:\\Windows\\Fonts\\timesbi.ttf', index=0, name='Times New Roman', style='italic', variant='normal', weight=700, stretch='normal', size='scalable')) = 11.335
2026-08-06 11:47:27,942 - DEBUG - findfont: score(FontEntry(fname='C:\\Windows\\Fonts\\ANTQUAI.TTF', index=0, name='Book Antiqua', style='italic', variant='normal', weight=400, stretch='normal', size='scalable')) = 11.05
2026-08-06 11:47:27,942 - DEBUG - findfont: score(FontEntry(fname='C:\\Windows\\Fonts\\PARCHM.TTF', index=0, name='Parchment', style='normal', variant='normal', weight=400, stretch='normal', size='scalable')) = 10.05
2026-08-06 11:47:27,942 - DEBUG - findfont: score(FontEntry(fname='C:\\Windows\\Fonts\\phagspab.ttf', index=0, name='Microsoft PhagsPa', style='normal', variant='normal', weight=700, stretch='normal', size='scalable')) = 10.335
2026-08-06 11:47:27,942 - DEBUG - findfont: score(FontEntry(fname='C:\\Windows\\Fonts\\techl___.ttf', index=0, name='TechnicLite', style='normal', variant='normal', weight=400, stretch='normal', size='scalable')) = 10.05
2026-08-06 11:47:27,942 - DEBUG - findfont: score(FontEntry(fname='C:\\Windows\\Fonts\\MISTRAL.TTF', index=0, name='Mistral', style='normal', variant='normal', weight=400, stretch='normal', size='scalable')) = 10.05
2026-08-06 11:47:27,942 - DEBUG - findfont: score(FontEntry(fname='C:\\Windows\\Fonts\\LFAXDI.TTF', index=0, name='Lucida Fax', style='italic', variant='normal', weight=600, stretch='normal', size='scalable')) = 11.24
2026-08-06 11:47:27,942 - DEBUG - findfont: score(FontEntry(fname='C:\\Windows\\Fonts\\calibrii.ttf', index=0, name='Calibri', style='italic', variant='normal', weight=400, stretch='normal', size='scalable')) = 11.05
2026-08-06 11:47:27,942 - DEBUG - findfont: score(FontEntry(fname='C:\\Windows\\Fonts\\swisscb.ttf', index=0, name='Swis721 Cn BT', style='normal', variant='normal', weight=700, stretch='condensed', size='scalable')) = 10.535
2026-08-06 11:47:27,942 - DEBUG - findfont: score(FontEntry(fname='C:\\Windows\\Fonts\\GENISO.ttf', index=0, name='GENISO', style='normal', variant='normal', weight=400, stretch='normal', size='scalable')) = 10.05
2026-08-06 11:47:27,942 - DEBUG - findfont: score(FontEntry(fname='C:\\Windows\\Fonts\\courbi.ttf', index=0, name='Courier New', style='italic', variant='normal', weight=700, stretch='normal', size='scalable')) = 11.335
2026-08-06 11:47:27,942 - DEBUG - findfont: score(FontEntry(fname='C:\\Windows\\Fonts\\MOD20.TTF', index=0, name='Modern No. 20', style='normal', variant='normal', weight=400, stretch='normal', size='scalable')) = 10.05
2026-08-06 11:47:27,942 - DEBUG - findfont: score(FontEntry(fname='C:\\Windows\\Fonts\\SHOWG.TTF', index=0, name='Showcard Gothic', style='normal', variant='normal', weight=400, stretch='normal', size='scalable')) = 10.05
2026-08-06 11:47:27,942 - DEBUG - findfont: score(FontEntry(fname='C:\\Windows\\Fonts\\OUTLOOK.TTF', index=0, name='MS Outlook', style='normal', variant='normal', weight=400, stretch='normal', size='scalable')) = 10.05
2026-08-06 11:47:27,942 - DEBUG - findfont: score(FontEntry(fname='C:\\Windows\\Fonts\\trebucbd.ttf', index=0, name='Trebuchet MS', style='normal', variant='normal', weight=700, stretch='normal', size='scalable')) = 10.335
2026-08-06 11:47:27,942 - DEBUG - findfont: score(FontEntry(fname='C:\\Windows\\Fonts\\constani.ttf', index=0, name='Constantia', style='italic', variant='normal', weight=400, stretch='normal', size='scalable')) = 11.05
2026-08-06 11:47:27,942 - DEBUG - findfont: score(FontEntry(fname='C:\\Windows\\Fonts\\YuGothB.ttc', index=0, name='Yu Gothic', style='normal', variant='normal', weight=700, stretch='normal', size='scalable')) = 10.335
2026-08-06 11:47:27,942 - DEBUG - findfont: score(FontEntry(fname='C:\\Windows\\Fonts\\YuGothB.ttc', index=1, name='Yu Gothic UI', style='normal', variant='normal', weight=700, stretch='normal', size='scalable')) = 10.335
2026-08-06 11:47:27,942 - DEBUG - findfont: score(FontEntry(fname='C:\\Windows\\Fonts\\YuGothB.ttc', index=2, name='Yu Gothic UI', style='normal', variant='normal', weight=600, stretch='normal', size='scalable')) = 10.24
2026-08-06 11:47:27,943 - DEBUG - findfont: score(FontEntry(fname='C:\\Windows\\Fonts\\YuGothB.ttc', index=2, name='Yu Gothic UI Semibold', style='normal', variant='normal', weight=400, stretch='normal', size='scalable')) = 10.05
2026-08-06 11:47:27,943 - DEBUG - findfont: score(FontEntry(fname='C:\\Windows\\Fonts\\monbaiti.ttf', index=0, name='Mongolian Baiti', style='normal', variant='normal', weight=400, stretch='normal', size='scalable')) = 10.05
2026-08-06 11:47:27,943 - DEBUG - findfont: score(FontEntry(fname='C:\\Windows\\Fonts\\ntailu.ttf', index=0, name='Microsoft New Tai Lue', style='normal', variant='normal', weight=400, stretch='normal', size='scalable')) = 10.05
2026-08-06 11:47:27,943 - DEBUG - findfont: score(FontEntry(fname='C:\\Windows\\Fonts\\dutchbi.ttf', index=0, name='Dutch801 Rm BT', style='italic', variant='normal', weight=700, stretch='normal', size='scalable')) = 11.335
2026-08-06 11:47:27,943 - DEBUG - findfont: score(FontEntry(fname='C:\\Windows\\Fonts\\DUBAI-BOLD.TTF', index=0, name='Dubai', style='normal', variant='normal', weight=700, stretch='normal', size='scalable')) = 10.335
2026-08-06 11:47:27,943 - DEBUG - findfont: score(FontEntry(fname='C:\\Windows\\Fonts\\romantic.ttf', index=0, name='Romantic', style='normal', variant='normal', weight=400, stretch='normal', size='scalable')) = 10.05
2026-08-06 11:47:27,943 - DEBUG - findfont: score(FontEntry(fname='C:\\Windows\\Fonts\\scriptc_.ttf', index=0, name='ScriptC', style='normal', variant='normal', weight=400, stretch='normal', size='scalable')) = 10.05
2026-08-06 11:47:27,943 - DEBUG - findfont: score(FontEntry(fname='C:\\Windows\\Fonts\\ENGR.TTF', index=0, name='Engravers MT', style='normal', variant='normal', weight=500, stretch='normal', size='scalable')) = 10.145
2026-08-06 11:47:27,943 - DEBUG - findfont: score(FontEntry(fname='C:\\Windows\\Fonts\\italict_.ttf', index=0, name='ItalicT', style='italic', variant='normal', weight=400, stretch='normal', size='scalable')) = 11.05
2026-08-06 11:47:27,943 - DEBUG - findfont: score(FontEntry(fname='C:\\Windows\\Fonts\\MAGNETOB.TTF', index=0, name='Magneto', style='normal', variant='normal', weight=700, stretch='normal', size='scalable')) = 10.335
2026-08-06 11:47:27,943 - DEBUG - findfont: score(FontEntry(fname='C:\\Windows\\Fonts\\corbelli.ttf', index=0, name='Corbel', style='italic', variant='normal', weight=300, stretch='normal', size='scalable')) = 11.145
2026-08-06 11:47:27,943 - DEBUG - findfont: score(FontEntry(fname='C:\\Windows\\Fonts\\corbelli.ttf', index=0, name='Corbel Light', style='italic', variant='normal', weight=400, stretch='normal', size='scalable')) = 11.05
2026-08-06 11:47:27,944 - DEBUG - findfont: score(FontEntry(fname='C:\\Windows\\Fonts\\Artifakt Element Black.ttf', index=0, name='Artifakt Element', style='normal', variant='normal', weight=800, stretch='normal', size='scalable')) = 10.43
2026-08-06 11:47:27,944 - DEBUG - findfont: score(FontEntry(fname='C:\\Windows\\Fonts\\Artifakt Element Black.ttf', index=0, name='Artifakt Element Black', style='normal', variant='normal', weight=400, stretch='normal', size='scalable')) = 10.05
2026-08-06 11:47:27,944 - DEBUG - findfont: score(FontEntry(fname='C:\\Windows\\Fonts\\corbelb.ttf', index=0, name='Corbel', style='normal', variant='normal', weight=700, stretch='normal', size='scalable')) = 10.335
2026-08-06 11:47:27,944 - DEBUG - findfont: score(FontEntry(fname='C:\\Windows\\Fonts\\ARLRDBD.TTF', index=0, name='Arial Rounded MT Bold', style='normal', variant='normal', weight=400, stretch='normal', size='scalable')) = 10.05
2026-08-06 11:47:27,944 - DEBUG - findfont: score(FontEntry(fname='C:\\Windows\\Fonts\\FRAHVIT.TTF', index=0, name='Franklin Gothic Heavy', style='italic', variant='normal', weight=400, stretch='normal', size='scalable')) = 11.05
2026-08-06 11:47:27,944 - DEBUG - findfont: score(FontEntry(fname='C:\\Windows\\Fonts\\corbelz.ttf', index=0, name='Corbel', style='italic', variant='normal', weight=700, stretch='normal', size='scalable')) = 11.335
2026-08-06 11:47:27,944 - DEBUG - findfont: score(FontEntry(fname='C:\\Windows\\Fonts\\AGENCYR.TTF', index=0, name='Agency FB', style='normal', variant='normal', weight=400, stretch='normal', size='scalable')) = 10.05
2026-08-06 11:47:27,944 - DEBUG - findfont: score(FontEntry(fname='C:\\Windows\\Fonts\\ITCKRIST.TTF', index=0, name='Kristen ITC', style='normal', variant='normal', weight=400, stretch='normal', size='scalable')) = 10.05
2026-08-06 11:47:27,944 - DEBUG - findfont: score(FontEntry(fname='C:\\Windows\\Fonts\\Candarab.ttf', index=0, name='Candara', style='normal', variant='normal', weight=700, stretch='normal', size='scalable')) = 10.335
2026-08-06 11:47:27,944 - DEBUG - findfont: score(FontEntry(fname='C:\\Windows\\Fonts\\mtproxy1.ttf', index=0, name='Proxy 1', style='normal', variant='normal', weight=400, stretch='normal', size='scalable')) = 10.05
2026-08-06 11:47:27,945 - DEBUG - findfont: score(FontEntry(fname='C:\\Windows\\Fonts\\swissc.ttf', index=0, name='Swis721 Cn BT', style='normal', variant='normal', weight=400, stretch='condensed', size='scalable')) = 10.25
2026-08-06 11:47:27,945 - DEBUG - findfont: score(FontEntry(fname='C:\\Windows\\Fonts\\LEELAWDB.TTF', index=0, name='Leelawadee', style='normal', variant='normal', weight=700, stretch='normal', size='scalable')) = 10.335
2026-08-06 11:47:27,945 - DEBUG - findfont: score(FontEntry(fname='C:\\Windows\\Fonts\\sanssb__.ttf', index=0, name='SansSerif', style='normal', variant='normal', weight=700, stretch='normal', size='scalable')) = 10.335
2026-08-06 11:47:27,945 - DEBUG - findfont: score(FontEntry(fname='C:\\Windows\\Fonts\\Artifakt Element Heavy.ttf', index=0, name='Artifakt Element', style='normal', variant='normal', weight=900, stretch='normal', size='scalable')) = 10.525
2026-08-06 11:47:27,945 - DEBUG - findfont: score(FontEntry(fname='C:\\Windows\\Fonts\\Artifakt Element Heavy.ttf', index=0, name='Artifakt Element Heavy', style='normal', variant='normal', weight=400, stretch='normal', size='scalable')) = 10.05
2026-08-06 11:47:27,945 - DEBUG - findfont: score(FontEntry(fname='C:\\Windows\\Fonts\\SimsunExtG.ttf', index=0, name='SimSun-ExtG', style='normal', variant='normal', weight=400, stretch='normal', size='scalable')) = 10.05
2026-08-06 11:47:27,945 - DEBUG - findfont: score(FontEntry(fname='C:\\Windows\\Fonts\\corbel.ttf', index=0, name='Corbel', style='normal', variant='normal', weight=400, stretch='normal', size='scalable')) = 10.05
2026-08-06 11:47:27,945 - DEBUG - findfont: score(FontEntry(fname='C:\\Windows\\Fonts\\ARIALNB.TTF', index=0, name='Arial', style='normal', variant='normal', weight=700, stretch='condensed', size='scalable')) = 6.8986363636363635
2026-08-06 11:47:27,945 - DEBUG - findfont: score(FontEntry(fname='C:\\Windows\\Fonts\\ARIALNB.TTF', index=0, name='Arial Narrow', style='normal', variant='normal', weight=700, stretch='condensed', size='scalable')) = 10.535
2026-08-06 11:47:27,945 - DEBUG - findfont: score(FontEntry(fname='C:\\Windows\\Fonts\\mtproxy2.ttf', index=0, name='Proxy 2', style='normal', variant='normal', weight=400, stretch='normal', size='scalable')) = 10.05
2026-08-06 11:47:27,945 - DEBUG - findfont: score(FontEntry(fname='C:\\Windows\\Fonts\\techb___.ttf', index=0, name='TechnicBold', style='normal', variant='normal', weight=400, stretch='normal', size='scalable')) = 10.05
2026-08-06 11:47:27,945 - DEBUG - findfont: score(FontEntry(fname='C:\\Windows\\Fonts\\Inkfree.ttf', index=0, name='Ink Free', style='normal', variant='normal', weight=400, stretch='normal', size='scalable')) = 10.05
2026-08-06 11:47:27,945 - DEBUG - findfont: score(FontEntry(fname='C:\\Windows\\Fonts\\COLONNA.TTF', index=0, name='Colonna MT', style='normal', variant='normal', weight=400, stretch='normal', size='scalable')) = 10.05
2026-08-06 11:47:27,945 - DEBUG - findfont: score(FontEntry(fname='C:\\Windows\\Fonts\\comici.ttf', index=0, name='Comic Sans MS', style='italic', variant='normal', weight=400, stretch='normal', size='scalable')) = 11.05
2026-08-06 11:47:27,945 - DEBUG - findfont: score(FontEntry(fname='C:\\Windows\\Fonts\\himalaya.ttf', index=0, name='Microsoft Himalaya', style='normal', variant='normal', weight=400, stretch='normal', size='scalable')) = 10.05
2026-08-06 11:47:27,945 - DEBUG - findfont: score(FontEntry(fname='C:\\Windows\\Fonts\\LSANS.TTF', index=0, name='Lucida Sans', style='normal', variant='normal', weight=400, stretch='normal', size='scalable')) = 10.05
2026-08-06 11:47:27,945 - DEBUG - findfont: score(FontEntry(fname='C:\\Windows\\Fonts\\Artifakt Element LIght.ttf', index=0, name='Artifakt Element', style='normal', variant='normal', weight=300, stretch='normal', size='scalable')) = 10.145
2026-08-06 11:47:27,945 - DEBUG - findfont: score(FontEntry(fname='C:\\Windows\\Fonts\\Artifakt Element LIght.ttf', index=0, name='Artifakt Element Light', style='normal', variant='normal', weight=400, stretch='normal', size='scalable')) = 10.05
2026-08-06 11:47:27,945 - DEBUG - findfont: score(FontEntry(fname='C:\\Windows\\Fonts\\cour.ttf', index=0, name='Courier New', style='normal', variant='normal', weight=400, stretch='normal', size='scalable')) = 10.05
2026-08-06 11:47:27,946 - DEBUG - findfont: score(FontEntry(fname='C:\\Windows\\Fonts\\FRABKIT.TTF', index=0, name='Franklin Gothic Book', style='italic', variant='normal', weight=400, stretch='normal', size='scalable')) = 11.05
2026-08-06 11:47:27,946 - DEBUG - findfont: score(FontEntry(fname='C:\\Windows\\Fonts\\CascadiaCode.ttf', index=0, name='Cascadia Code', style='normal', variant='normal', weight=400, stretch='normal', size='scalable')) = 10.05
2026-08-06 11:47:27,946 - DEBUG - findfont: score(FontEntry(fname='C:\\Windows\\Fonts\\VLADIMIR.TTF', index=0, name='Vladimir Script', style='normal', variant='normal', weight=400, stretch='normal', size='scalable')) = 10.05
2026-08-06 11:47:27,946 - DEBUG - findfont: score(FontEntry(fname='C:\\Windows\\Fonts\\sylfaen.ttf', index=0, name='Sylfaen', style='normal', variant='normal', weight=400, stretch='normal', size='scalable')) = 10.05
2026-08-06 11:47:27,946 - DEBUG - findfont: score(FontEntry(fname='C:\\Windows\\Fonts\\isocp3__.ttf', index=0, name='ISOCP3', style='normal', variant='normal', weight=400, stretch='normal', size='scalable')) = 10.05
2026-08-06 11:47:27,946 - DEBUG - findfont: score(FontEntry(fname='C:\\Windows\\Fonts\\ERASDEMI.TTF', index=0, name='Eras Demi ITC', style='normal', variant='normal', weight=400, stretch='normal', size='scalable')) = 10.05
2026-08-06 11:47:27,946 - DEBUG - findfont: score(FontEntry(fname='C:\\Windows\\Fonts\\wingding.ttf', index=0, name='Wingdings', style='normal', variant='normal', weight=400, stretch='normal', size='scalable')) = 10.05
2026-08-06 11:47:27,946 - DEBUG - findfont: score(FontEntry(fname='C:\\Windows\\Fonts\\BROADW.TTF', index=0, name='Broadway', style='normal', variant='normal', weight=400, stretch='normal', size='scalable')) = 10.05
2026-08-06 11:47:27,946 - DEBUG - findfont: score(FontEntry(fname='C:\\Windows\\Fonts\\YuGothR.ttc', index=0, name='Yu Gothic', style='normal', variant='normal', weight=400, stretch='normal', size='scalable')) = 10.05
2026-08-06 11:47:27,946 - DEBUG - findfont: score(FontEntry(fname='C:\\Windows\\Fonts\\YuGothR.ttc', index=1, name='Yu Gothic UI', style='normal', variant='normal', weight=350, stretch='normal', size='scalable')) = 10.0975
2026-08-06 11:47:27,946 - DEBUG - findfont: score(FontEntry(fname='C:\\Windows\\Fonts\\YuGothR.ttc', index=1, name='Yu Gothic UI Semilight', style='normal', variant='normal', weight=400, stretch='normal', size='scalable')) = 10.05
2026-08-06 11:47:27,946 - DEBUG - findfont: score(FontEntry(fname='C:\\Windows\\Fonts\\BOD_CR.TTF', index=0, name='Bodoni MT', style='normal', variant='normal', weight=400, stretch='condensed', size='scalable')) = 10.25
2026-08-06 11:47:27,946 - DEBUG - findfont: score(FontEntry(fname='C:\\Windows\\Fonts\\BOD_CR.TTF', index=0, name='Bodoni MT Condensed', style='normal', variant='normal', weight=400, stretch='condensed', size='scalable')) = 10.25
2026-08-06 11:47:27,946 - DEBUG - findfont: score(FontEntry(fname='C:\\Windows\\Fonts\\seguihis.ttf', index=0, name='Segoe UI Historic', style='normal', variant='normal', weight=400, stretch='normal', size='scalable')) = 10.05
2026-08-06 11:47:27,946 - DEBUG - findfont: score(FontEntry(fname='C:\\Windows\\Fonts\\segoeuiz.ttf', index=0, name='Segoe UI', style='italic', variant='normal', weight=700, stretch='normal', size='scalable')) = 11.335
2026-08-06 11:47:27,946 - DEBUG - findfont: score(FontEntry(fname='C:\\Windows\\Fonts\\HATTEN.TTF', index=0, name='Haettenschweiler', style='normal', variant='normal', weight=400, stretch='normal', size='scalable')) = 10.05
2026-08-06 11:47:27,946 - DEBUG - findfont: score(FontEntry(fname='C:\\Windows\\Fonts\\framd.ttf', index=0, name='Franklin Gothic Medium', style='normal', variant='normal', weight=400, stretch='normal', size='scalable')) = 10.05
2026-08-06 11:47:27,946 - DEBUG - findfont: score(FontEntry(fname='C:\\Windows\\Fonts\\DUBAI-REGULAR.TTF', index=0, name='Dubai', style='normal', variant='normal', weight=400, stretch='normal', size='scalable')) = 10.05
2026-08-06 11:47:27,946 - DEBUG - findfont: score(FontEntry(fname='C:\\Windows\\Fonts\\MTEXTRA.TTF', index=0, name='MT Extra', style='normal', variant='normal', weight=400, stretch='normal', size='scalable')) = 10.05
2026-08-06 11:47:27,946 - DEBUG - findfont: score(FontEntry(fname='C:\\Windows\\Fonts\\swisscli.ttf', index=0, name='Swis721 LtCn BT', style='italic', variant='normal', weight=400, stretch='condensed', size='scalable')) = 11.25
2026-08-06 11:47:27,946 - DEBUG - findfont: score(FontEntry(fname='C:\\Windows\\Fonts\\dutch.ttf', index=0, name='Dutch801 Rm BT', style='normal', variant='normal', weight=400, stretch='normal', size='scalable')) = 10.05
2026-08-06 11:47:27,946 - DEBUG - findfont: score(FontEntry(fname='C:\\Windows\\Fonts\\monosb.ttf', index=0, name='Monospac821 BT', style='normal', variant='normal', weight=700, stretch='normal', size='scalable')) = 10.335
2026-08-06 11:47:27,946 - DEBUG - findfont: score(FontEntry(fname='C:\\Windows\\Fonts\\mmrtext.ttf', index=0, name='Myanmar Text', style='normal', variant='normal', weight=400, stretch='normal', size='scalable')) = 10.05
2026-08-06 11:47:27,947 - DEBUG - findfont: score(FontEntry(fname='C:\\Windows\\Fonts\\impact.ttf', index=0, name='Impact', style='normal', variant='normal', weight=400, stretch='normal', size='scalable')) = 10.05
2026-08-06 11:47:27,947 - DEBUG - findfont: score(FontEntry(fname='C:\\Windows\\Fonts\\LiberationSans-Bold.ttf', index=0, name='Liberation Sans', style='normal', variant='normal', weight=700, stretch='normal', size='scalable')) = 10.335
2026-08-06 11:47:27,947 - DEBUG - findfont: score(FontEntry(fname='C:\\Windows\\Fonts\\stylu.ttf', index=0, name='Stylus BT', style='normal', variant='normal', weight=300, stretch='normal', size='scalable')) = 10.145
2026-08-06 11:47:27,947 - DEBUG - findfont: score(FontEntry(fname='C:\\Windows\\Fonts\\isoct___.ttf', index=0, name='ISOCT', style='normal', variant='normal', weight=400, stretch='normal', size='scalable')) = 10.05
2026-08-06 11:47:27,947 - DEBUG - findfont: score(FontEntry(fname='C:\\Windows\\Fonts\\BOD_BLAR.TTF', index=0, name='Bodoni MT', style='normal', variant='normal', weight=900, stretch='normal', size='scalable')) = 10.525
2026-08-06 11:47:27,947 - DEBUG - findfont: score(FontEntry(fname='C:\\Windows\\Fonts\\BOD_BLAR.TTF', index=0, name='Bodoni MT Black', style='normal', variant='normal', weight=400, stretch='normal', size='scalable')) = 10.05
2026-08-06 11:47:27,947 - DEBUG - findfont: score(FontEntry(fname='C:\\Windows\\Fonts\\BELLB.TTF', index=0, name='Bell MT', style='normal', variant='normal', weight=700, stretch='normal', size='scalable')) = 10.335
2026-08-06 11:47:27,947 - DEBUG - findfont: score(FontEntry(fname='C:\\Windows\\Fonts\\BOOKOSB.TTF', index=0, name='Bookman Old Style', style='normal', variant='normal', weight=600, stretch='normal', size='scalable')) = 10.24
2026-08-06 11:47:27,947 - DEBUG - findfont: score(FontEntry(fname='C:\\Windows\\Fonts\\gothicg_.ttf', index=0, name='GothicG', style='normal', variant='normal', weight=400, stretch='normal', size='scalable')) = 10.05
2026-08-06 11:47:27,947 - DEBUG - findfont: score(FontEntry(fname='C:\\Windows\\Fonts\\BOD_B.TTF', index=0, name='Bodoni MT', style='normal', variant='normal', weight=700, stretch='normal', size='scalable')) = 10.335
2026-08-06 11:47:27,947 - DEBUG - findfont: score(FontEntry(fname='C:\\Windows\\Fonts\\Artifakt Element Bold.ttf', index=0, name='Artifakt Element', style='normal', variant='normal', weight=700, stretch='normal', size='scalable')) = 10.335
2026-08-06 11:47:27,947 - DEBUG - findfont: score(FontEntry(fname='C:\\Windows\\Fonts\\ELEPHNTI.TTF', index=0, name='Elephant', style='italic', variant='normal', weight=400, stretch='normal', size='scalable')) = 11.05
2026-08-06 11:47:27,947 - DEBUG - findfont: score(FontEntry(fname='C:\\Windows\\Fonts\\mtproxy8.ttf', index=0, name='Proxy 8', style='normal', variant='normal', weight=400, stretch='normal', size='scalable')) = 10.05
2026-08-06 11:47:27,947 - DEBUG - findfont: score(FontEntry(fname='C:\\Windows\\Fonts\\mtproxy5.ttf', index=0, name='Proxy 5', style='normal', variant='normal', weight=400, stretch='normal', size='scalable')) = 10.05
2026-08-06 11:47:27,947 - DEBUG - findfont: score(FontEntry(fname='C:\\Windows\\Fonts\\swissl.ttf', index=0, name='Swis721 Lt BT', style='normal', variant='normal', weight=400, stretch='normal', size='scalable')) = 10.05
2026-08-06 11:47:27,947 - DEBUG - findfont: score(FontEntry(fname='C:\\Windows\\Fonts\\ROCKI.TTF', index=0, name='Rockwell', style='italic', variant='normal', weight=400, stretch='normal', size='scalable')) = 11.05
2026-08-06 11:47:27,947 - DEBUG - findfont: score(FontEntry(fname='C:\\Windows\\Fonts\\phagspa.ttf', index=0, name='Microsoft PhagsPa', style='normal', variant='normal', weight=400, stretch='normal', size='scalable')) = 10.05
2026-08-06 11:47:27,947 - DEBUG - findfont: score(FontEntry(fname='C:\\Windows\\Fonts\\mtproxy7.ttf', index=0, name='Proxy 7', style='normal', variant='normal', weight=400, stretch='normal', size='scalable')) = 10.05
2026-08-06 11:47:27,947 - DEBUG - findfont: score(FontEntry(fname='C:\\Windows\\Fonts\\cambriai.ttf', index=0, name='Cambria', style='italic', variant='normal', weight=400, stretch='normal', size='scalable')) = 11.05
2026-08-06 11:47:27,948 - DEBUG - findfont: score(FontEntry(fname='C:\\Windows\\Fonts\\BRADHITC.TTF', index=0, name='Bradley Hand ITC', style='normal', variant='normal', weight=400, stretch='normal', size='scalable')) = 10.05
2026-08-06 11:47:27,948 - DEBUG - findfont: score(FontEntry(fname='C:\\Windows\\Fonts\\Artifakt Element Heavy Italic.ttf', index=0, name='Artifakt Element', style='italic', variant='normal', weight=900, stretch='normal', size='scalable')) = 11.525
2026-08-06 11:47:27,948 - DEBUG - findfont: score(FontEntry(fname='C:\\Windows\\Fonts\\Artifakt Element Heavy Italic.ttf', index=0, name='Artifakt Element Heavy', style='italic', variant='normal', weight=400, stretch='normal', size='scalable')) = 11.05
2026-08-06 11:47:27,948 - DEBUG - findfont: score(FontEntry(fname='C:\\Windows\\Fonts\\segoeuisl.ttf', index=0, name='Segoe UI', style='normal', variant='normal', weight=350, stretch='normal', size='scalable')) = 10.0975
2026-08-06 11:47:27,948 - DEBUG - findfont: score(FontEntry(fname='C:\\Windows\\Fonts\\segoeuisl.ttf', index=0, name='Segoe UI Semilight', style='normal', variant='normal', weight=400, stretch='normal', size='scalable')) = 10.05
2026-08-06 11:47:27,948 - DEBUG - findfont: score(FontEntry(fname='C:\\Windows\\Fonts\\msyi.ttf', index=0, name='Microsoft Yi Baiti', style='normal', variant='normal', weight=400, stretch='normal', size='scalable')) = 10.05
2026-08-06 11:47:27,948 - DEBUG - findfont: score(FontEntry(fname='C:\\Windows\\Fonts\\DUBAI-LIGHT.TTF', index=0, name='Dubai', style='normal', variant='normal', weight=300, stretch='normal', size='scalable')) = 10.145
2026-08-06 11:47:27,948 - DEBUG - findfont: score(FontEntry(fname='C:\\Windows\\Fonts\\DUBAI-LIGHT.TTF', index=0, name='Dubai Light', style='normal', variant='normal', weight=400, stretch='normal', size='scalable')) = 10.05
2026-08-06 11:47:27,948 - DEBUG - findfont: score(FontEntry(fname='C:\\Windows\\Fonts\\Candarali.ttf', index=0, name='Candara', style='italic', variant='normal', weight=400, stretch='normal', size='scalable')) = 11.05
2026-08-06 11:47:27,948 - DEBUG - findfont: score(FontEntry(fname='C:\\Windows\\Fonts\\Candarali.ttf', index=0, name='Candara Light', style='italic', variant='normal', weight=400, stretch='normal', size='scalable')) = 11.05
2026-08-06 11:47:27,948 - DEBUG - findfont: score(FontEntry(fname='C:\\Windows\\Fonts\\arial.ttf', index=0, name='Arial', style='normal', variant='normal', weight=400, stretch='normal', size='scalable')) = 6.413636363636363
2026-08-06 11:47:27,948 - DEBUG - findfont: score(FontEntry(fname='C:\\Windows\\Fonts\\consolab.ttf', index=0, name='Consolas', style='normal', variant='normal', weight=700, stretch='normal', size='scalable')) = 10.335
2026-08-06 11:47:27,948 - DEBUG - findfont: score(FontEntry(fname='C:\\Windows\\Fonts\\BELLI.TTF', index=0, name='Bell MT', style='italic', variant='normal', weight=400, stretch='normal', size='scalable')) = 11.05
2026-08-06 11:47:27,948 - DEBUG - findfont: score(FontEntry(fname='C:\\Windows\\Fonts\\supef___.ttf', index=0, name='SuperFrench', style='normal', variant='normal', weight=400, stretch='normal', size='scalable')) = 10.05
2026-08-06 11:47:27,948 - DEBUG - findfont: score(FontEntry(fname='C:\\Windows\\Fonts\\LiberationSans-Italic.ttf', index=0, name='Liberation Sans', style='italic', variant='normal', weight=400, stretch='normal', size='scalable')) = 11.05
2026-08-06 11:47:27,949 - DEBUG - findfont: score(FontEntry(fname='C:\\Windows\\Fonts\\romab___.ttf', index=0, name='Romantic', style='normal', variant='normal', weight=700, stretch='normal', size='scalable')) = 10.335
2026-08-06 11:47:27,949 - DEBUG - findfont: score(FontEntry(fname='C:\\Windows\\Fonts\\FRADMIT.TTF', index=0, name='Franklin Gothic Demi', style='italic', variant='normal', weight=400, stretch='normal', size='scalable')) = 11.05
2026-08-06 11:47:27,949 - DEBUG - findfont: score(FontEntry(fname='C:\\Windows\\Fonts\\SCHLBKBI.TTF', index=0, name='Century Schoolbook', style='italic', variant='normal', weight=700, stretch='normal', size='scalable')) = 11.335
2026-08-06 11:47:27,949 - DEBUG - findfont: score(FontEntry(fname='C:\\Windows\\Fonts\\PRISTINA.TTF', index=0, name='Pristina', style='normal', variant='normal', weight=400, stretch='normal', size='scalable')) = 10.05
2026-08-06 11:47:27,949 - DEBUG - findfont: score(FontEntry(fname='C:\\Windows\\Fonts\\POORICH.TTF', index=0, name='Poor Richard', style='normal', variant='normal', weight=400, stretch='normal', size='scalable')) = 10.05
2026-08-06 11:47:27,949 - DEBUG - findfont: score(FontEntry(fname='C:\\Windows\\Fonts\\isocpeui.ttf', index=0, name='ISOCPEUR', style='italic', variant='normal', weight=400, stretch='normal', size='scalable')) = 11.05
2026-08-06 11:47:27,949 - DEBUG - findfont: score(FontEntry(fname='C:\\Windows\\Fonts\\PALSCRI.TTF', index=0, name='Palace Script MT', style='normal', variant='normal', weight=400, stretch='normal', size='scalable')) = 10.05
2026-08-06 11:47:27,949 - DEBUG - findfont: score(FontEntry(fname='C:\\Windows\\Fonts\\calibril.ttf', index=0, name='Calibri', style='normal', variant='normal', weight=300, stretch='normal', size='scalable')) = 10.145
2026-08-06 11:47:27,949 - DEBUG - findfont: score(FontEntry(fname='C:\\Windows\\Fonts\\calibril.ttf', index=0, name='Calibri Light', style='normal', variant='normal', weight=400, stretch='normal', size='scalable')) = 10.05
2026-08-06 11:47:27,949 - DEBUG - findfont: score(FontEntry(fname='C:\\Windows\\Fonts\\MTCORSVA.TTF', index=0, name='Monotype Corsiva', style='normal', variant='normal', weight=400, stretch='normal', size='scalable')) = 10.05
2026-08-06 11:47:27,949 - DEBUG - findfont: score(FontEntry(fname='C:\\Windows\\Fonts\\VIVALDII.TTF', index=0, name='Vivaldi', style='italic', variant='normal', weight=400, stretch='normal', size='scalable')) = 11.05
2026-08-06 11:47:27,949 - DEBUG - findfont: score(FontEntry(fname='C:\\Windows\\Fonts\\comsc.ttf', index=0, name='CommercialScript BT', style='normal', variant='normal', weight=400, stretch='normal', size='scalable')) = 10.05
2026-08-06 11:47:27,949 - DEBUG - findfont: score(FontEntry(fname='C:\\Windows\\Fonts\\comsc.ttf', index=0, name='CommercialScript', style='normal', variant='normal', weight=400, stretch='normal', size='scalable')) = 10.05
2026-08-06 11:47:27,949 - DEBUG - findfont: score(FontEntry(fname='C:\\Windows\\Fonts\\LiberationSans-BoldItalic.ttf', index=0, name='Liberation Sans', style='italic', variant='normal', weight=700, stretch='normal', size='scalable')) = 11.335
2026-08-06 11:47:27,950 - DEBUG - findfont: score(FontEntry(fname='C:\\Windows\\Fonts\\GILC____.TTF', index=0, name='Gill Sans MT Condensed', style='normal', variant='normal', weight=400, stretch='condensed', size='scalable')) = 10.25
2026-08-06 11:47:27,950 - DEBUG - findfont: score(FontEntry(fname='C:\\Windows\\Fonts\\BOD_PSTC.TTF', index=0, name='Bodoni MT', style='normal', variant='normal', weight=300, stretch='normal', size='scalable')) = 10.145
2026-08-06 11:47:27,950 - DEBUG - findfont: score(FontEntry(fname='C:\\Windows\\Fonts\\BOD_PSTC.TTF', index=0, name='Bodoni MT Poster Compressed', style='normal', variant='normal', weight=400, stretch='normal', size='scalable')) = 10.05
2026-08-06 11:47:27,950 - DEBUG - findfont: score(FontEntry(fname='C:\\Windows\\Fonts\\seguisb.ttf', index=0, name='Segoe UI', style='normal', variant='normal', weight=600, stretch='normal', size='scalable')) = 10.24
2026-08-06 11:47:27,950 - DEBUG - findfont: score(FontEntry(fname='C:\\Windows\\Fonts\\seguisb.ttf', index=0, name='Segoe UI Semibold', style='normal', variant='normal', weight=400, stretch='normal', size='scalable')) = 10.05
2026-08-06 11:47:27,950 - DEBUG - findfont: score(FontEntry(fname='C:\\Windows\\Fonts\\segoescb.ttf', index=0, name='Segoe Script', style='normal', variant='normal', weight=700, stretch='normal', size='scalable')) = 10.335
2026-08-06 11:47:27,950 - DEBUG - findfont: score(FontEntry(fname='C:\\Windows\\Fonts\\ebrima.ttf', index=0, name='Ebrima', style='normal', variant='normal', weight=400, stretch='normal', size='scalable')) = 10.05
2026-08-06 11:47:27,950 - DEBUG - findfont: score(FontEntry(fname='C:\\Windows\\Fonts\\GIGI.TTF', index=0, name='Gigi', style='normal', variant='normal', weight=400, stretch='normal', size='scalable')) = 10.05
2026-08-06 11:47:27,950 - DEBUG - findfont: score(FontEntry(fname='C:\\Windows\\Fonts\\BOD_CB.TTF', index=0, name='Bodoni MT', style='normal', variant='normal', weight=700, stretch='condensed', size='scalable')) = 10.535
2026-08-06 11:47:27,950 - DEBUG - findfont: score(FontEntry(fname='C:\\Windows\\Fonts\\BOD_CB.TTF', index=0, name='Bodoni MT Condensed', style='normal', variant='normal', weight=700, stretch='condensed', size='scalable')) = 10.535
2026-08-06 11:47:27,951 - DEBUG - findfont: score(FontEntry(fname='C:\\Windows\\Fonts\\gadugib.ttf', index=0, name='Gadugi', style='normal', variant='normal', weight=700, stretch='normal', size='scalable')) = 10.335
2026-08-06 11:47:27,951 - DEBUG - findfont: score(FontEntry(fname='C:\\Windows\\Fonts\\ROCKEB.TTF', index=0, name='Rockwell Extra Bold', style='normal', variant='normal', weight=800, stretch='normal', size='scalable')) = 10.43
2026-08-06 11:47:27,951 - DEBUG - findfont: score(FontEntry(fname='C:\\Windows\\Fonts\\FREESCPT.TTF', index=0, name='Freestyle Script', style='normal', variant='normal', weight=400, stretch='normal', size='scalable')) = 10.05
2026-08-06 11:47:27,951 - DEBUG - findfont: score(FontEntry(fname='C:\\Windows\\Fonts\\LTYPEO.TTF', index=0, name='Lucida Sans Typewriter', style='oblique', variant='normal', weight=400, stretch='normal', size='scalable')) = 11.05
2026-08-06 11:47:27,951 - DEBUG - findfont: score(FontEntry(fname='C:\\Windows\\Fonts\\taileb.ttf', index=0, name='Microsoft Tai Le', style='normal', variant='normal', weight=700, stretch='normal', size='scalable')) = 10.335
2026-08-06 11:47:27,951 - DEBUG - findfont: score(FontEntry(fname='C:\\Windows\\Fonts\\cityb___.ttf', index=0, name='CityBlueprint', style='normal', variant='normal', weight=400, stretch='normal', size='scalable')) = 10.05
2026-08-06 11:47:27,951 - DEBUG - findfont: score(FontEntry(fname='C:\\Windows\\Fonts\\consolaz.ttf', index=0, name='Consolas', style='italic', variant='normal', weight=700, stretch='normal', size='scalable')) = 11.335
2026-08-06 11:47:27,951 - DEBUG - findfont: score(FontEntry(fname='C:\\Windows\\Fonts\\GIL_____.TTF', index=0, name='Gill Sans MT', style='normal', variant='normal', weight=400, stretch='normal', size='scalable')) = 10.05
2026-08-06 11:47:27,951 - DEBUG - findfont: score(FontEntry(fname='C:\\Windows\\Fonts\\trebucbi.ttf', index=0, name='Trebuchet MS', style='italic', variant='normal', weight=700, stretch='normal', size='scalable')) = 11.335
2026-08-06 11:47:27,951 - DEBUG - findfont: score(FontEntry(fname='C:\\Windows\\Fonts\\LFAXD.TTF', index=0, name='Lucida Fax', style='normal', variant='normal', weight=600, stretch='normal', size='scalable')) = 10.24
2026-08-06 11:47:27,951 - DEBUG - findfont: score(FontEntry(fname='C:\\Windows\\Fonts\\DUBAI-MEDIUM.TTF', index=0, name='Dubai', style='normal', variant='normal', weight=500, stretch='normal', size='scalable')) = 10.145
2026-08-06 11:47:27,951 - DEBUG - findfont: score(FontEntry(fname='C:\\Windows\\Fonts\\DUBAI-MEDIUM.TTF', index=0, name='Dubai Medium', style='normal', variant='normal', weight=400, stretch='normal', size='scalable')) = 10.05
2026-08-06 11:47:27,952 - DEBUG - findfont: score(FontEntry(fname='C:\\Windows\\Fonts\\BOD_CI.TTF', index=0, name='Bodoni MT', style='italic', variant='normal', weight=400, stretch='condensed', size='scalable')) = 11.25
2026-08-06 11:47:27,952 - DEBUG - findfont: score(FontEntry(fname='C:\\Windows\\Fonts\\BOD_CI.TTF', index=0, name='Bodoni MT Condensed', style='italic', variant='normal', weight=400, stretch='condensed', size='scalable')) = 11.25
2026-08-06 11:47:27,952 - DEBUG - findfont: score(FontEntry(fname='C:\\Windows\\Fonts\\tahoma.ttf', index=0, name='Tahoma', style='normal', variant='normal', weight=400, stretch='normal', size='scalable')) = 10.05
2026-08-06 11:47:27,952 - DEBUG - findfont: score(FontEntry(fname='C:\\Windows\\Fonts\\CALIFR.TTF', index=0, name='Californian FB', style='normal', variant='normal', weight=400, stretch='normal', size='scalable')) = 10.05
2026-08-06 11:47:27,952 - DEBUG - findfont: score(FontEntry(fname='C:\\Windows\\Fonts\\Gabriola.ttf', index=0, name='Gabriola', style='normal', variant='normal', weight=400, stretch='normal', size='scalable')) = 10.05
2026-08-06 11:47:27,952 - DEBUG - findfont: score(FontEntry(fname='C:\\Windows\\Fonts\\BOD_I.TTF', index=0, name='Bodoni MT', style='italic', variant='normal', weight=400, stretch='normal', size='scalable')) = 11.05
2026-08-06 11:47:27,952 - DEBUG - findfont: score(FontEntry(fname='C:\\Windows\\Fonts\\corbell.ttf', index=0, name='Corbel', style='normal', variant='normal', weight=300, stretch='normal', size='scalable')) = 10.145
2026-08-06 11:47:27,952 - DEBUG - findfont: score(FontEntry(fname='C:\\Windows\\Fonts\\corbell.ttf', index=0, name='Corbel Light', style='normal', variant='normal', weight=400, stretch='normal', size='scalable')) = 10.05
2026-08-06 11:47:27,952 - DEBUG - findfont: score(FontEntry(fname='C:\\Windows\\Fonts\\segoeprb.ttf', index=0, name='Segoe Print', style='normal', variant='normal', weight=700, stretch='normal', size='scalable')) = 10.335
2026-08-06 11:47:27,952 - DEBUG - findfont: score(FontEntry(fname='C:\\Windows\\Fonts\\ITCEDSCR.TTF', index=0, name='Edwardian Script ITC', style='normal', variant='normal', weight=400, stretch='normal', size='scalable')) = 10.05
2026-08-06 11:47:27,952 - DEBUG - findfont: score(FontEntry(fname='C:\\Windows\\Fonts\\Artifakt Element Medium Italic.ttf', index=0, name='Artifakt Element', style='italic', variant='normal', weight=600, stretch='normal', size='scalable')) = 11.24
2026-08-06 11:47:27,952 - DEBUG - findfont: score(FontEntry(fname='C:\\Windows\\Fonts\\Artifakt Element Medium Italic.ttf', index=0, name='Artifakt Element Medium', style='italic', variant='normal', weight=400, stretch='normal', size='scalable')) = 11.05
2026-08-06 11:47:27,952 - DEBUG - findfont: score(FontEntry(fname='C:\\Windows\\Fonts\\FORTE.TTF', index=0, name='Forte', style='normal', variant='normal', weight=400, stretch='normal', size='scalable')) = 10.05
2026-08-06 11:47:27,952 - DEBUG - findfont: score(FontEntry(fname='C:\\Windows\\Fonts\\FRABK.TTF', index=0, name='Franklin Gothic Book', style='normal', variant='normal', weight=400, stretch='normal', size='scalable')) = 10.05
2026-08-06 11:47:27,952 - DEBUG - findfont: score(FontEntry(fname='C:\\Windows\\Fonts\\FRADMCN.TTF', index=0, name='Franklin Gothic Demi Cond', style='normal', variant='normal', weight=400, stretch='condensed', size='scalable')) = 10.25
2026-08-06 11:47:27,952 - DEBUG - findfont: score(FontEntry(fname='C:\\Windows\\Fonts\\courbd.ttf', index=0, name='Courier New', style='normal', variant='normal', weight=700, stretch='normal', size='scalable')) = 10.335
2026-08-06 11:47:27,952 - DEBUG - findfont: score(FontEntry(fname='C:\\Windows\\Fonts\\HTOWERTI.TTF', index=0, name='High Tower Text', style='italic', variant='normal', weight=400, stretch='normal', size='scalable')) = 11.05
2026-08-06 11:47:27,952 - DEBUG - findfont: score(FontEntry(fname='C:\\Windows\\Fonts\\monosi.ttf', index=0, name='Monospac821 BT', style='italic', variant='normal', weight=400, stretch='normal', size='scalable')) = 11.05
2026-08-06 11:47:27,952 - DEBUG - findfont: score(FontEntry(fname='C:\\Windows\\Fonts\\gadugi.ttf', index=0, name='Gadugi', style='normal', variant='normal', weight=400, stretch='normal', size='scalable')) = 10.05
2026-08-06 11:47:27,953 - DEBUG - findfont: score(FontEntry(fname='C:\\Windows\\Fonts\\BERNHC.TTF', index=0, name='Bernard MT Condensed', style='normal', variant='normal', weight=400, stretch='condensed', size='scalable')) = 10.25
2026-08-06 11:47:27,953 - DEBUG - findfont: score(FontEntry(fname='C:\\Windows\\Fonts\\RAVIE.TTF', index=0, name='Ravie', style='normal', variant='normal', weight=400, stretch='normal', size='scalable')) = 10.05
2026-08-06 11:47:27,953 - DEBUG - findfont: score(FontEntry(fname='C:\\Windows\\Fonts\\constanb.ttf', index=0, name='Constantia', style='normal', variant='normal', weight=700, stretch='normal', size='scalable')) = 10.335
2026-08-06 11:47:27,953 - DEBUG - findfont: score(FontEntry(fname='C:\\Windows\\Fonts\\Artifakt Element Light Italic.ttf', index=0, name='Artifakt Element', style='italic', variant='normal', weight=300, stretch='normal', size='scalable')) = 11.145
2026-08-06 11:47:27,953 - DEBUG - findfont: score(FontEntry(fname='C:\\Windows\\Fonts\\Artifakt Element Light Italic.ttf', index=0, name='Artifakt Element Light', style='italic', variant='normal', weight=400, stretch='normal', size='scalable')) = 11.05
2026-08-06 11:47:27,953 - DEBUG - findfont: score(FontEntry(fname='C:\\Windows\\Fonts\\lucon.ttf', index=0, name='Lucida Console', style='normal', variant='normal', weight=400, stretch='normal', size='scalable')) = 10.05
2026-08-06 11:47:27,953 - DEBUG - findfont: score(FontEntry(fname='C:\\Windows\\Fonts\\FRSCRIPT.TTF', index=0, name='French Script MT', style='normal', variant='normal', weight=400, stretch='normal', size='scalable')) = 10.05
2026-08-06 11:47:27,953 - DEBUG - findfont: score(FontEntry(fname='C:\\Windows\\Fonts\\BELL.TTF', index=0, name='Bell MT', style='normal', variant='normal', weight=400, stretch='normal', size='scalable')) = 10.05
2026-08-06 11:47:27,953 - DEBUG - findfont: score(FontEntry(fname='C:\\Windows\\Fonts\\NIAGENG.TTF', index=0, name='Niagara Engraved', style='normal', variant='normal', weight=400, stretch='normal', size='scalable')) = 10.05
2026-08-06 11:47:27,953 - DEBUG - findfont: score(FontEntry(fname='C:\\Windows\\Fonts\\GILLUBCD.TTF', index=0, name='Gill Sans Ultra Bold Condensed', style='normal', variant='normal', weight=400, stretch='condensed', size='scalable')) = 10.25
2026-08-06 11:47:27,953 - DEBUG - findfont: score(FontEntry(fname='C:\\Windows\\Fonts\\OLDENGL.TTF', index=0, name='Old English Text MT', style='normal', variant='normal', weight=400, stretch='normal', size='scalable')) = 10.05
2026-08-06 11:47:27,953 - DEBUG - findfont: score(FontEntry(fname='C:\\Windows\\Fonts\\JOKERMAN.TTF', index=0, name='Jokerman', style='normal', variant='normal', weight=400, stretch='normal', size='scalable')) = 10.05
2026-08-06 11:47:27,953 - DEBUG - findfont: score(FontEntry(fname='C:\\Windows\\Fonts\\georgiai.ttf', index=0, name='Georgia', style='italic', variant='normal', weight=400, stretch='normal', size='scalable')) = 11.05
2026-08-06 11:47:27,953 - DEBUG - findfont: score(FontEntry(fname='C:\\Windows\\Fonts\\PERB____.TTF', index=0, name='Perpetua', style='normal', variant='normal', weight=700, stretch='normal', size='scalable')) = 10.335
2026-08-06 11:47:27,953 - DEBUG - findfont: score(FontEntry(fname='C:\\Windows\\Fonts\\LSANSDI.TTF', index=0, name='Lucida Sans', style='italic', variant='normal', weight=600, stretch='normal', size='scalable')) = 11.24
2026-08-06 11:47:27,953 - DEBUG - findfont: score(FontEntry(fname='C:\\Windows\\Fonts\\FRAHV.TTF', index=0, name='Franklin Gothic Heavy', style='normal', variant='normal', weight=400, stretch='normal', size='scalable')) = 10.05
2026-08-06 11:47:27,953 - DEBUG - findfont: score(FontEntry(fname='C:\\Windows\\Fonts\\LeelawUI.ttf', index=0, name='Leelawadee UI', style='normal', variant='normal', weight=400, stretch='normal', size='scalable')) = 10.05
2026-08-06 11:47:27,953 - DEBUG - findfont: score(FontEntry(fname='C:\\Windows\\Fonts\\SitkaVF-Italic.ttf', index=0, name='Sitka', style='italic', variant='normal', weight=400, stretch='normal', size='scalable')) = 11.05
2026-08-06 11:47:27,953 - DEBUG - findfont: score(FontEntry(fname='C:\\Windows\\Fonts\\SitkaVF-Italic.ttf', index=0, name='Sitka Text', style='italic', variant='normal', weight=400, stretch='normal', size='scalable')) = 11.05
2026-08-06 11:47:27,953 - DEBUG - findfont: score(FontEntry(fname='C:\\Windows\\Fonts\\PERTILI.TTF', index=0, name='Perpetua Titling MT', style='normal', variant='normal', weight=300, stretch='normal', size='scalable')) = 10.145
2026-08-06 11:47:27,953 - DEBUG - findfont: score(FontEntry(fname='C:\\Windows\\Fonts\\msjh.ttc', index=0, name='Microsoft JhengHei', style='normal', variant='normal', weight=400, stretch='normal', size='scalable')) = 10.05
2026-08-06 11:47:27,954 - DEBUG - findfont: score(FontEntry(fname='C:\\Windows\\Fonts\\msjh.ttc', index=1, name='Microsoft JhengHei UI', style='normal', variant='normal', weight=400, stretch='normal', size='scalable')) = 10.05
2026-08-06 11:47:27,954 - DEBUG - findfont: score(FontEntry(fname='C:\\Windows\\Fonts\\isocp2__.ttf', index=0, name='ISOCP2', style='normal', variant='normal', weight=400, stretch='normal', size='scalable')) = 10.05
2026-08-06 11:47:27,954 - DEBUG - findfont: score(FontEntry(fname='C:\\Windows\\Fonts\\swisseb.ttf', index=0, name='Swis721 Ex BT', style='normal', variant='normal', weight=700, stretch='expanded', size='scalable')) = 10.535
2026-08-06 11:47:27,954 - DEBUG - findfont: score(FontEntry(fname='C:\\Windows\\Fonts\\NIAGSOL.TTF', index=0, name='Niagara Solid', style='normal', variant='normal', weight=400, stretch='normal', size='scalable')) = 10.05
2026-08-06 11:47:27,954 - DEBUG - findfont: score(FontEntry(fname='C:\\Windows\\Fonts\\Artifakt Element Medium.ttf', index=0, name='Artifakt Element', style='normal', variant='normal', weight=600, stretch='normal', size='scalable')) = 10.24
2026-08-06 11:47:27,954 - DEBUG - findfont: score(FontEntry(fname='C:\\Windows\\Fonts\\Artifakt Element Medium.ttf', index=0, name='Artifakt Element Medium', style='normal', variant='normal', weight=400, stretch='normal', size='scalable')) = 10.05
2026-08-06 11:47:27,954 - DEBUG - findfont: score(FontEntry(fname='C:\\Windows\\Fonts\\l_10646.ttf', index=0, name='Lucida Sans Unicode', style='normal', variant='normal', weight=400, stretch='normal', size='scalable')) = 10.05
2026-08-06 11:47:27,954 - DEBUG - findfont: score(FontEntry(fname='C:\\Windows\\Fonts\\IMPRISHA.TTF', index=0, name='Imprint MT Shadow', style='normal', variant='normal', weight=400, stretch='normal', size='scalable')) = 10.05
2026-08-06 11:47:27,954 - DEBUG - findfont: score(FontEntry(fname='C:\\Windows\\Fonts\\segoeuii.ttf', index=0, name='Segoe UI', style='italic', variant='normal', weight=400, stretch='normal', size='scalable')) = 11.05
2026-08-06 11:47:27,954 - DEBUG - findfont: score(FontEntry(fname='C:\\Windows\\Fonts\\georgiab.ttf', index=0, name='Georgia', style='normal', variant='normal', weight=700, stretch='normal', size='scalable')) = 10.335
2026-08-06 11:47:27,954 - DEBUG - findfont: score(FontEntry(fname='C:\\Windows\\Fonts\\COPRGTB.TTF', index=0, name='Copperplate Gothic Bold', style='normal', variant='normal', weight=400, stretch='normal', size='scalable')) = 10.05
2026-08-06 11:47:27,954 - DEBUG - findfont: score(FontEntry(fname='C:\\Windows\\Fonts\\corbeli.ttf', index=0, name='Corbel', style='italic', variant='normal', weight=400, stretch='normal', size='scalable')) = 11.05
2026-08-06 11:47:27,954 - DEBUG - findfont: score(FontEntry(fname='C:\\Windows\\Fonts\\panroman.ttf', index=0, name='PanRoman', style='normal', variant='normal', weight=400, stretch='normal', size='scalable')) = 10.05
2026-08-06 11:47:27,954 - DEBUG - findfont: score(FontEntry(fname='C:\\Windows\\Fonts\\Artifakt Element Bold Italic.ttf', index=0, name='Artifakt Element', style='italic', variant='normal', weight=700, stretch='normal', size='scalable')) = 11.335
2026-08-06 11:47:27,954 - DEBUG - findfont: score(FontEntry(fname='C:\\Windows\\Fonts\\BOOKOSI.TTF', index=0, name='Bookman Old Style', style='italic', variant='normal', weight=300, stretch='normal', size='scalable')) = 11.145
2026-08-06 11:47:27,954 - DEBUG - findfont: score(FontEntry(fname='C:\\Windows\\Fonts\\CENSCBK.TTF', index=0, name='Century Schoolbook', style='normal', variant='normal', weight=400, stretch='normal', size='scalable')) = 10.05
2026-08-06 11:47:27,954 - DEBUG - findfont: score(FontEntry(fname='C:\\Windows\\Fonts\\TCB_____.TTF', index=0, name='Tw Cen MT', style='normal', variant='normal', weight=700, stretch='normal', size='scalable')) = 10.335
2026-08-06 11:47:27,954 - DEBUG - findfont: score(FontEntry(fname='C:\\Windows\\Fonts\\bgothm.ttf', index=0, name='BankGothic Md BT', style='normal', variant='normal', weight=400, stretch='normal', size='scalable')) = 10.05
2026-08-06 11:47:27,954 - DEBUG - findfont: score(FontEntry(fname='C:\\Windows\\Fonts\\BRITANIC.TTF', index=0, name='Britannic Bold', style='normal', variant='normal', weight=400, stretch='normal', size='scalable')) = 10.05
2026-08-06 11:47:27,955 - DEBUG - findfont: score(FontEntry(fname='C:\\Windows\\Fonts\\timesbd.ttf', index=0, name='Times New Roman', style='normal', variant='normal', weight=700, stretch='normal', size='scalable')) = 10.335
2026-08-06 11:47:27,955 - DEBUG - findfont: score(FontEntry(fname='C:\\Windows\\Fonts\\swissel.ttf', index=0, name='Swis721 LtEx BT', style='normal', variant='normal', weight=400, stretch='expanded', size='scalable')) = 10.25
2026-08-06 11:47:27,955 - DEBUG - findfont: score(FontEntry(fname='C:\\Windows\\Fonts\\LBRITEDI.TTF', index=0, name='Lucida Bright', style='italic', variant='normal', weight=600, stretch='normal', size='scalable')) = 11.24
2026-08-06 11:47:27,955 - DEBUG - findfont: score(FontEntry(fname='C:\\Windows\\Fonts\\scripts_.ttf', index=0, name='ScriptS', style='normal', variant='normal', weight=400, stretch='normal', size='scalable')) = 10.05
2026-08-06 11:47:27,955 - DEBUG - findfont: score(FontEntry(fname='C:\\Windows\\Fonts\\SCHLBKB.TTF', index=0, name='Century Schoolbook', style='normal', variant='normal', weight=700, stretch='normal', size='scalable')) = 10.335
2026-08-06 11:47:27,955 - DEBUG - findfont: score(FontEntry(fname='C:\\Windows\\Fonts\\CASTELAR.TTF', index=0, name='Castellar', style='normal', variant='normal', weight=400, stretch='normal', size='scalable')) = 10.05
2026-08-06 11:47:27,955 - DEBUG - findfont: score(FontEntry(fname='C:\\Windows\\Fonts\\calibrili.ttf', index=0, name='Calibri', style='italic', variant='normal', weight=300, stretch='normal', size='scalable')) = 11.145
2026-08-06 11:47:27,955 - DEBUG - findfont: score(FontEntry(fname='C:\\Windows\\Fonts\\calibrili.ttf', index=0, name='Calibri Light', style='italic', variant='normal', weight=400, stretch='normal', size='scalable')) = 11.05
2026-08-06 11:47:27,955 - DEBUG - findfont: Matching sans\-serif:style=normal:variant=normal:weight=normal:stretch=normal:size=8.33 to DejaVu Sans ('D:\\Projects\\TreeAIBox\\.venv\\Lib\\site-packages\\matplotlib\\mpl-data\\fonts\\ttf\\DejaVuSans.ttf') with score of 0.050000.
